Station,State,District,Tehsil,Block,River,Basin,Latitude,Longitude,Acquisition_Time,River_Discharge_m3sec
Betawada,Gujarat,KHEDA,KAPADVANJ,-,-,Sabarmati,23.08555556,73.05555556,1970-03-21 00:00:00,0.0
Bhempoda,Gujarat,ARAVALLI,Malpur,-,Sabarmati,Sabarmati,23.31888889,73.40555556,1970-04-28 14:00:00,0.0
Bhempoda,Gujarat,ARAVALLI,Malpur,-,Sabarmati,Sabarmati,23.31888889,73.40555556,1970-10-08 13:00:00,0.0
Bilodra,Gujarat,KHEDA,NADIAD,-,-,Sabarmati,22.73666667,72.87777778,1970-01-17 00:00:00,0.0
Bilodra,Gujarat,KHEDA,NADIAD,-,-,Sabarmati,22.73666667,72.87777778,1973-09-07 11:00:00,0.0
Dabha,Gujarat,ARAVALLI,Bayad,-,Sabarmati,Sabarmati,23.215,73.09916667,1970-10-08 13:00:00,0.0
Dabha,Gujarat,ARAVALLI,Bayad,-,Sabarmati,Sabarmati,23.215,73.09916667,1972-03-04 21:00:00,0.0
Dabha,Gujarat,ARAVALLI,Bayad,-,Sabarmati,Sabarmati,23.215,73.09916667,1982-03-12 11:00:00,0.0
Dakor,Gujarat,KHEDA,THASRA,-,-,Sabarmati,22.74777778,73.15027778,1970-11-09 00:00:00,0.0
Dharoi,Gujarat,MAHESANA,KHERALU,-,Sabarmati,Sabarmati,24.00444444,72.85388889,1970-10-03 15:00:00,0.0
Dharoi,Gujarat,MAHESANA,KHERALU,-,Sabarmati,Sabarmati,24.00444444,72.85388889,1970-10-09 17:00:00,0.0
Ganapipali,Gujarat,BANASKANTHA,DANTA,-,-,Sabarmati,24.29361111,72.94555556,1970-10-31 08:00:00,0.0
Ganapipali,Gujarat,BANASKANTHA,DANTA,-,-,Sabarmati,24.29361111,72.94555556,1970-11-29 00:00:00,0.0
Goma,Gujarat,BOTAD,Botad,-,Sabarmati,Sabarmati,22.23472222,71.51305556,1970-10-08 20:00:00,0.0
Hathmati   Bhiloda,Gujarat,ARAVALLI,Bhiloda,-,Sabarmati,Sabarmati,23.76416667,73.25611111,1970-10-05 00:00:00,0.0
Khandiol (Guhai) dam,Gujarat,SABARKANTHA,IDAR,-,Sabarmati,Sabarmati,23.69972222,73.05166667,1973-07-09 16:00:00,0.0
Khari   Magodi,Gujarat,GANDHINAGAR,GANDHINAGAR,-,-,Sabarmati,23.20194444,72.77527778,1971-02-18 16:00:00,0.0
Khari   Magodi,Gujarat,GANDHINAGAR,GANDHINAGAR,-,-,Sabarmati,23.20194444,72.77527778,1972-07-05 06:00:00,0.0
L.Bhogavo_Limbdi,Gujarat,SURENDRANAGAR,LIMBDI,-,-,Sabarmati,22.56611111,71.81,1970-08-08 00:00:00,0.0
Limdi Bhogavo dam,Gujarat,SURENDRANAGAR,SAYLA,-,-,Sabarmati,22.47944444,71.45055556,1970-01-12 00:00:00,0.0
Limdi Bhogavo dam,Gujarat,SURENDRANAGAR,SAYLA,-,-,Sabarmati,22.47944444,71.45055556,1970-09-02 04:00:00,0.0
Limdi Bhogavo-II,Gujarat,SURENDRANAGAR,WADHWAN,-,Sabarmati,Sabarmati,22.555,71.66361111,1970-04-12 10:00:00,0.0
Mahemdabad,Gujarat,KHEDA,MEHMEDABAD,-,-,Sabarmati,22.83527778,72.76444444,1970-02-01 19:00:00,0.0
Mahemdabad,Gujarat,KHEDA,MEHMEDABAD,-,-,Sabarmati,22.83527778,72.76444444,1970-09-07 08:00:00,0.0
Mahemdabad,Gujarat,KHEDA,MEHMEDABAD,-,-,Sabarmati,22.83527778,72.76444444,1970-09-24 00:00:00,0.0
Mahemdabad,Gujarat,KHEDA,MEHMEDABAD,-,-,Sabarmati,22.83527778,72.76444444,1970-10-07 20:00:00,0.0
Meshwo_Kabola,Gujarat,ARAVALLI,Modasa,-,Sabarmati,Sabarmati,23.52638889,73.21638889,1970-01-01 09:00:00,0.0
Meshwo_Kabola,Gujarat,ARAVALLI,Modasa,-,Sabarmati,Sabarmati,23.52638889,73.21638889,1970-01-09 15:00:00,0.0
Meshwo_Kabola,Gujarat,ARAVALLI,Modasa,-,Sabarmati,Sabarmati,23.52638889,73.21638889,1970-04-08 00:56:00,0.0
Meshwo_Kabola,Gujarat,ARAVALLI,Modasa,-,Sabarmati,Sabarmati,23.52638889,73.21638889,1970-05-14 00:00:00,0.0
Minamuvada,Gujarat,GANDHINAGAR,DEHGAM,-,-,Sabarmati,23.18055556,72.92166667,1970-08-18 09:00:00,0.0
Minamuvada,Gujarat,GANDHINAGAR,DEHGAM,-,-,Sabarmati,23.18055556,72.92166667,1970-10-09 00:00:00,0.0
Minamuvada,Gujarat,GANDHINAGAR,DEHGAM,-,-,Sabarmati,23.18055556,72.92166667,1970-10-09 12:00:00,0.0
Nani Jher,Gujarat,KHEDA,KAPADVANJ,-,-,Sabarmati,23.16722222,73.12583333,1970-01-04 18:00:00,0.0
Nani Jher,Gujarat,KHEDA,KAPADVANJ,-,-,Sabarmati,23.16722222,73.12583333,1970-10-09 01:00:00,0.0
Nayka,Gujarat,SURENDRANAGAR,MULI,-,Sabarmati,Sabarmati,22.675,71.47361111,1978-12-11 16:00:00,0.0
Rellawada,Gujarat,ARAVALLI,Meghraj,-,-,Sabarmati,23.61861111,73.46916667,1970-01-01 01:00:00,0.0
Rellawada,Gujarat,ARAVALLI,Meghraj,-,-,Sabarmati,23.61861111,73.46916667,1970-01-13 19:00:00,0.0
Sabarmati_Gandhinagar,Gujarat,GANDHINAGAR,GANDHINAGAR,-,-,Sabarmati,23.245,72.68444444,1970-04-08 16:00:00,0.0
Sabarmati_Gandhinagar,Gujarat,GANDHINAGAR,GANDHINAGAR,-,-,Sabarmati,23.245,72.68444444,1970-11-13 02:00:00,0.0
Sabarmati_Gandhinagar,Gujarat,GANDHINAGAR,GANDHINAGAR,-,-,Sabarmati,23.245,72.68444444,1970-11-17 05:00:00,0.0
Sabarmati_Gandhinagar,Gujarat,GANDHINAGAR,GANDHINAGAR,-,-,Sabarmati,23.245,72.68444444,1976-01-10 17:00:00,0.0
Vanaj dam,Gujarat,SABARKANTHA,VIJAYNAGAR,-,Sabarmati,Sabarmati,23.985,73.29916667,1970-10-06 10:00:00,0.0
Vanaj dam,Gujarat,SABARKANTHA,VIJAYNAGAR,-,Sabarmati,Sabarmati,23.985,73.29916667,1974-01-21 13:00:00,0.0
Vanaj dam,Gujarat,SABARKANTHA,VIJAYNAGAR,-,Sabarmati,Sabarmati,23.985,73.29916667,1976-04-11 20:00:00,0.0
Volvo,Gujarat,ARAVALLI,Modasa,-,Sabarmati,Sabarmati,23.48305556,73.35472222,1970-01-24 07:00:00,0.0
