SlNo,Station,Agency,State LGD Code,State,District LGD Code,District,Tehsil,Block,Village,River,Basin,Tributary,Subtributary,SubSubtributary,Local River,Latitude,Longitude,Data Acquisition Time,Biochemical Oxygen Demand (mg/L),Chemical Oxygen Demand (mg/L),Fecal Coliform (MPN/100mL),Total Coliform (MPN/100mL)
1,Chilla Gaon/ Hindon Cut,CWC,7,Delhi,78,EAST,-,-,-,Ganga,Ganga,Yamuna,Hindon,-,Hindon,38.58805556,77.29808889,2023-02-01 08:30:00,28.58,,,
2,Chilla Gaon/ Hindon Cut,CWC,7,Delhi,78,EAST,-,-,-,Ganga,Ganga,Yamuna,Hindon,-,Hindon,38.58805556,77.29808889,2023-11-01 08:30:00,26.82,,,
3,Chilla Gaon/ Hindon Cut,CWC,7,Delhi,78,EAST,-,-,-,Ganga,Ganga,Yamuna,Hindon,-,Hindon,38.58805556,77.29808889,2023-01-21 08:30:00,35.74,,,
4,Chilla Gaon/ Hindon Cut,CWC,7,Delhi,78,EAST,-,-,-,Ganga,Ganga,Yamuna,Hindon,-,Hindon,38.58805556,77.29808889,2023-01-02 08:30:00,19.91,,,
5,Chilla Gaon/ Hindon Cut,CWC,7,Delhi,78,EAST,-,-,-,Ganga,Ganga,Yamuna,Hindon,-,Hindon,38.58805556,77.29808889,2023-02-13 08:30:00,29.59,,,
6,Chilla Gaon/ Hindon Cut,CWC,7,Delhi,78,EAST,-,-,-,Ganga,Ganga,Yamuna,Hindon,-,Hindon,38.58805556,77.29808889,2023-02-21 08:30:00,22.43,,,
7,Chilla Gaon/ Hindon Cut,CWC,7,Delhi,78,EAST,-,-,-,Ganga,Ganga,Yamuna,Hindon,-,Hindon,38.58805556,77.29808889,2023-01-03 08:30:00,23.63,,,
8,Chilla Gaon/ Hindon Cut,CWC,7,Delhi,78,EAST,-,-,-,Ganga,Ganga,Yamuna,Hindon,-,Hindon,38.58805556,77.29808889,2023-03-13 08:30:00,34.27,,,
9,Chilla Gaon/ Hindon Cut,CWC,7,Delhi,78,EAST,-,-,-,Ganga,Ganga,Yamuna,Hindon,-,Hindon,38.58805556,77.29808889,2023-03-21 08:30:00,28.02,,,
10,Chilla Gaon/ Hindon Cut,CWC,7,Delhi,78,EAST,-,-,-,Ganga,Ganga,Yamuna,Hindon,-,Hindon,38.58805556,77.29808889,2023-01-04 08:30:00,32.12,,,
11,Chilla Gaon/ Hindon Cut,CWC,7,Delhi,78,EAST,-,-,-,Ganga,Ganga,Yamuna,Hindon,-,Hindon,38.58805556,77.29808889,2023-11-04 08:30:00,24.81,,,
12,Chilla Gaon/ Hindon Cut,CWC,7,Delhi,78,EAST,-,-,-,Ganga,Ganga,Yamuna,Hindon,-,Hindon,38.58805556,77.29808889,2023-04-21 08:30:00,38.33,,,
13,Chilla Gaon/ Hindon Cut,CWC,7,Delhi,78,EAST,-,-,-,Ganga,Ganga,Yamuna,Hindon,-,Hindon,38.58805556,77.29808889,2023-01-05 13:47:00,26.1,,,
14,Chilla Gaon/ Hindon Cut,CWC,7,Delhi,78,EAST,-,-,-,Ganga,Ganga,Yamuna,Hindon,-,Hindon,38.58805556,77.29808889,2023-11-05 14:09:00,25.88,,,
15,Chilla Gaon/ Hindon Cut,CWC,7,Delhi,78,EAST,-,-,-,Ganga,Ganga,Yamuna,Hindon,-,Hindon,38.58805556,77.29808889,2023-05-22 14:20:00,28.93,,,
16,Chilla Gaon/ Hindon Cut,CWC,7,Delhi,78,EAST,-,-,-,Ganga,Ganga,Yamuna,Hindon,-,Hindon,38.58805556,77.29808889,2023-01-06 10:15:00,28.59,,,
17,Chilla Gaon/ Hindon Cut,CWC,7,Delhi,78,EAST,-,-,-,Ganga,Ganga,Yamuna,Hindon,-,Hindon,38.58805556,77.29808889,2023-12-06 09:48:00,22.83,,,
18,Chilla Gaon/ Hindon Cut,CWC,7,Delhi,78,EAST,-,-,-,Ganga,Ganga,Yamuna,Hindon,-,Hindon,38.58805556,77.29808889,2023-06-21 12:08:00,24.74,,,
19,Chilla Gaon/ Hindon Cut,CWC,7,Delhi,78,EAST,-,-,-,Ganga,Ganga,Yamuna,Hindon,-,Hindon,38.58805556,77.29808889,2023-01-07 15:45:00,31.67,,,
20,Chilla Gaon/ Hindon Cut,CWC,7,Delhi,78,EAST,-,-,-,Ganga,Ganga,Yamuna,Hindon,-,Hindon,38.58805556,77.29808889,2023-11-07 14:59:00,28.56,,,
21,Chilla Gaon/ Hindon Cut,CWC,7,Delhi,78,EAST,-,-,-,Ganga,Ganga,Yamuna,Hindon,-,Hindon,38.58805556,77.29808889,2023-07-21 15:42:00,27.9,,,
22,Chilla Gaon/ Hindon Cut,CWC,7,Delhi,78,EAST,-,-,-,Ganga,Ganga,Yamuna,Hindon,-,Hindon,38.58805556,77.29808889,2023-01-08 10:55:00,7.04,,,
23,Chilla Gaon/ Hindon Cut,CWC,7,Delhi,78,EAST,-,-,-,Ganga,Ganga,Yamuna,Hindon,-,Hindon,38.58805556,77.29808889,2023-11-08 14:42:00,0.85,,,
24,Chilla Gaon/ Hindon Cut,CWC,7,Delhi,78,EAST,-,-,-,Ganga,Ganga,Yamuna,Hindon,-,Hindon,38.58805556,77.29808889,2023-08-21 10:57:00,34.65,,,
25,Chilla Gaon/ Hindon Cut,CWC,7,Delhi,78,EAST,-,-,-,Ganga,Ganga,Yamuna,Hindon,-,Hindon,38.58805556,77.29808889,2023-01-09 14:46:00,5.75,,,
26,Chilla Gaon/ Hindon Cut,CWC,7,Delhi,78,EAST,-,-,-,Ganga,Ganga,Yamuna,Hindon,-,Hindon,38.58805556,77.29808889,2023-11-09 11:25:00,32.92,,,
27,Chilla Gaon/ Hindon Cut,CWC,7,Delhi,78,EAST,-,-,-,Ganga,Ganga,Yamuna,Hindon,-,Hindon,38.58805556,77.29808889,2023-09-21 11:28:00,12.48,,,
28,Chilla Gaon/ Hindon Cut,CWC,7,Delhi,78,EAST,-,-,-,Ganga,Ganga,Yamuna,Hindon,-,Hindon,38.58805556,77.29808889,2023-03-10 11:03:00,38.49,,,
29,Chilla Gaon/ Hindon Cut,CWC,7,Delhi,78,EAST,-,-,-,Ganga,Ganga,Yamuna,Hindon,-,Hindon,38.58805556,77.29808889,2023-11-10 14:34:00,25.66,,,
30,Chilla Gaon/ Hindon Cut,CWC,7,Delhi,78,EAST,-,-,-,Ganga,Ganga,Yamuna,Hindon,-,Hindon,38.58805556,77.29808889,2023-10-21 12:40:00,28.45,,,
31,Chilla Gaon/ Hindon Cut,CWC,7,Delhi,78,EAST,-,-,-,Ganga,Ganga,Yamuna,Hindon,-,Hindon,38.58805556,77.29808889,2023-01-11 15:03:00,79.27,,,
32,Chilla Gaon/ Hindon Cut,CWC,7,Delhi,78,EAST,-,-,-,Ganga,Ganga,Yamuna,Hindon,-,Hindon,38.58805556,77.29808889,2023-11-13 14:18:00,11.44,,,
33,Chilla Gaon/ Hindon Cut,CWC,7,Delhi,78,EAST,-,-,-,Ganga,Ganga,Yamuna,Hindon,-,Hindon,38.58805556,77.29808889,2023-11-21 15:21:00,12.54,,,
34,Chilla Gaon/ Hindon Cut,CWC,7,Delhi,78,EAST,-,-,-,Ganga,Ganga,Yamuna,Hindon,-,Hindon,38.58805556,77.29808889,2023-01-12 11:42:00,19.0,,,
35,Chilla Gaon/ Hindon Cut,CWC,7,Delhi,78,EAST,-,-,-,Ganga,Ganga,Yamuna,Hindon,-,Hindon,38.58805556,77.29808889,2023-11-12 11:23:00,24.1,,,
36,Chilla Gaon/ Hindon Cut,CWC,7,Delhi,78,EAST,-,-,-,Ganga,Ganga,Yamuna,Hindon,-,Hindon,38.58805556,77.29808889,2023-12-21 13:04:00,19.0,,,
37,Chilla Gaon/ Hindon Cut,CWC,7,Delhi,78,EAST,-,-,-,Ganga,Ganga,Yamuna,Hindon,-,Hindon,38.58805556,77.29808889,2024-01-01 11:41:00,23.7,,,
38,Chilla Gaon/ Hindon Cut,CWC,7,Delhi,78,EAST,-,-,-,Ganga,Ganga,Yamuna,Hindon,-,Hindon,38.58805556,77.29808889,2024-11-01 16:03:00,15.4,,,
39,Chilla Gaon/ Hindon Cut,CWC,7,Delhi,78,EAST,-,-,-,Ganga,Ganga,Yamuna,Hindon,-,Hindon,38.58805556,77.29808889,2024-01-23 16:17:00,26.3,,,
40,Chilla Gaon/ Hindon Cut,CWC,7,Delhi,78,EAST,-,-,-,Ganga,Ganga,Yamuna,Hindon,-,Hindon,38.58805556,77.29808889,2024-01-02 09:16:00,52.8,,,
41,Chilla Gaon/ Hindon Cut,CWC,7,Delhi,78,EAST,-,-,-,Ganga,Ganga,Yamuna,Hindon,-,Hindon,38.58805556,77.29808889,2024-12-02 09:30:00,52.3,,,
42,Chilla Gaon/ Hindon Cut,CWC,7,Delhi,78,EAST,-,-,-,Ganga,Ganga,Yamuna,Hindon,-,Hindon,38.58805556,77.29808889,2024-01-03 09:20:00,41.0,,,
43,Chilla Gaon/ Hindon Cut,CWC,7,Delhi,78,EAST,-,-,-,Ganga,Ganga,Yamuna,Hindon,-,Hindon,38.58805556,77.29808889,2024-11-03 09:30:00,41.5,,,
44,Chilla Gaon/ Hindon Cut,CWC,7,Delhi,78,EAST,-,-,-,Ganga,Ganga,Yamuna,Hindon,-,Hindon,38.58805556,77.29808889,2024-03-21 09:20:00,95.3,,,
45,Chilla Gaon/ Hindon Cut,CWC,7,Delhi,78,EAST,-,-,-,Ganga,Ganga,Yamuna,Hindon,-,Hindon,38.58805556,77.29808889,2024-01-04 08:30:00,96.2,,,
46,Chilla Gaon/ Hindon Cut,CWC,7,Delhi,78,EAST,-,-,-,Ganga,Ganga,Yamuna,Hindon,-,Hindon,38.58805556,77.29808889,2024-11-04 09:49:00,85.8,,,
47,Chilla Gaon/ Hindon Cut,CWC,7,Delhi,78,EAST,-,-,-,Ganga,Ganga,Yamuna,Hindon,-,Hindon,38.58805556,77.29808889,2024-04-21 09:55:00,89.2,,,
48,Chilla Gaon/ Hindon Cut,CWC,7,Delhi,78,EAST,-,-,-,Ganga,Ganga,Yamuna,Hindon,-,Hindon,38.58805556,77.29808889,2024-01-05 09:00:00,38.6,,,
49,Chilla Gaon/ Hindon Cut,CWC,7,Delhi,78,EAST,-,-,-,Ganga,Ganga,Yamuna,Hindon,-,Hindon,38.58805556,77.29808889,2024-05-13 08:25:00,43.6,,,
50,Chilla Gaon/ Hindon Cut,CWC,7,Delhi,78,EAST,-,-,-,Ganga,Ganga,Yamuna,Hindon,-,Hindon,38.58805556,77.29808889,2024-05-21 09:29:00,57.0,,,
51,Chilla Gaon/ Hindon Cut,CWC,7,Delhi,78,EAST,-,-,-,Ganga,Ganga,Yamuna,Hindon,-,Hindon,38.58805556,77.29808889,2024-01-06 09:40:00,44.6,,,
52,Chilla Gaon/ Hindon Cut,CWC,7,Delhi,78,EAST,-,-,-,Ganga,Ganga,Yamuna,Hindon,-,Hindon,38.58805556,77.29808889,2024-11-06 09:50:00,37.5,,,
53,Chilla Gaon/ Hindon Cut,CWC,7,Delhi,78,EAST,-,-,-,Ganga,Ganga,Yamuna,Hindon,-,Hindon,38.58805556,77.29808889,2024-06-21 09:30:00,82.5,,,
54,Chilla Gaon/ Hindon Cut,CWC,7,Delhi,78,EAST,-,-,-,Ganga,Ganga,Yamuna,Hindon,-,Hindon,38.58805556,77.29808889,2024-01-07 09:15:00,66.7,,,
55,Chilla Gaon/ Hindon Cut,CWC,7,Delhi,78,EAST,-,-,-,Ganga,Ganga,Yamuna,Hindon,-,Hindon,38.58805556,77.29808889,2024-11-07 09:50:00,49.2,,,
56,Chilla Gaon/ Hindon Cut,CWC,7,Delhi,78,EAST,-,-,-,Ganga,Ganga,Yamuna,Hindon,-,Hindon,38.58805556,77.29808889,2024-07-22 09:45:00,46.5,,,
57,Chilla Gaon/ Hindon Cut,CWC,7,Delhi,78,EAST,-,-,-,Ganga,Ganga,Yamuna,Hindon,-,Hindon,38.58805556,77.29808889,2024-01-08 09:30:00,30.2,,,
58,Chilla Gaon/ Hindon Cut,CWC,7,Delhi,78,EAST,-,-,-,Ganga,Ganga,Yamuna,Hindon,-,Hindon,38.58805556,77.29808889,2024-12-08 09:15:00,19.9,,,
59,Chilla Gaon/ Hindon Cut,CWC,7,Delhi,78,EAST,-,-,-,Ganga,Ganga,Yamuna,Hindon,-,Hindon,38.58805556,77.29808889,2024-08-21 09:20:00,15.5,,,
60,Chilla Gaon/ Hindon Cut,CWC,7,Delhi,78,EAST,-,-,-,Ganga,Ganga,Yamuna,Hindon,-,Hindon,38.58805556,77.29808889,2024-02-09 09:30:00,22.6,,,
61,Chilla Gaon/ Hindon Cut,CWC,7,Delhi,78,EAST,-,-,-,Ganga,Ganga,Yamuna,Hindon,-,Hindon,38.58805556,77.29808889,2024-11-09 09:20:00,20.4,,,
62,Chilla Gaon/ Hindon Cut,CWC,7,Delhi,78,EAST,-,-,-,Ganga,Ganga,Yamuna,Hindon,-,Hindon,38.58805556,77.29808889,2024-09-21 09:50:00,24.4,,,
63,Chilla Gaon/ Hindon Cut,CWC,7,Delhi,78,EAST,-,-,-,Ganga,Ganga,Yamuna,Hindon,-,Hindon,38.58805556,77.29808889,2024-03-10 09:30:00,45.3,,,
64,Chilla Gaon/ Hindon Cut,CWC,7,Delhi,78,EAST,-,-,-,Ganga,Ganga,Yamuna,Hindon,-,Hindon,38.58805556,77.29808889,2024-10-14 09:20:00,43.2,,,
65,Chilla Gaon/ Hindon Cut,CWC,7,Delhi,78,EAST,-,-,-,Ganga,Ganga,Yamuna,Hindon,-,Hindon,38.58805556,77.29808889,2024-10-21 09:10:00,48.3,,,
66,Chilla Gaon/ Hindon Cut,CWC,7,Delhi,78,EAST,-,-,-,Ganga,Ganga,Yamuna,Hindon,-,Hindon,38.58805556,77.29808889,2024-04-11 09:30:00,42.0,,,
67,Chilla Gaon/ Hindon Cut,CWC,7,Delhi,78,EAST,-,-,-,Ganga,Ganga,Yamuna,Hindon,-,Hindon,38.58805556,77.29808889,2024-11-11 09:35:00,38.8,,,
68,Chilla Gaon/ Hindon Cut,CWC,7,Delhi,78,EAST,-,-,-,Ganga,Ganga,Yamuna,Hindon,-,Hindon,38.58805556,77.29808889,2024-11-21 09:40:00,22.3,,,
69,Delhi Railway Bridge,CWC,7,Delhi,80,NORTH,MODEL TOWN,-,-,Ganga,Ganga,Yamuna,-,-,Yamuna,28.6625,77.24888889,2021-01-01 08:30:00,71.86,,13000000.0,54000000.0
70,Delhi Railway Bridge,CWC,7,Delhi,80,NORTH,MODEL TOWN,-,-,Ganga,Ganga,Yamuna,-,-,Yamuna,28.6625,77.24888889,2021-11-01 08:30:00,47.91,,4900000.0,13000000.0
71,Delhi Railway Bridge,CWC,7,Delhi,80,NORTH,MODEL TOWN,-,-,Ganga,Ganga,Yamuna,-,-,Yamuna,28.6625,77.24888889,2021-01-21 08:30:00,48.26,,1100000.0,24000000.0
72,Delhi Railway Bridge,CWC,7,Delhi,80,NORTH,MODEL TOWN,-,-,Ganga,Ganga,Yamuna,-,-,Yamuna,28.6625,77.24888889,2021-01-02 08:30:00,47.16,,4900000.0,35000000.0
73,Delhi Railway Bridge,CWC,7,Delhi,80,NORTH,MODEL TOWN,-,-,Ganga,Ganga,Yamuna,-,-,Yamuna,28.6625,77.24888889,2021-11-02 08:30:00,29.25,,2300000.0,13000000.0
74,Delhi Railway Bridge,CWC,7,Delhi,80,NORTH,MODEL TOWN,-,-,Ganga,Ganga,Yamuna,-,-,Yamuna,28.6625,77.24888889,2021-02-22 08:30:00,64.62,,450000.0,13000000.0
75,Delhi Railway Bridge,CWC,7,Delhi,80,NORTH,MODEL TOWN,-,-,Ganga,Ganga,Yamuna,-,-,Yamuna,28.6625,77.24888889,2021-01-03 08:31:00,46.26,,24000000.0,54000000.0
76,Delhi Railway Bridge,CWC,7,Delhi,80,NORTH,MODEL TOWN,-,-,Ganga,Ganga,Yamuna,-,-,Yamuna,28.6625,77.24888889,2021-11-03 08:30:00,38.52,,7900000.0,13000000.0
77,Delhi Railway Bridge,CWC,7,Delhi,80,NORTH,MODEL TOWN,-,-,Ganga,Ganga,Yamuna,-,-,Yamuna,28.6625,77.24888889,2021-03-22 08:30:00,60.91,,680000.0,24000000.0
78,Delhi Railway Bridge,CWC,7,Delhi,80,NORTH,MODEL TOWN,-,-,Ganga,Ganga,Yamuna,-,-,Yamuna,28.6625,77.24888889,2021-01-04 08:30:00,38.51,,3300000.0,16000000.0
79,Delhi Railway Bridge,CWC,7,Delhi,80,NORTH,MODEL TOWN,-,-,Ganga,Ganga,Yamuna,-,-,Yamuna,28.6625,77.24888889,2021-12-04 08:30:00,39.41,,2300000.0,9200000.0
80,Delhi Railway Bridge,CWC,7,Delhi,80,NORTH,MODEL TOWN,-,-,Ganga,Ganga,Yamuna,-,-,Yamuna,28.6625,77.24888889,2021-04-22 08:30:00,38.39,,1700000.0,13000000.0
81,Delhi Railway Bridge,CWC,7,Delhi,80,NORTH,MODEL TOWN,-,-,Ganga,Ganga,Yamuna,-,-,Yamuna,28.6625,77.24888889,2021-01-05 08:30:00,62.18,,7900000.0,35000000.0
82,Delhi Railway Bridge,CWC,7,Delhi,80,NORTH,MODEL TOWN,-,-,Ganga,Ganga,Yamuna,-,-,Yamuna,28.6625,77.24888889,2021-11-05 08:30:00,60.36,,3500000.0,5400000.0
83,Delhi Railway Bridge,CWC,7,Delhi,80,NORTH,MODEL TOWN,-,-,Ganga,Ganga,Yamuna,-,-,Yamuna,28.6625,77.24888889,2021-05-21 08:30:00,,,230000.0,2400000.0
84,Delhi Railway Bridge,CWC,7,Delhi,80,NORTH,MODEL TOWN,-,-,Ganga,Ganga,Yamuna,-,-,Yamuna,28.6625,77.24888889,2021-01-06 08:30:00,47.07,,7000000.0,17000000.0
85,Delhi Railway Bridge,CWC,7,Delhi,80,NORTH,MODEL TOWN,-,-,Ganga,Ganga,Yamuna,-,-,Yamuna,28.6625,77.24888889,2021-11-06 08:30:00,43.88,,230000.0,2400000.0
86,Delhi Railway Bridge,CWC,7,Delhi,80,NORTH,MODEL TOWN,-,-,Ganga,Ganga,Yamuna,-,-,Yamuna,28.6625,77.24888889,2021-06-21 08:30:00,43.2,,1700000.0,17000000.0
87,Delhi Railway Bridge,CWC,7,Delhi,80,NORTH,MODEL TOWN,-,-,Ganga,Ganga,Yamuna,-,-,Yamuna,28.6625,77.24888889,2021-01-07 08:30:00,46.45,,4600000.0,24000000.0
88,Delhi Railway Bridge,CWC,7,Delhi,80,NORTH,MODEL TOWN,-,-,Ganga,Ganga,Yamuna,-,-,Yamuna,28.6625,77.24888889,2021-12-07 08:30:00,45.98,,2300000.0,17000000.0
89,Delhi Railway Bridge,CWC,7,Delhi,80,NORTH,MODEL TOWN,-,-,Ganga,Ganga,Yamuna,-,-,Yamuna,28.6625,77.24888889,2021-07-22 08:30:00,8.2,,1700000.0,11000000.0
90,Delhi Railway Bridge,CWC,7,Delhi,80,NORTH,MODEL TOWN,-,-,Ganga,Ganga,Yamuna,-,-,Yamuna,28.6625,77.24888889,2021-01-08 08:30:00,47.94,,1100000.0,5400000.0
91,Delhi Railway Bridge,CWC,7,Delhi,80,NORTH,MODEL TOWN,-,-,Ganga,Ganga,Yamuna,-,-,Yamuna,28.6625,77.24888889,2021-11-08 08:30:00,50.14,,230000.0,2400000.0
92,Delhi Railway Bridge,CWC,7,Delhi,80,NORTH,MODEL TOWN,-,-,Ganga,Ganga,Yamuna,-,-,Yamuna,28.6625,77.24888889,2021-08-23 08:30:00,16.44,,330000.0,2200000.0
93,Delhi Railway Bridge,CWC,7,Delhi,80,NORTH,MODEL TOWN,-,-,Ganga,Ganga,Yamuna,-,-,Yamuna,28.6625,77.24888889,2021-01-09 08:30:00,45.54,,1300000.0,9200000.0
94,Delhi Railway Bridge,CWC,7,Delhi,80,NORTH,MODEL TOWN,-,-,Ganga,Ganga,Yamuna,-,-,Yamuna,28.6625,77.24888889,2021-09-13 08:30:00,42.27,,1100000.0,5400000.0
95,Delhi Railway Bridge,CWC,7,Delhi,80,NORTH,MODEL TOWN,-,-,Ganga,Ganga,Yamuna,-,-,Yamuna,28.6625,77.24888889,2021-09-21 08:30:00,48.06,,790000.0,2400000.0
96,Delhi Railway Bridge,CWC,7,Delhi,80,NORTH,MODEL TOWN,-,-,Ganga,Ganga,Yamuna,-,-,Yamuna,28.6625,77.24888889,2021-01-10 08:30:00,32.99,,7900000.0,35000000.0
97,Delhi Railway Bridge,CWC,7,Delhi,80,NORTH,MODEL TOWN,-,-,Ganga,Ganga,Yamuna,-,-,Yamuna,28.6625,77.24888889,2021-11-10 08:30:00,36.24,,3300000.0,17000000.0
98,Delhi Railway Bridge,CWC,7,Delhi,80,NORTH,MODEL TOWN,-,-,Ganga,Ganga,Yamuna,-,-,Yamuna,28.6625,77.24888889,2021-10-21 08:30:00,35.82,,2300000.0,13000000.0
99,Delhi Railway Bridge,CWC,7,Delhi,80,NORTH,MODEL TOWN,-,-,Ganga,Ganga,Yamuna,-,-,Yamuna,28.6625,77.24888889,2021-01-11 08:30:00,33.85,,1100000.0,5400000.0
100,Delhi Railway Bridge,CWC,7,Delhi,80,NORTH,MODEL TOWN,-,-,Ganga,Ganga,Yamuna,-,-,Yamuna,28.6625,77.24888889,2021-11-11 08:30:00,43.51,,1400000.0,5400000.0
101,Delhi Railway Bridge,CWC,7,Delhi,80,NORTH,MODEL TOWN,-,-,Ganga,Ganga,Yamuna,-,-,Yamuna,28.6625,77.24888889,2021-11-22 08:30:00,21.96,,1100000.0,5400000.0
102,Delhi Railway Bridge,CWC,7,Delhi,80,NORTH,MODEL TOWN,-,-,Ganga,Ganga,Yamuna,-,-,Yamuna,28.6625,77.24888889,2021-01-12 08:30:00,20.65,,1700000.0,5400000.0
103,Delhi Railway Bridge,CWC,7,Delhi,80,NORTH,MODEL TOWN,-,-,Ganga,Ganga,Yamuna,-,-,Yamuna,28.6625,77.24888889,2021-12-13 08:30:00,37.6,,1100000.0,3500000.0
104,Delhi Railway Bridge,CWC,7,Delhi,80,NORTH,MODEL TOWN,-,-,Ganga,Ganga,Yamuna,-,-,Yamuna,28.6625,77.24888889,2021-12-21 08:30:00,46.27,,700000.0,2400000.0
105,Delhi Railway Bridge,CWC,7,Delhi,80,NORTH,MODEL TOWN,-,-,Ganga,Ganga,Yamuna,-,-,Yamuna,28.6625,77.24888889,2022-01-01 08:30:00,30.7,,7900000.0,24000000.0
106,Delhi Railway Bridge,CWC,7,Delhi,80,NORTH,MODEL TOWN,-,-,Ganga,Ganga,Yamuna,-,-,Yamuna,28.6625,77.24888889,2022-11-01 08:30:00,29.21,,4900000.0,22000000.0
107,Delhi Railway Bridge,CWC,7,Delhi,80,NORTH,MODEL TOWN,-,-,Ganga,Ganga,Yamuna,-,-,Yamuna,28.6625,77.24888889,2022-01-21 08:30:00,28.94,,2300000.0,13000000.0
108,Delhi Railway Bridge,CWC,7,Delhi,80,NORTH,MODEL TOWN,-,-,Ganga,Ganga,Yamuna,-,-,Yamuna,28.6625,77.24888889,2022-01-02 08:30:00,31.43,,1300000.0,13000000.0
109,Delhi Railway Bridge,CWC,7,Delhi,80,NORTH,MODEL TOWN,-,-,Ganga,Ganga,Yamuna,-,-,Yamuna,28.6625,77.24888889,2022-11-02 08:30:00,54.7,,1100000.0,14000000.0
110,Delhi Railway Bridge,CWC,7,Delhi,80,NORTH,MODEL TOWN,-,-,Ganga,Ganga,Yamuna,-,-,Yamuna,28.6625,77.24888889,2022-02-21 08:30:00,40.41,,780000.0,11000000.0
111,Delhi Railway Bridge,CWC,7,Delhi,80,NORTH,MODEL TOWN,-,-,Ganga,Ganga,Yamuna,-,-,Yamuna,28.6625,77.24888889,2022-02-03 08:30:00,31.75,,490000.0,2400000.0
112,Delhi Railway Bridge,CWC,7,Delhi,80,NORTH,MODEL TOWN,-,-,Ganga,Ganga,Yamuna,-,-,Yamuna,28.6625,77.24888889,2022-11-03 08:30:00,29.64,,230000.0,1700000.0
113,Delhi Railway Bridge,CWC,7,Delhi,80,NORTH,MODEL TOWN,-,-,Ganga,Ganga,Yamuna,-,-,Yamuna,28.6625,77.24888889,2022-03-21 08:30:00,32.14,,170000.0,300000.0
114,Delhi Railway Bridge,CWC,7,Delhi,80,NORTH,MODEL TOWN,-,-,Ganga,Ganga,Yamuna,-,-,Yamuna,28.6625,77.24888889,2022-01-04 08:30:00,32.34,,2300000.0,24000000.0
115,Delhi Railway Bridge,CWC,7,Delhi,80,NORTH,MODEL TOWN,-,-,Ganga,Ganga,Yamuna,-,-,Yamuna,28.6625,77.24888889,2022-11-04 08:30:00,31.74,,2700000.0,13000000.0
116,Delhi Railway Bridge,CWC,7,Delhi,80,NORTH,MODEL TOWN,-,-,Ganga,Ganga,Yamuna,-,-,Yamuna,28.6625,77.24888889,2022-04-21 08:30:00,29.69,,2200000.0,11000000.0
117,Delhi Railway Bridge,CWC,7,Delhi,80,NORTH,MODEL TOWN,-,-,Ganga,Ganga,Yamuna,-,-,Yamuna,28.6625,77.24888889,2022-02-05 08:30:00,,,3300000.0,35000000.0
118,Delhi Railway Bridge,CWC,7,Delhi,80,NORTH,MODEL TOWN,-,-,Ganga,Ganga,Yamuna,-,-,Yamuna,28.6625,77.24888889,2022-11-05 08:30:00,28.58,,2300000.0,24000000.0
119,Delhi Railway Bridge,CWC,7,Delhi,80,NORTH,MODEL TOWN,-,-,Ganga,Ganga,Yamuna,-,-,Yamuna,28.6625,77.24888889,2022-05-21 08:30:00,31.22,,2700000.0,17000000.0
120,Delhi Railway Bridge,CWC,7,Delhi,80,NORTH,MODEL TOWN,-,-,Ganga,Ganga,Yamuna,-,-,Yamuna,28.6625,77.24888889,2022-01-06 08:30:00,32.26,,14000000.0,28000000.0
121,Delhi Railway Bridge,CWC,7,Delhi,80,NORTH,MODEL TOWN,-,-,Ganga,Ganga,Yamuna,-,-,Yamuna,28.6625,77.24888889,2022-06-13 08:30:00,30.07,,7900000.0,22000000.0
122,Delhi Railway Bridge,CWC,7,Delhi,80,NORTH,MODEL TOWN,-,-,Ganga,Ganga,Yamuna,-,-,Yamuna,28.6625,77.24888889,2022-06-21 08:30:00,29.84,,11000000.0,17000000.0
123,Delhi Railway Bridge,CWC,7,Delhi,80,NORTH,MODEL TOWN,-,-,Ganga,Ganga,Yamuna,-,-,Yamuna,28.6625,77.24888889,2022-01-07 08:30:00,29.73,,1300000.0,3500000.0
124,Delhi Railway Bridge,CWC,7,Delhi,80,NORTH,MODEL TOWN,-,-,Ganga,Ganga,Yamuna,-,-,Yamuna,28.6625,77.24888889,2022-11-07 08:30:00,29.18,,790000.0,2400000.0
125,Delhi Railway Bridge,CWC,7,Delhi,80,NORTH,MODEL TOWN,-,-,Ganga,Ganga,Yamuna,-,-,Yamuna,28.6625,77.24888889,2022-07-21 08:30:00,29.73,,230000.0,1300000.0
126,Delhi Railway Bridge,CWC,7,Delhi,80,NORTH,MODEL TOWN,-,-,Ganga,Ganga,Yamuna,-,-,Yamuna,28.6625,77.24888889,2022-01-08 20:30:00,31.93,,490000.0,2800000.0
127,Delhi Railway Bridge,CWC,7,Delhi,80,NORTH,MODEL TOWN,-,-,Ganga,Ganga,Yamuna,-,-,Yamuna,28.6625,77.24888889,2022-11-08 08:30:00,40.41,,330000.0,2200000.0
128,Delhi Railway Bridge,CWC,7,Delhi,80,NORTH,MODEL TOWN,-,-,Ganga,Ganga,Yamuna,-,-,Yamuna,28.6625,77.24888889,2022-08-22 08:30:00,35.08,,230000.0,1700000.0
129,Delhi Railway Bridge,CWC,7,Delhi,80,NORTH,MODEL TOWN,-,-,Ganga,Ganga,Yamuna,-,-,Yamuna,28.6625,77.24888889,2022-01-09 08:30:00,33.41,,790000.0,3500000.0
130,Delhi Railway Bridge,CWC,7,Delhi,80,NORTH,MODEL TOWN,-,-,Ganga,Ganga,Yamuna,-,-,Yamuna,28.6625,77.24888889,2022-12-09 08:30:00,31.27,,4900000.0,2800000.0
131,Delhi Railway Bridge,CWC,7,Delhi,80,NORTH,MODEL TOWN,-,-,Ganga,Ganga,Yamuna,-,-,Yamuna,28.6625,77.24888889,2022-09-21 10:50:00,26.16,,330000.0,2200000.0
132,Delhi Railway Bridge,CWC,7,Delhi,80,NORTH,MODEL TOWN,-,-,Ganga,Ganga,Yamuna,-,-,Yamuna,28.6625,77.24888889,2022-01-10 08:30:00,21.93,,14000000.0,28000000.0
133,Delhi Railway Bridge,CWC,7,Delhi,80,NORTH,MODEL TOWN,-,-,Ganga,Ganga,Yamuna,-,-,Yamuna,28.6625,77.24888889,2022-11-10 08:30:00,28.88,,7900000.0,22000000.0
134,Delhi Railway Bridge,CWC,7,Delhi,80,NORTH,MODEL TOWN,-,-,Ganga,Ganga,Yamuna,-,-,Yamuna,28.6625,77.24888889,2022-10-21 08:30:00,3.02,,11000000.0,17000000.0
135,Delhi Railway Bridge,CWC,7,Delhi,80,NORTH,MODEL TOWN,-,-,Ganga,Ganga,Yamuna,-,-,Yamuna,28.6625,77.24888889,2022-01-11 08:30:00,25.83,,790000.0,3500000.0
136,Delhi Railway Bridge,CWC,7,Delhi,80,NORTH,MODEL TOWN,-,-,Ganga,Ganga,Yamuna,-,-,Yamuna,28.6625,77.24888889,2022-11-11 08:30:00,26.09,,700000.0,2400000.0
137,Delhi Railway Bridge,CWC,7,Delhi,80,NORTH,MODEL TOWN,-,-,Ganga,Ganga,Yamuna,-,-,Yamuna,28.6625,77.24888889,2022-11-21 08:30:00,21.49,,490000.0,1700000.0
138,Delhi Railway Bridge,CWC,7,Delhi,80,NORTH,MODEL TOWN,-,-,Ganga,Ganga,Yamuna,-,-,Yamuna,28.6625,77.24888889,2022-01-12 08:30:00,22.56,,4900000.0,24000000.0
139,Delhi Railway Bridge,CWC,7,Delhi,80,NORTH,MODEL TOWN,-,-,Ganga,Ganga,Yamuna,-,-,Yamuna,28.6625,77.24888889,2022-12-12 08:30:00,33.26,,3300000.0,23000000.0
140,Delhi Railway Bridge,CWC,7,Delhi,80,NORTH,MODEL TOWN,-,-,Ganga,Ganga,Yamuna,-,-,Yamuna,28.6625,77.24888889,2022-12-21 08:30:00,23.84,,2300000.0,17000000.0
141,Delhi Railway Bridge,CWC,7,Delhi,80,NORTH,MODEL TOWN,-,-,Ganga,Ganga,Yamuna,-,-,Yamuna,28.6625,77.24888889,2023-11-01 08:30:00,21.32,,4900000.0,24000000.0
142,Delhi Railway Bridge,CWC,7,Delhi,80,NORTH,MODEL TOWN,-,-,Ganga,Ganga,Yamuna,-,-,Yamuna,28.6625,77.24888889,2023-01-21 08:30:00,23.04,,3300000.0,17000000.0
143,Delhi Railway Bridge,CWC,7,Delhi,80,NORTH,MODEL TOWN,-,-,Ganga,Ganga,Yamuna,-,-,Yamuna,28.6625,77.24888889,2023-01-02 08:30:00,59.99,,7000000.0,24000000.0
144,Delhi Railway Bridge,CWC,7,Delhi,80,NORTH,MODEL TOWN,-,-,Ganga,Ganga,Yamuna,-,-,Yamuna,28.6625,77.24888889,2023-02-13 08:30:00,25.13,,490000.0,17000000.0
145,Delhi Railway Bridge,CWC,7,Delhi,80,NORTH,MODEL TOWN,-,-,Ganga,Ganga,Yamuna,-,-,Yamuna,28.6625,77.24888889,2023-02-21 08:30:00,36.45,,4600000.0,13000000.0
146,Delhi Railway Bridge,CWC,7,Delhi,80,NORTH,MODEL TOWN,-,-,Ganga,Ganga,Yamuna,-,-,Yamuna,28.6625,77.24888889,2023-01-03 08:30:00,29.65,,78000000.0,33000000.0
147,Delhi Railway Bridge,CWC,7,Delhi,80,NORTH,MODEL TOWN,-,-,Ganga,Ganga,Yamuna,-,-,Yamuna,28.6625,77.24888889,2023-03-13 08:30:00,21.52,,780000.0,46000000.0
148,Delhi Railway Bridge,CWC,7,Delhi,80,NORTH,MODEL TOWN,-,-,Ganga,Ganga,Yamuna,-,-,Yamuna,28.6625,77.24888889,2023-03-21 08:30:00,23.27,,11000000.0,26000000.0
149,Delhi Railway Bridge,CWC,7,Delhi,80,NORTH,MODEL TOWN,-,-,Ganga,Ganga,Yamuna,-,-,Yamuna,28.6625,77.24888889,2023-01-04 08:30:00,29.7,,11000000.0,33000000.0
150,Delhi Railway Bridge,CWC,7,Delhi,80,NORTH,MODEL TOWN,-,-,Ganga,Ganga,Yamuna,-,-,Yamuna,28.6625,77.24888889,2023-11-04 16:30:00,24.4,,1300000.0,35000000.0
151,Delhi Railway Bridge,CWC,7,Delhi,80,NORTH,MODEL TOWN,-,-,Ganga,Ganga,Yamuna,-,-,Yamuna,28.6625,77.24888889,2023-04-21 08:30:00,26.9,,3300000.0,220000000.0
152,Delhi Railway Bridge,CWC,7,Delhi,80,NORTH,MODEL TOWN,-,-,Ganga,Ganga,Yamuna,-,-,Yamuna,28.6625,77.24888889,2023-01-05 09:58:00,28.05,,490000000.0,23000000.0
153,Delhi Railway Bridge,CWC,7,Delhi,80,NORTH,MODEL TOWN,-,-,Ganga,Ganga,Yamuna,-,-,Yamuna,28.6625,77.24888889,2023-11-05 10:07:00,27.44,,79000000.0,49000000.0
154,Delhi Railway Bridge,CWC,7,Delhi,80,NORTH,MODEL TOWN,-,-,Ganga,Ganga,Yamuna,-,-,Yamuna,28.6625,77.24888889,2023-05-22 10:12:00,26.43,,110000000.0,170000000.0
155,Delhi Railway Bridge,CWC,7,Delhi,80,NORTH,MODEL TOWN,-,-,Ganga,Ganga,Yamuna,-,-,Yamuna,28.6625,77.24888889,2023-01-06 10:31:00,28.99,,110000000.0,170000000.0
156,Delhi Railway Bridge,CWC,7,Delhi,80,NORTH,MODEL TOWN,-,-,Ganga,Ganga,Yamuna,-,-,Yamuna,28.6625,77.24888889,2023-12-06 17:00:00,25.21,,33000000.0,49000000.0
157,Delhi Railway Bridge,CWC,7,Delhi,80,NORTH,MODEL TOWN,-,-,Ganga,Ganga,Yamuna,-,-,Yamuna,28.6625,77.24888889,2023-06-21 10:36:00,24.71,,17000000.0,79000000.0
158,Delhi Railway Bridge,CWC,7,Delhi,80,NORTH,MODEL TOWN,-,-,Ganga,Ganga,Yamuna,-,-,Yamuna,28.6625,77.24888889,2023-01-07 10:42:00,19.46,,780000.0,1300000.0
159,Delhi Railway Bridge,CWC,7,Delhi,80,NORTH,MODEL TOWN,-,-,Ganga,Ganga,Yamuna,-,-,Yamuna,28.6625,77.24888889,2023-11-07 10:46:00,17.21,,,
160,Delhi Railway Bridge,CWC,7,Delhi,80,NORTH,MODEL TOWN,-,-,Ganga,Ganga,Yamuna,-,-,Yamuna,28.6625,77.24888889,2023-07-21 10:49:00,16.52,,1400000.0,2100000.0
161,Delhi Railway Bridge,CWC,7,Delhi,80,NORTH,MODEL TOWN,-,-,Ganga,Ganga,Yamuna,-,-,Yamuna,28.6625,77.24888889,2023-01-08 10:58:00,18.52,,1400000.0,3200000.0
162,Delhi Railway Bridge,CWC,7,Delhi,80,NORTH,MODEL TOWN,-,-,Ganga,Ganga,Yamuna,-,-,Yamuna,28.6625,77.24888889,2023-11-08 09:43:00,8.77,,780000.0,1700000.0
163,Delhi Railway Bridge,CWC,7,Delhi,80,NORTH,MODEL TOWN,-,-,Ganga,Ganga,Yamuna,-,-,Yamuna,28.6625,77.24888889,2023-08-21 10:44:00,13.51,,780000.0,1300000.0
164,Delhi Railway Bridge,CWC,7,Delhi,80,NORTH,MODEL TOWN,-,-,Ganga,Ganga,Yamuna,-,-,Yamuna,28.6625,77.24888889,2023-01-09 11:56:00,22.17,,1400000.0,2200000.0
165,Delhi Railway Bridge,CWC,7,Delhi,80,NORTH,MODEL TOWN,-,-,Ganga,Ganga,Yamuna,-,-,Yamuna,28.6625,77.24888889,2023-11-09 15:29:00,42.82,,1100000.0,1700000.0
166,Delhi Railway Bridge,CWC,7,Delhi,80,NORTH,MODEL TOWN,-,-,Ganga,Ganga,Yamuna,-,-,Yamuna,28.6625,77.24888889,2023-09-21 15:34:00,29.9,,1100000.0,2200000.0
167,Delhi Railway Bridge,CWC,7,Delhi,80,NORTH,MODEL TOWN,-,-,Ganga,Ganga,Yamuna,-,-,Yamuna,28.6625,77.24888889,2023-03-10 10:51:00,46.54,,3300000.0,4900000.0
168,Delhi Railway Bridge,CWC,7,Delhi,80,NORTH,MODEL TOWN,-,-,Ganga,Ganga,Yamuna,-,-,Yamuna,28.6625,77.24888889,2023-11-10 14:26:00,49.52,,2300000.0,7000000.0
169,Delhi Railway Bridge,CWC,7,Delhi,80,NORTH,MODEL TOWN,-,-,Ganga,Ganga,Yamuna,-,-,Yamuna,28.6625,77.24888889,2023-10-21 12:36:00,23.66,,2600000.0,7000000.0
170,Delhi Railway Bridge,CWC,7,Delhi,80,NORTH,MODEL TOWN,-,-,Ganga,Ganga,Yamuna,-,-,Yamuna,28.6625,77.24888889,2023-01-11 13:52:00,42.59,,4900000.0,11000000.0
171,Delhi Railway Bridge,CWC,7,Delhi,80,NORTH,MODEL TOWN,-,-,Ganga,Ganga,Yamuna,-,-,Yamuna,28.6625,77.24888889,2023-11-13 10:30:00,8.78,,4600000.0,7000000.0
172,Delhi Railway Bridge,CWC,7,Delhi,80,NORTH,MODEL TOWN,-,-,Ganga,Ganga,Yamuna,-,-,Yamuna,28.6625,77.24888889,2023-11-21 15:14:00,14.96,,4600000.0,7000000.0
173,Delhi Railway Bridge,CWC,7,Delhi,80,NORTH,MODEL TOWN,-,-,Ganga,Ganga,Yamuna,-,-,Yamuna,28.6625,77.24888889,2023-01-12 11:13:00,29.3,,3300000.0,14000000.0
174,Delhi Railway Bridge,CWC,7,Delhi,80,NORTH,MODEL TOWN,-,-,Ganga,Ganga,Yamuna,-,-,Yamuna,28.6625,77.24888889,2023-11-12 16:47:00,20.5,,3900000.0,11000000.0
175,Delhi Railway Bridge,CWC,7,Delhi,80,NORTH,MODEL TOWN,-,-,Ganga,Ganga,Yamuna,-,-,Yamuna,28.6625,77.24888889,2023-12-21 12:48:00,41.5,,3300000.0,13000000.0
176,Delhi Railway Bridge,CWC,7,Delhi,80,NORTH,MODEL TOWN,-,-,Ganga,Ganga,Yamuna,-,-,Yamuna,28.6625,77.24888889,2024-01-01 10:01:00,58.9,,11000000.0,3900000.0
177,Delhi Railway Bridge,CWC,7,Delhi,80,NORTH,MODEL TOWN,-,-,Ganga,Ganga,Yamuna,-,-,Yamuna,28.6625,77.24888889,2024-11-01 11:33:00,39.3,,2700000.0,14000000.0
178,Delhi Railway Bridge,CWC,7,Delhi,80,NORTH,MODEL TOWN,-,-,Ganga,Ganga,Yamuna,-,-,Yamuna,28.6625,77.24888889,2024-01-23 09:20:00,42.0,,11000000.0,35000000.0
179,Delhi Railway Bridge,CWC,7,Delhi,80,NORTH,MODEL TOWN,-,-,Ganga,Ganga,Yamuna,-,-,Yamuna,28.6625,77.24888889,2024-01-02 09:30:00,95.7,,17000000.0,7900000.0
180,Delhi Railway Bridge,CWC,7,Delhi,80,NORTH,MODEL TOWN,-,-,Ganga,Ganga,Yamuna,-,-,Yamuna,28.6625,77.24888889,2024-12-02 09:10:00,80.7,,7900000.0,14000000.0
181,Delhi Railway Bridge,CWC,7,Delhi,80,NORTH,MODEL TOWN,-,-,Ganga,Ganga,Yamuna,-,-,Yamuna,28.6625,77.24888889,2024-01-03 09:25:00,77.1,,2600000.0,13000000.0
182,Delhi Railway Bridge,CWC,7,Delhi,80,NORTH,MODEL TOWN,-,-,Ganga,Ganga,Yamuna,-,-,Yamuna,28.6625,77.24888889,2024-11-03 09:15:00,79.6,,3200000.0,14000000.0
183,Delhi Railway Bridge,CWC,7,Delhi,80,NORTH,MODEL TOWN,-,-,Ganga,Ganga,Yamuna,-,-,Yamuna,28.6625,77.24888889,2024-01-04 08:18:00,85.1,,7000000.0,17000000.0
184,Delhi Railway Bridge,CWC,7,Delhi,80,NORTH,MODEL TOWN,-,-,Ganga,Ganga,Yamuna,-,-,Yamuna,28.6625,77.24888889,2024-11-04 08:14:00,76.9,,3300000.0,13000000.0
185,Delhi Railway Bridge,CWC,7,Delhi,80,NORTH,MODEL TOWN,-,-,Ganga,Ganga,Yamuna,-,-,Yamuna,28.6625,77.24888889,2024-04-21 08:21:00,87.3,,4900000.0,17000000.0
186,Delhi Railway Bridge,CWC,7,Delhi,80,NORTH,MODEL TOWN,-,-,Ganga,Ganga,Yamuna,-,-,Yamuna,28.6625,77.24888889,2024-01-05 08:07:00,45.7,,3300000.0,13000000.0
187,Delhi Railway Bridge,CWC,7,Delhi,80,NORTH,MODEL TOWN,-,-,Ganga,Ganga,Yamuna,-,-,Yamuna,28.6625,77.24888889,2024-05-13 09:00:00,49.4,,7900000.0,14000000.0
188,Delhi Railway Bridge,CWC,7,Delhi,80,NORTH,MODEL TOWN,-,-,Ganga,Ganga,Yamuna,-,-,Yamuna,28.6625,77.24888889,2024-05-21 09:00:00,44.5,,3300000.0,7900000.0
189,Delhi Railway Bridge,CWC,7,Delhi,80,NORTH,MODEL TOWN,-,-,Ganga,Ganga,Yamuna,-,-,Yamuna,28.6625,77.24888889,2024-01-06 16:35:00,45.1,,790000.0,1700000.0
190,Delhi Railway Bridge,CWC,7,Delhi,80,NORTH,MODEL TOWN,-,-,Ganga,Ganga,Yamuna,-,-,Yamuna,28.6625,77.24888889,2024-11-06 16:40:00,40.5,,700000.0,2200000.0
191,Delhi Railway Bridge,CWC,7,Delhi,80,NORTH,MODEL TOWN,-,-,Ganga,Ganga,Yamuna,-,-,Yamuna,28.6625,77.24888889,2024-06-21 08:46:00,67.5,,220000.0,1100000.0
192,Delhi Railway Bridge,CWC,7,Delhi,80,NORTH,MODEL TOWN,-,-,Ganga,Ganga,Yamuna,-,-,Yamuna,28.6625,77.24888889,2024-01-07 09:00:00,46.9,,2600000.0,9400000.0
193,Delhi Railway Bridge,CWC,7,Delhi,80,NORTH,MODEL TOWN,-,-,Ganga,Ganga,Yamuna,-,-,Yamuna,28.6625,77.24888889,2024-11-07 08:50:00,46.9,,2700000.0,7900000.0
194,Delhi Railway Bridge,CWC,7,Delhi,80,NORTH,MODEL TOWN,-,-,Ganga,Ganga,Yamuna,-,-,Yamuna,28.6625,77.24888889,2024-07-22 08:55:00,59.4,,2100000.0,7000000.0
195,Delhi Railway Bridge,CWC,7,Delhi,80,NORTH,MODEL TOWN,-,-,Ganga,Ganga,Yamuna,-,-,Yamuna,28.6625,77.24888889,2024-01-08 09:00:00,49.3,,2100000.0,7900000.0
196,Delhi Railway Bridge,CWC,7,Delhi,80,NORTH,MODEL TOWN,-,-,Ganga,Ganga,Yamuna,-,-,Yamuna,28.6625,77.24888889,2024-12-08 09:10:00,46.6,,2200000.0,9400000.0
197,Delhi Railway Bridge,CWC,7,Delhi,80,NORTH,MODEL TOWN,-,-,Ganga,Ganga,Yamuna,-,-,Yamuna,28.6625,77.24888889,2024-08-21 09:05:00,25.0,,1100000.0,4900000.0
198,Delhi Railway Bridge,CWC,7,Delhi,80,NORTH,MODEL TOWN,-,-,Ganga,Ganga,Yamuna,-,-,Yamuna,28.6625,77.24888889,2024-02-09 09:10:00,10.6,,1100000.0,9400000.0
199,Delhi Railway Bridge,CWC,7,Delhi,80,NORTH,MODEL TOWN,-,-,Ganga,Ganga,Yamuna,-,-,Yamuna,28.6625,77.24888889,2024-11-09 09:20:00,22.9,,1100000.0,7900000.0
200,Delhi Railway Bridge,CWC,7,Delhi,80,NORTH,MODEL TOWN,-,-,Ganga,Ganga,Yamuna,-,-,Yamuna,28.6625,77.24888889,2024-09-21 15:42:00,26.7,,1100000.0,7000000.0
201,Delhi Railway Bridge,CWC,7,Delhi,80,NORTH,MODEL TOWN,-,-,Ganga,Ganga,Yamuna,-,-,Yamuna,28.6625,77.24888889,2024-03-10 09:10:00,22.9,,2200000.0,7000000.0
202,Delhi Railway Bridge,CWC,7,Delhi,80,NORTH,MODEL TOWN,-,-,Ganga,Ganga,Yamuna,-,-,Yamuna,28.6625,77.24888889,2024-10-14 08:55:00,33.0,,1300000.0,4900000.0
203,Delhi Railway Bridge,CWC,7,Delhi,80,NORTH,MODEL TOWN,-,-,Ganga,Ganga,Yamuna,-,-,Yamuna,28.6625,77.24888889,2024-10-21 09:00:00,47.5,,1100000.0,3300000.0
204,Delhi Railway Bridge,CWC,7,Delhi,80,NORTH,MODEL TOWN,-,-,Ganga,Ganga,Yamuna,-,-,Yamuna,28.6625,77.24888889,2024-04-11 09:00:00,44.3,,1700000.0,7900000.0
205,Delhi Railway Bridge,CWC,7,Delhi,80,NORTH,MODEL TOWN,-,-,Ganga,Ganga,Yamuna,-,-,Yamuna,28.6625,77.24888889,2024-11-11 09:05:00,45.5,,780000.0,4900000.0
206,Delhi Railway Bridge,CWC,7,Delhi,80,NORTH,MODEL TOWN,-,-,Ganga,Ganga,Yamuna,-,-,Yamuna,28.6625,77.24888889,2024-11-21 09:00:00,39.4,,1400000.0,7000000.0
207,Dhansa,CWC,7,Delhi,84,SOUTH WEST,NAJAFGARH,-,-,Ganga,Ganga,Yamuna,Sahibi,-,Sahibi,28.53444444,76.87055556,2021-07-23 08:30:00,6.38,,20000.0,490000.0
208,Dhansa,CWC,7,Delhi,84,SOUTH WEST,NAJAFGARH,-,-,Ganga,Ganga,Yamuna,Sahibi,-,Sahibi,28.53444444,76.87055556,2021-03-08 08:30:00,1.04,,6800.0,240000.0
209,Dhansa,CWC,7,Delhi,84,SOUTH WEST,NAJAFGARH,-,-,Ganga,Ganga,Yamuna,Sahibi,-,Sahibi,28.53444444,76.87055556,2021-11-08 08:30:00,22.01,,4500.0,130000.0
210,Dhansa,CWC,7,Delhi,84,SOUTH WEST,NAJAFGARH,-,-,Ganga,Ganga,Yamuna,Sahibi,-,Sahibi,28.53444444,76.87055556,2021-08-23 08:30:00,34.58,,6800.0,110000.0
211,Dhansa,CWC,7,Delhi,84,SOUTH WEST,NAJAFGARH,-,-,Ganga,Ganga,Yamuna,Sahibi,-,Sahibi,28.53444444,76.87055556,2021-01-09 08:30:00,23.72,,9300.0,220000.0
212,Dhansa,CWC,7,Delhi,84,SOUTH WEST,NAJAFGARH,-,-,Ganga,Ganga,Yamuna,Sahibi,-,Sahibi,28.53444444,76.87055556,2021-09-13 08:30:00,,,6800.0,170000.0
213,Dhansa,CWC,7,Delhi,84,SOUTH WEST,NAJAFGARH,-,-,Ganga,Ganga,Yamuna,Sahibi,-,Sahibi,28.53444444,76.87055556,2021-09-21 08:30:00,25.04,,4500.0,79000.0
214,Dhansa,CWC,7,Delhi,84,SOUTH WEST,NAJAFGARH,-,-,Ganga,Ganga,Yamuna,Sahibi,-,Sahibi,28.53444444,76.87055556,2021-01-10 08:30:00,19.73,,45000.0,1300000.0
215,Dhansa,CWC,7,Delhi,84,SOUTH WEST,NAJAFGARH,-,-,Ganga,Ganga,Yamuna,Sahibi,-,Sahibi,28.53444444,76.87055556,2021-11-10 08:30:00,27.0,,45000.0,790000.0
216,Dhansa,CWC,7,Delhi,84,SOUTH WEST,NAJAFGARH,-,-,Ganga,Ganga,Yamuna,Sahibi,-,Sahibi,28.53444444,76.87055556,2021-10-21 08:30:00,21.65,,45000.0,700000.0
217,Dhansa,CWC,7,Delhi,84,SOUTH WEST,NAJAFGARH,-,-,Ganga,Ganga,Yamuna,Sahibi,-,Sahibi,28.53444444,76.87055556,2022-11-07 08:30:00,13.39,,78000.0,1100000.0
218,Dhansa,CWC,7,Delhi,84,SOUTH WEST,NAJAFGARH,-,-,Ganga,Ganga,Yamuna,Sahibi,-,Sahibi,28.53444444,76.87055556,2022-07-21 08:30:00,28.18,,68000.0,790000.0
219,Dhansa,CWC,7,Delhi,84,SOUTH WEST,NAJAFGARH,-,-,Ganga,Ganga,Yamuna,Sahibi,-,Sahibi,28.53444444,76.87055556,2022-01-08 08:30:00,27.93,,78000.0,790000.0
220,Dhansa,CWC,7,Delhi,84,SOUTH WEST,NAJAFGARH,-,-,Ganga,Ganga,Yamuna,Sahibi,-,Sahibi,28.53444444,76.87055556,2022-08-16 08:30:00,28.45,,45000.0,330000.0
221,Dhansa,CWC,7,Delhi,84,SOUTH WEST,NAJAFGARH,-,-,Ganga,Ganga,Yamuna,Sahibi,-,Sahibi,28.53444444,76.87055556,2022-08-23 08:30:00,25.95,,45000.0,460000.0
222,Dhansa,CWC,7,Delhi,84,SOUTH WEST,NAJAFGARH,-,-,Ganga,Ganga,Yamuna,Sahibi,-,Sahibi,28.53444444,76.87055556,2022-01-09 08:30:00,13.73,,110000.0,1100000.0
223,Dhansa,CWC,7,Delhi,84,SOUTH WEST,NAJAFGARH,-,-,Ganga,Ganga,Yamuna,Sahibi,-,Sahibi,28.53444444,76.87055556,2022-09-14 08:30:00,13.04,,78000.0,780000.0
224,Dhansa,CWC,7,Delhi,84,SOUTH WEST,NAJAFGARH,-,-,Ganga,Ganga,Yamuna,Sahibi,-,Sahibi,28.53444444,76.87055556,2022-09-21 08:30:00,13.38,,68000.0,700000.0
225,Dhansa,CWC,7,Delhi,84,SOUTH WEST,NAJAFGARH,-,-,Ganga,Ganga,Yamuna,Sahibi,-,Sahibi,28.53444444,76.87055556,2022-10-21 08:30:00,23.82,,110000.0,1400000.0
226,Dhansa,CWC,7,Delhi,84,SOUTH WEST,NAJAFGARH,-,-,Ganga,Ganga,Yamuna,Sahibi,-,Sahibi,28.53444444,76.87055556,2023-03-07 16:41:00,42.04,,140000.0,490000.0
227,Dhansa,CWC,7,Delhi,84,SOUTH WEST,NAJAFGARH,-,-,Ganga,Ganga,Yamuna,Sahibi,-,Sahibi,28.53444444,76.87055556,2023-11-07 12:15:00,19.06,,110000.0,330000.0
228,Dhansa,CWC,7,Delhi,84,SOUTH WEST,NAJAFGARH,-,-,Ganga,Ganga,Yamuna,Sahibi,-,Sahibi,28.53444444,76.87055556,2023-07-21 14:59:00,35.56,,140000.0,270000.0
229,Dhansa,CWC,7,Delhi,84,SOUTH WEST,NAJAFGARH,-,-,Ganga,Ganga,Yamuna,Sahibi,-,Sahibi,28.53444444,76.87055556,2023-01-08 14:44:00,99.8,,78000.0,790000.0
230,Dhansa,CWC,7,Delhi,84,SOUTH WEST,NAJAFGARH,-,-,Ganga,Ganga,Yamuna,Sahibi,-,Sahibi,28.53444444,76.87055556,2023-11-08 13:27:00,25.05,,140000.0,700000.0
231,Dhansa,CWC,7,Delhi,84,SOUTH WEST,NAJAFGARH,-,-,Ganga,Ganga,Yamuna,Sahibi,-,Sahibi,28.53444444,76.87055556,2023-08-21 11:06:00,13.7,,110000.0,490000.0
232,Dhansa,CWC,7,Delhi,84,SOUTH WEST,NAJAFGARH,-,-,Ganga,Ganga,Yamuna,Sahibi,-,Sahibi,28.53444444,76.87055556,2023-01-09 10:38:00,39.24,,110000.0,790000.0
233,Dhansa,CWC,7,Delhi,84,SOUTH WEST,NAJAFGARH,-,-,Ganga,Ganga,Yamuna,Sahibi,-,Sahibi,28.53444444,76.87055556,2023-11-09 11:34:00,40.02,,110000.0,790000.0
234,Dhansa,CWC,7,Delhi,84,SOUTH WEST,NAJAFGARH,-,-,Ganga,Ganga,Yamuna,Sahibi,-,Sahibi,28.53444444,76.87055556,2023-09-21 11:38:00,31.36,,78000.0,270000.0
235,Dhansa,CWC,7,Delhi,84,SOUTH WEST,NAJAFGARH,-,-,Ganga,Ganga,Yamuna,Sahibi,-,Sahibi,28.53444444,76.87055556,2023-03-10 11:42:00,34.54,,220000.0,1300000.0
236,Dhansa,CWC,7,Delhi,84,SOUTH WEST,NAJAFGARH,-,-,Ganga,Ganga,Yamuna,Sahibi,-,Sahibi,28.53444444,76.87055556,2023-11-10 15:13:00,2.45,,130000.0,790000.0
237,Dhansa,CWC,7,Delhi,84,SOUTH WEST,NAJAFGARH,-,-,Ganga,Ganga,Yamuna,Sahibi,-,Sahibi,28.53444444,76.87055556,2023-10-21 13:19:00,1.59,,110000.0,330000.0
238,Dhansa,CWC,7,Delhi,84,SOUTH WEST,NAJAFGARH,-,-,Ganga,Ganga,Yamuna,Sahibi,-,Sahibi,28.53444444,76.87055556,2024-01-07 08:00:00,27.6,,140000.0,330000.0
239,Dhansa,CWC,7,Delhi,84,SOUTH WEST,NAJAFGARH,-,-,Ganga,Ganga,Yamuna,Sahibi,-,Sahibi,28.53444444,76.87055556,2024-11-07 09:00:00,57.6,,110000.0,270000.0
240,Dhansa,CWC,7,Delhi,84,SOUTH WEST,NAJAFGARH,-,-,Ganga,Ganga,Yamuna,Sahibi,-,Sahibi,28.53444444,76.87055556,2024-07-22 10:00:00,31.6,,78000.0,220000.0
241,Dhansa,CWC,7,Delhi,84,SOUTH WEST,NAJAFGARH,-,-,Ganga,Ganga,Yamuna,Sahibi,-,Sahibi,28.53444444,76.87055556,2024-02-08 10:00:00,76.4,,220000.0,1100000.0
242,Dhansa,CWC,7,Delhi,84,SOUTH WEST,NAJAFGARH,-,-,Ganga,Ganga,Yamuna,Sahibi,-,Sahibi,28.53444444,76.87055556,2024-12-08 10:00:00,24.0,,140000.0,790000.0
243,Dhansa,CWC,7,Delhi,84,SOUTH WEST,NAJAFGARH,-,-,Ganga,Ganga,Yamuna,Sahibi,-,Sahibi,28.53444444,76.87055556,2024-08-24 08:00:00,16.0,,78000.0,700000.0
244,Dhansa,CWC,7,Delhi,84,SOUTH WEST,NAJAFGARH,-,-,Ganga,Ganga,Yamuna,Sahibi,-,Sahibi,28.53444444,76.87055556,2024-02-09 09:10:00,17.2,,110000.0,490000.0
245,Dhansa,CWC,7,Delhi,84,SOUTH WEST,NAJAFGARH,-,-,Ganga,Ganga,Yamuna,Sahibi,-,Sahibi,28.53444444,76.87055556,2024-11-09 10:00:00,14.0,,78000.0,230000.0
246,Dhansa,CWC,7,Delhi,84,SOUTH WEST,NAJAFGARH,-,-,Ganga,Ganga,Yamuna,Sahibi,-,Sahibi,28.53444444,76.87055556,2024-09-21 10:15:00,13.4,,68000.0,390000.0
247,Dhansa,CWC,7,Delhi,84,SOUTH WEST,NAJAFGARH,-,-,Ganga,Ganga,Yamuna,Sahibi,-,Sahibi,28.53444444,76.87055556,2024-01-10 11:00:00,10.0,,170000.0,390000.0
248,Dhansa,CWC,7,Delhi,84,SOUTH WEST,NAJAFGARH,-,-,Ganga,Ganga,Yamuna,Sahibi,-,Sahibi,28.53444444,76.87055556,2024-10-14 08:00:00,3.7,,140000.0,330000.0
249,Dhansa,CWC,7,Delhi,84,SOUTH WEST,NAJAFGARH,-,-,Ganga,Ganga,Yamuna,Sahibi,-,Sahibi,28.53444444,76.87055556,2024-10-21 11:30:00,3.9,,110000.0,330000.0
250,Kalindi Kunj/Agra Canal,CWC,7,Delhi,78,EAST,-,-,-,Ganga,Ganga,Yamuna,Yamuna,Yamuna,Yamuna,28.54270556,77.30809444,2023-02-01 08:30:00,27.0,,,
251,Kalindi Kunj/Agra Canal,CWC,7,Delhi,78,EAST,-,-,-,Ganga,Ganga,Yamuna,Yamuna,Yamuna,Yamuna,28.54270556,77.30809444,2023-11-01 08:30:00,24.85,,,
252,Kalindi Kunj/Agra Canal,CWC,7,Delhi,78,EAST,-,-,-,Ganga,Ganga,Yamuna,Yamuna,Yamuna,Yamuna,28.54270556,77.30809444,2023-01-21 08:30:00,24.22,,,
253,Kalindi Kunj/Agra Canal,CWC,7,Delhi,78,EAST,-,-,-,Ganga,Ganga,Yamuna,Yamuna,Yamuna,Yamuna,28.54270556,77.30809444,2023-01-02 08:30:00,33.01,,,
254,Kalindi Kunj/Agra Canal,CWC,7,Delhi,78,EAST,-,-,-,Ganga,Ganga,Yamuna,Yamuna,Yamuna,Yamuna,28.54270556,77.30809444,2023-02-13 08:30:00,27.17,,,
255,Kalindi Kunj/Agra Canal,CWC,7,Delhi,78,EAST,-,-,-,Ganga,Ganga,Yamuna,Yamuna,Yamuna,Yamuna,28.54270556,77.30809444,2023-02-21 08:30:00,34.43,,,
256,Kalindi Kunj/Agra Canal,CWC,7,Delhi,78,EAST,-,-,-,Ganga,Ganga,Yamuna,Yamuna,Yamuna,Yamuna,28.54270556,77.30809444,2023-01-03 08:30:00,26.85,,,
257,Kalindi Kunj/Agra Canal,CWC,7,Delhi,78,EAST,-,-,-,Ganga,Ganga,Yamuna,Yamuna,Yamuna,Yamuna,28.54270556,77.30809444,2023-03-13 08:30:00,32.27,,,
258,Kalindi Kunj/Agra Canal,CWC,7,Delhi,78,EAST,-,-,-,Ganga,Ganga,Yamuna,Yamuna,Yamuna,Yamuna,28.54270556,77.30809444,2023-03-21 08:30:00,27.62,,,
259,Kalindi Kunj/Agra Canal,CWC,7,Delhi,78,EAST,-,-,-,Ganga,Ganga,Yamuna,Yamuna,Yamuna,Yamuna,28.54270556,77.30809444,2023-01-04 08:30:00,30.51,,,
260,Kalindi Kunj/Agra Canal,CWC,7,Delhi,78,EAST,-,-,-,Ganga,Ganga,Yamuna,Yamuna,Yamuna,Yamuna,28.54270556,77.30809444,2023-11-04 08:30:00,24.41,,,
261,Kalindi Kunj/Agra Canal,CWC,7,Delhi,78,EAST,-,-,-,Ganga,Ganga,Yamuna,Yamuna,Yamuna,Yamuna,28.54270556,77.30809444,2023-04-20 08:30:00,35.97,,,
262,Kalindi Kunj/Agra Canal,CWC,7,Delhi,78,EAST,-,-,-,Ganga,Ganga,Yamuna,Yamuna,Yamuna,Yamuna,28.54270556,77.30809444,2023-01-05 11:45:00,27.66,,,
263,Kalindi Kunj/Agra Canal,CWC,7,Delhi,78,EAST,-,-,-,Ganga,Ganga,Yamuna,Yamuna,Yamuna,Yamuna,28.54270556,77.30809444,2023-11-05 12:01:00,31.39,,,
264,Kalindi Kunj/Agra Canal,CWC,7,Delhi,78,EAST,-,-,-,Ganga,Ganga,Yamuna,Yamuna,Yamuna,Yamuna,28.54270556,77.30809444,2023-05-22 12:17:00,30.5,,,
265,Kalindi Kunj/Agra Canal,CWC,7,Delhi,78,EAST,-,-,-,Ganga,Ganga,Yamuna,Yamuna,Yamuna,Yamuna,28.54270556,77.30809444,2023-01-06 10:24:00,25.39,,,
266,Kalindi Kunj/Agra Canal,CWC,7,Delhi,78,EAST,-,-,-,Ganga,Ganga,Yamuna,Yamuna,Yamuna,Yamuna,28.54270556,77.30809444,2023-12-06 10:08:00,30.41,,,
267,Kalindi Kunj/Agra Canal,CWC,7,Delhi,78,EAST,-,-,-,Ganga,Ganga,Yamuna,Yamuna,Yamuna,Yamuna,28.54270556,77.30809444,2023-06-21 12:02:00,29.08,,,
268,Kalindi Kunj/Agra Canal,CWC,7,Delhi,78,EAST,-,-,-,Ganga,Ganga,Yamuna,Yamuna,Yamuna,Yamuna,28.54270556,77.30809444,2023-01-07 15:13:00,23.87,,,
269,Kalindi Kunj/Agra Canal,CWC,7,Delhi,78,EAST,-,-,-,Ganga,Ganga,Yamuna,Yamuna,Yamuna,Yamuna,28.54270556,77.30809444,2023-11-07 15:34:00,26.15,,,
270,Kalindi Kunj/Agra Canal,CWC,7,Delhi,78,EAST,-,-,-,Ganga,Ganga,Yamuna,Yamuna,Yamuna,Yamuna,28.54270556,77.30809444,2023-07-21 15:26:00,28.56,,,
271,Kalindi Kunj/Agra Canal,CWC,7,Delhi,78,EAST,-,-,-,Ganga,Ganga,Yamuna,Yamuna,Yamuna,Yamuna,28.54270556,77.30809444,2023-01-08 10:26:00,9.36,,,
272,Kalindi Kunj/Agra Canal,CWC,7,Delhi,78,EAST,-,-,-,Ganga,Ganga,Yamuna,Yamuna,Yamuna,Yamuna,28.54270556,77.30809444,2023-11-08 14:28:00,3.13,,,
273,Kalindi Kunj/Agra Canal,CWC,7,Delhi,78,EAST,-,-,-,Ganga,Ganga,Yamuna,Yamuna,Yamuna,Yamuna,28.54270556,77.30809444,2023-08-21 10:48:00,1.82,,,
274,Kalindi Kunj/Agra Canal,CWC,7,Delhi,78,EAST,-,-,-,Ganga,Ganga,Yamuna,Yamuna,Yamuna,Yamuna,28.54270556,77.30809444,2023-01-09 14:56:00,45.46,,,
275,Kalindi Kunj/Agra Canal,CWC,7,Delhi,78,EAST,-,-,-,Ganga,Ganga,Yamuna,Yamuna,Yamuna,Yamuna,28.54270556,77.30809444,2023-11-09 11:08:00,65.81,,,
276,Kalindi Kunj/Agra Canal,CWC,7,Delhi,78,EAST,-,-,-,Ganga,Ganga,Yamuna,Yamuna,Yamuna,Yamuna,28.54270556,77.30809444,2023-09-21 11:12:00,51.46,,,
277,Kalindi Kunj/Agra Canal,CWC,7,Delhi,78,EAST,-,-,-,Ganga,Ganga,Yamuna,Yamuna,Yamuna,Yamuna,28.54270556,77.30809444,2023-03-10 10:55:00,50.53,,,
278,Kalindi Kunj/Agra Canal,CWC,7,Delhi,78,EAST,-,-,-,Ganga,Ganga,Yamuna,Yamuna,Yamuna,Yamuna,28.54270556,77.30809444,2023-11-10 14:38:00,21.54,,,
279,Kalindi Kunj/Agra Canal,CWC,7,Delhi,78,EAST,-,-,-,Ganga,Ganga,Yamuna,Yamuna,Yamuna,Yamuna,28.54270556,77.30809444,2023-10-21 12:49:00,26.46,,,
280,Kalindi Kunj/Agra Canal,CWC,7,Delhi,78,EAST,-,-,-,Ganga,Ganga,Yamuna,Yamuna,Yamuna,Yamuna,28.54270556,77.30809444,2023-01-11 14:51:00,43.32,,,
281,Kalindi Kunj/Agra Canal,CWC,7,Delhi,78,EAST,-,-,-,Ganga,Ganga,Yamuna,Yamuna,Yamuna,Yamuna,28.54270556,77.30809444,2023-11-13 13:58:00,13.42,,,
282,Kalindi Kunj/Agra Canal,CWC,7,Delhi,78,EAST,-,-,-,Ganga,Ganga,Yamuna,Yamuna,Yamuna,Yamuna,28.54270556,77.30809444,2023-11-21 15:31:00,19.98,,,
283,Kalindi Kunj/Agra Canal,CWC,7,Delhi,78,EAST,-,-,-,Ganga,Ganga,Yamuna,Yamuna,Yamuna,Yamuna,28.54270556,77.30809444,2023-01-12 11:24:00,32.4,,,
284,Kalindi Kunj/Agra Canal,CWC,7,Delhi,78,EAST,-,-,-,Ganga,Ganga,Yamuna,Yamuna,Yamuna,Yamuna,28.54270556,77.30809444,2023-11-12 10:33:00,21.5,,,
285,Kalindi Kunj/Agra Canal,CWC,7,Delhi,78,EAST,-,-,-,Ganga,Ganga,Yamuna,Yamuna,Yamuna,Yamuna,28.54270556,77.30809444,2023-12-21 12:52:00,38.4,,,
286,Kalindi Kunj/Agra Canal,CWC,7,Delhi,78,EAST,-,-,-,Ganga,Ganga,Yamuna,Yamuna,Yamuna,Yamuna,28.54270556,77.30809444,2024-01-01 10:47:00,58.4,,,
287,Kalindi Kunj/Agra Canal,CWC,7,Delhi,78,EAST,-,-,-,Ganga,Ganga,Yamuna,Yamuna,Yamuna,Yamuna,28.54270556,77.30809444,2024-11-01 15:33:00,22.0,,,
288,Kalindi Kunj/Agra Canal,CWC,7,Delhi,78,EAST,-,-,-,Ganga,Ganga,Yamuna,Yamuna,Yamuna,Yamuna,28.54270556,77.30809444,2024-01-23 16:07:00,55.3,,,
289,Kalindi Kunj/Agra Canal,CWC,7,Delhi,78,EAST,-,-,-,Ganga,Ganga,Yamuna,Yamuna,Yamuna,Yamuna,28.54270556,77.30809444,2024-01-02 10:30:00,76.1,,,
290,Kalindi Kunj/Agra Canal,CWC,7,Delhi,78,EAST,-,-,-,Ganga,Ganga,Yamuna,Yamuna,Yamuna,Yamuna,28.54270556,77.30809444,2024-12-02 10:30:00,70.5,,,
291,Kalindi Kunj/Agra Canal,CWC,7,Delhi,78,EAST,-,-,-,Ganga,Ganga,Yamuna,Yamuna,Yamuna,Yamuna,28.54270556,77.30809444,2024-01-03 10:30:00,50.3,,,
292,Kalindi Kunj/Agra Canal,CWC,7,Delhi,78,EAST,-,-,-,Ganga,Ganga,Yamuna,Yamuna,Yamuna,Yamuna,28.54270556,77.30809444,2024-11-03 10:10:00,58.1,,,
293,Kalindi Kunj/Agra Canal,CWC,7,Delhi,78,EAST,-,-,-,Ganga,Ganga,Yamuna,Yamuna,Yamuna,Yamuna,28.54270556,77.30809444,2024-03-21 10:00:00,34.8,,,
294,Kalindi Kunj/Agra Canal,CWC,7,Delhi,78,EAST,-,-,-,Ganga,Ganga,Yamuna,Yamuna,Yamuna,Yamuna,28.54270556,77.30809444,2024-01-04 09:04:00,36.4,,,
295,Kalindi Kunj/Agra Canal,CWC,7,Delhi,78,EAST,-,-,-,Ganga,Ganga,Yamuna,Yamuna,Yamuna,Yamuna,28.54270556,77.30809444,2024-11-04 09:10:00,63.3,,,
296,Kalindi Kunj/Agra Canal,CWC,7,Delhi,78,EAST,-,-,-,Ganga,Ganga,Yamuna,Yamuna,Yamuna,Yamuna,28.54270556,77.30809444,2024-04-21 09:15:00,62.3,,,
297,Kalindi Kunj/Agra Canal,CWC,7,Delhi,78,EAST,-,-,-,Ganga,Ganga,Yamuna,Yamuna,Yamuna,Yamuna,28.54270556,77.30809444,2024-01-05 08:35:00,58.4,,,
298,Kalindi Kunj/Agra Canal,CWC,7,Delhi,78,EAST,-,-,-,Ganga,Ganga,Yamuna,Yamuna,Yamuna,Yamuna,28.54270556,77.30809444,2024-05-13 08:24:00,57.0,,,
299,Kalindi Kunj/Agra Canal,CWC,7,Delhi,78,EAST,-,-,-,Ganga,Ganga,Yamuna,Yamuna,Yamuna,Yamuna,28.54270556,77.30809444,2024-05-21 08:27:00,67.5,,,
300,Kalindi Kunj/Agra Canal,CWC,7,Delhi,78,EAST,-,-,-,Ganga,Ganga,Yamuna,Yamuna,Yamuna,Yamuna,28.54270556,77.30809444,2024-01-06 14:43:00,43.3,,,
301,Kalindi Kunj/Agra Canal,CWC,7,Delhi,78,EAST,-,-,-,Ganga,Ganga,Yamuna,Yamuna,Yamuna,Yamuna,28.54270556,77.30809444,2024-11-06 10:15:00,94.0,,,
302,Kalindi Kunj/Agra Canal,CWC,7,Delhi,78,EAST,-,-,-,Ganga,Ganga,Yamuna,Yamuna,Yamuna,Yamuna,28.54270556,77.30809444,2024-06-21 10:15:00,76.2,,,
303,Kalindi Kunj/Agra Canal,CWC,7,Delhi,78,EAST,-,-,-,Ganga,Ganga,Yamuna,Yamuna,Yamuna,Yamuna,28.54270556,77.30809444,2024-01-07 10:20:00,72.0,,,
304,Kalindi Kunj/Agra Canal,CWC,7,Delhi,78,EAST,-,-,-,Ganga,Ganga,Yamuna,Yamuna,Yamuna,Yamuna,28.54270556,77.30809444,2024-11-07 10:05:00,64.3,,,
305,Kalindi Kunj/Agra Canal,CWC,7,Delhi,78,EAST,-,-,-,Ganga,Ganga,Yamuna,Yamuna,Yamuna,Yamuna,28.54270556,77.30809444,2024-07-22 10:10:00,66.3,,,
306,Kalindi Kunj/Agra Canal,CWC,7,Delhi,78,EAST,-,-,-,Ganga,Ganga,Yamuna,Yamuna,Yamuna,Yamuna,28.54270556,77.30809444,2024-01-08 10:30:00,14.3,,,
307,Kalindi Kunj/Agra Canal,CWC,7,Delhi,78,EAST,-,-,-,Ganga,Ganga,Yamuna,Yamuna,Yamuna,Yamuna,28.54270556,77.30809444,2024-12-08 10:00:00,42.2,,,
308,Kalindi Kunj/Agra Canal,CWC,7,Delhi,78,EAST,-,-,-,Ganga,Ganga,Yamuna,Yamuna,Yamuna,Yamuna,28.54270556,77.30809444,2024-08-21 10:00:00,44.8,,,
309,Kalindi Kunj/Agra Canal,CWC,7,Delhi,78,EAST,-,-,-,Ganga,Ganga,Yamuna,Yamuna,Yamuna,Yamuna,28.54270556,77.30809444,2024-02-09 10:30:00,17.2,,,
310,Kalindi Kunj/Agra Canal,CWC,7,Delhi,78,EAST,-,-,-,Ganga,Ganga,Yamuna,Yamuna,Yamuna,Yamuna,28.54270556,77.30809444,2024-11-09 10:00:00,34.4,,,
311,Kalindi Kunj/Agra Canal,CWC,7,Delhi,78,EAST,-,-,-,Ganga,Ganga,Yamuna,Yamuna,Yamuna,Yamuna,28.54270556,77.30809444,2024-09-21 09:45:00,30.2,,,
312,Kalindi Kunj/Agra Canal,CWC,7,Delhi,78,EAST,-,-,-,Ganga,Ganga,Yamuna,Yamuna,Yamuna,Yamuna,28.54270556,77.30809444,2024-03-10 10:05:00,23.6,,,
313,Kalindi Kunj/Agra Canal,CWC,7,Delhi,78,EAST,-,-,-,Ganga,Ganga,Yamuna,Yamuna,Yamuna,Yamuna,28.54270556,77.30809444,2024-10-14 10:00:00,39.0,,,
314,Kalindi Kunj/Agra Canal,CWC,7,Delhi,78,EAST,-,-,-,Ganga,Ganga,Yamuna,Yamuna,Yamuna,Yamuna,28.54270556,77.30809444,2024-10-21 10:05:00,34.1,,,
315,Kalindi Kunj/Agra Canal,CWC,7,Delhi,78,EAST,-,-,-,Ganga,Ganga,Yamuna,Yamuna,Yamuna,Yamuna,28.54270556,77.30809444,2024-04-11 10:50:00,41.9,,,
316,Kalindi Kunj/Agra Canal,CWC,7,Delhi,78,EAST,-,-,-,Ganga,Ganga,Yamuna,Yamuna,Yamuna,Yamuna,28.54270556,77.30809444,2024-11-11 10:55:00,38.6,,,
317,Kalindi Kunj/Agra Canal,CWC,7,Delhi,78,EAST,-,-,-,Ganga,Ganga,Yamuna,Yamuna,Yamuna,Yamuna,28.54270556,77.30809444,2024-11-21 10:40:00,26.3,,,
318,Okhla Barrage D/S of Delhi,CWC,7,Delhi,83,SOUTH,-,-,-,Ganga,Ganga,Yamuna,Yamuna,Yamuna,Yamuna,28.545,77.31194444,2023-02-01 08:30:00,30.99,,,
319,Okhla Barrage D/S of Delhi,CWC,7,Delhi,83,SOUTH,-,-,-,Ganga,Ganga,Yamuna,Yamuna,Yamuna,Yamuna,28.545,77.31194444,2023-11-01 08:30:00,24.47,,,
320,Okhla Barrage D/S of Delhi,CWC,7,Delhi,83,SOUTH,-,-,-,Ganga,Ganga,Yamuna,Yamuna,Yamuna,Yamuna,28.545,77.31194444,2023-01-21 08:30:00,23.82,,,
321,Okhla Barrage D/S of Delhi,CWC,7,Delhi,83,SOUTH,-,-,-,Ganga,Ganga,Yamuna,Yamuna,Yamuna,Yamuna,28.545,77.31194444,2023-01-02 08:30:00,31.82,,,
322,Okhla Barrage D/S of Delhi,CWC,7,Delhi,83,SOUTH,-,-,-,Ganga,Ganga,Yamuna,Yamuna,Yamuna,Yamuna,28.545,77.31194444,2023-02-13 08:30:00,26.75,,,
323,Okhla Barrage D/S of Delhi,CWC,7,Delhi,83,SOUTH,-,-,-,Ganga,Ganga,Yamuna,Yamuna,Yamuna,Yamuna,28.545,77.31194444,2023-02-21 08:30:00,42.91,,,
324,Okhla Barrage D/S of Delhi,CWC,7,Delhi,83,SOUTH,-,-,-,Ganga,Ganga,Yamuna,Yamuna,Yamuna,Yamuna,28.545,77.31194444,2023-01-03 08:30:00,30.07,,,
325,Okhla Barrage D/S of Delhi,CWC,7,Delhi,83,SOUTH,-,-,-,Ganga,Ganga,Yamuna,Yamuna,Yamuna,Yamuna,28.545,77.31194444,2023-03-13 08:30:00,30.27,,,
326,Okhla Barrage D/S of Delhi,CWC,7,Delhi,83,SOUTH,-,-,-,Ganga,Ganga,Yamuna,Yamuna,Yamuna,Yamuna,28.545,77.31194444,2023-03-21 08:30:00,27.62,,,
327,Okhla Barrage D/S of Delhi,CWC,7,Delhi,83,SOUTH,-,-,-,Ganga,Ganga,Yamuna,Yamuna,Yamuna,Yamuna,28.545,77.31194444,2023-01-04 08:30:00,32.12,,,
328,Okhla Barrage D/S of Delhi,CWC,7,Delhi,83,SOUTH,-,-,-,Ganga,Ganga,Yamuna,Yamuna,Yamuna,Yamuna,28.545,77.31194444,2023-11-04 08:30:00,25.62,,,
329,Okhla Barrage D/S of Delhi,CWC,7,Delhi,83,SOUTH,-,-,-,Ganga,Ganga,Yamuna,Yamuna,Yamuna,Yamuna,28.545,77.31194444,2023-04-21 14:58:00,23.77,,,
330,Okhla Barrage D/S of Delhi,CWC,7,Delhi,83,SOUTH,-,-,-,Ganga,Ganga,Yamuna,Yamuna,Yamuna,Yamuna,28.545,77.31194444,2023-01-05 12:31:00,23.7,,,
331,Okhla Barrage D/S of Delhi,CWC,7,Delhi,83,SOUTH,-,-,-,Ganga,Ganga,Yamuna,Yamuna,Yamuna,Yamuna,28.545,77.31194444,2023-11-05 12:43:00,31.36,,,
332,Okhla Barrage D/S of Delhi,CWC,7,Delhi,83,SOUTH,-,-,-,Ganga,Ganga,Yamuna,Yamuna,Yamuna,Yamuna,28.545,77.31194444,2023-05-22 13:36:00,28.46,,,
333,Okhla Barrage D/S of Delhi,CWC,7,Delhi,83,SOUTH,-,-,-,Ganga,Ganga,Yamuna,Yamuna,Yamuna,Yamuna,28.545,77.31194444,2023-01-06 10:31:00,26.61,,,
334,Okhla Barrage D/S of Delhi,CWC,7,Delhi,83,SOUTH,-,-,-,Ganga,Ganga,Yamuna,Yamuna,Yamuna,Yamuna,28.545,77.31194444,2023-12-06 09:59:00,31.61,,,
335,Okhla Barrage D/S of Delhi,CWC,7,Delhi,83,SOUTH,-,-,-,Ganga,Ganga,Yamuna,Yamuna,Yamuna,Yamuna,28.545,77.31194444,2023-06-21 12:39:00,18.48,,,
336,Okhla Barrage D/S of Delhi,CWC,7,Delhi,83,SOUTH,-,-,-,Ganga,Ganga,Yamuna,Yamuna,Yamuna,Yamuna,28.545,77.31194444,2023-01-07 15:39:00,32.15,,,
337,Okhla Barrage D/S of Delhi,CWC,7,Delhi,83,SOUTH,-,-,-,Ganga,Ganga,Yamuna,Yamuna,Yamuna,Yamuna,28.545,77.31194444,2023-11-07 15:21:00,8.56,,,
338,Okhla Barrage D/S of Delhi,CWC,7,Delhi,83,SOUTH,-,-,-,Ganga,Ganga,Yamuna,Yamuna,Yamuna,Yamuna,28.545,77.31194444,2023-07-21 15:36:00,24.32,,,
339,Okhla Barrage D/S of Delhi,CWC,7,Delhi,83,SOUTH,-,-,-,Ganga,Ganga,Yamuna,Yamuna,Yamuna,Yamuna,28.545,77.31194444,2023-01-08 10:31:00,42.38,,,
340,Okhla Barrage D/S of Delhi,CWC,7,Delhi,83,SOUTH,-,-,-,Ganga,Ganga,Yamuna,Yamuna,Yamuna,Yamuna,28.545,77.31194444,2023-11-08 14:38:00,16.64,,,
341,Okhla Barrage D/S of Delhi,CWC,7,Delhi,83,SOUTH,-,-,-,Ganga,Ganga,Yamuna,Yamuna,Yamuna,Yamuna,28.545,77.31194444,2023-08-21 10:52:00,2.03,,,
342,Okhla Barrage D/S of Delhi,CWC,7,Delhi,83,SOUTH,-,-,-,Ganga,Ganga,Yamuna,Yamuna,Yamuna,Yamuna,28.545,77.31194444,2023-01-09 14:36:00,41.57,,,
343,Okhla Barrage D/S of Delhi,CWC,7,Delhi,83,SOUTH,-,-,-,Ganga,Ganga,Yamuna,Yamuna,Yamuna,Yamuna,28.545,77.31194444,2023-11-09 11:16:00,74.7,,,
344,Okhla Barrage D/S of Delhi,CWC,7,Delhi,83,SOUTH,-,-,-,Ganga,Ganga,Yamuna,Yamuna,Yamuna,Yamuna,28.545,77.31194444,2023-09-21 11:21:00,17.76,,,
345,Okhla Barrage D/S of Delhi,CWC,7,Delhi,83,SOUTH,-,-,-,Ganga,Ganga,Yamuna,Yamuna,Yamuna,Yamuna,28.545,77.31194444,2023-03-10 10:59:00,46.5,,,
346,Okhla Barrage D/S of Delhi,CWC,7,Delhi,83,SOUTH,-,-,-,Ganga,Ganga,Yamuna,Yamuna,Yamuna,Yamuna,28.545,77.31194444,2023-11-10 14:31:00,37.45,,,
347,Okhla Barrage D/S of Delhi,CWC,7,Delhi,83,SOUTH,-,-,-,Ganga,Ganga,Yamuna,Yamuna,Yamuna,Yamuna,28.545,77.31194444,2023-10-21 12:44:00,26.46,,,
348,Okhla Barrage D/S of Delhi,CWC,7,Delhi,83,SOUTH,-,-,-,Ganga,Ganga,Yamuna,Yamuna,Yamuna,Yamuna,28.545,77.31194444,2023-01-11 14:56:00,46.83,,,
349,Okhla Barrage D/S of Delhi,CWC,7,Delhi,83,SOUTH,-,-,-,Ganga,Ganga,Yamuna,Yamuna,Yamuna,Yamuna,28.545,77.31194444,2023-11-13 14:14:00,34.3,,,
350,Okhla Barrage D/S of Delhi,CWC,7,Delhi,83,SOUTH,-,-,-,Ganga,Ganga,Yamuna,Yamuna,Yamuna,Yamuna,28.545,77.31194444,2023-11-21 15:26:00,25.3,,,
351,Okhla Barrage D/S of Delhi,CWC,7,Delhi,83,SOUTH,-,-,-,Ganga,Ganga,Yamuna,Yamuna,Yamuna,Yamuna,28.545,77.31194444,2023-01-12 11:32:00,51.2,,,
352,Okhla Barrage D/S of Delhi,CWC,7,Delhi,83,SOUTH,-,-,-,Ganga,Ganga,Yamuna,Yamuna,Yamuna,Yamuna,28.545,77.31194444,2023-11-12 10:39:00,28.9,,,
353,Okhla Barrage D/S of Delhi,CWC,7,Delhi,83,SOUTH,-,-,-,Ganga,Ganga,Yamuna,Yamuna,Yamuna,Yamuna,28.545,77.31194444,2023-12-21 12:58:00,36.2,,,
354,Okhla Barrage D/S of Delhi,CWC,7,Delhi,83,SOUTH,-,-,-,Ganga,Ganga,Yamuna,Yamuna,Yamuna,Yamuna,28.545,77.31194444,2024-01-01 11:32:00,48.3,,,
355,Okhla Barrage D/S of Delhi,CWC,7,Delhi,83,SOUTH,-,-,-,Ganga,Ganga,Yamuna,Yamuna,Yamuna,Yamuna,28.545,77.31194444,2024-11-01 15:43:00,42.2,,,
356,Okhla Barrage D/S of Delhi,CWC,7,Delhi,83,SOUTH,-,-,-,Ganga,Ganga,Yamuna,Yamuna,Yamuna,Yamuna,28.545,77.31194444,2024-01-02 11:00:00,84.1,,,
357,Okhla Barrage D/S of Delhi,CWC,7,Delhi,83,SOUTH,-,-,-,Ganga,Ganga,Yamuna,Yamuna,Yamuna,Yamuna,28.545,77.31194444,2024-12-02 11:00:00,48.4,,,
358,Okhla Barrage D/S of Delhi,CWC,7,Delhi,83,SOUTH,-,-,-,Ganga,Ganga,Yamuna,Yamuna,Yamuna,Yamuna,28.545,77.31194444,2024-01-03 10:50:00,70.6,,,
359,Okhla Barrage D/S of Delhi,CWC,7,Delhi,83,SOUTH,-,-,-,Ganga,Ganga,Yamuna,Yamuna,Yamuna,Yamuna,28.545,77.31194444,2024-11-03 10:11:00,80.2,,,
360,Okhla Barrage D/S of Delhi,CWC,7,Delhi,83,SOUTH,-,-,-,Ganga,Ganga,Yamuna,Yamuna,Yamuna,Yamuna,28.545,77.31194444,2024-03-21 10:29:00,65.1,,,
361,Okhla Barrage D/S of Delhi,CWC,7,Delhi,83,SOUTH,-,-,-,Ganga,Ganga,Yamuna,Yamuna,Yamuna,Yamuna,28.545,77.31194444,2024-01-04 08:28:00,54.2,,,
362,Okhla Barrage D/S of Delhi,CWC,7,Delhi,83,SOUTH,-,-,-,Ganga,Ganga,Yamuna,Yamuna,Yamuna,Yamuna,28.545,77.31194444,2024-11-04 08:33:00,59.6,,,
363,Okhla Barrage D/S of Delhi,CWC,7,Delhi,83,SOUTH,-,-,-,Ganga,Ganga,Yamuna,Yamuna,Yamuna,Yamuna,28.545,77.31194444,2024-04-21 09:31:00,63.1,,,
364,Okhla Barrage D/S of Delhi,CWC,7,Delhi,83,SOUTH,-,-,-,Ganga,Ganga,Yamuna,Yamuna,Yamuna,Yamuna,28.545,77.31194444,2024-01-05 09:25:00,43.8,,,
365,Okhla Barrage D/S of Delhi,CWC,7,Delhi,83,SOUTH,-,-,-,Ganga,Ganga,Yamuna,Yamuna,Yamuna,Yamuna,28.545,77.31194444,2024-05-13 09:30:00,47.2,,,
366,Okhla Barrage D/S of Delhi,CWC,7,Delhi,83,SOUTH,-,-,-,Ganga,Ganga,Yamuna,Yamuna,Yamuna,Yamuna,28.545,77.31194444,2024-05-21 09:00:00,53.7,,,
367,Okhla Barrage D/S of Delhi,CWC,7,Delhi,83,SOUTH,-,-,-,Ganga,Ganga,Yamuna,Yamuna,Yamuna,Yamuna,28.545,77.31194444,2024-01-06 10:25:00,44.6,,,
368,Okhla Barrage D/S of Delhi,CWC,7,Delhi,83,SOUTH,-,-,-,Ganga,Ganga,Yamuna,Yamuna,Yamuna,Yamuna,28.545,77.31194444,2024-11-06 10:30:00,43.0,,,
369,Okhla Barrage D/S of Delhi,CWC,7,Delhi,83,SOUTH,-,-,-,Ganga,Ganga,Yamuna,Yamuna,Yamuna,Yamuna,28.545,77.31194444,2024-06-21 09:45:00,42.0,,,
370,Okhla Barrage D/S of Delhi,CWC,7,Delhi,83,SOUTH,-,-,-,Ganga,Ganga,Yamuna,Yamuna,Yamuna,Yamuna,28.545,77.31194444,2024-01-07 09:00:00,37.0,,,
371,Okhla Barrage D/S of Delhi,CWC,7,Delhi,83,SOUTH,-,-,-,Ganga,Ganga,Yamuna,Yamuna,Yamuna,Yamuna,28.545,77.31194444,2024-11-07 09:30:00,43.6,,,
372,Okhla Barrage D/S of Delhi,CWC,7,Delhi,83,SOUTH,-,-,-,Ganga,Ganga,Yamuna,Yamuna,Yamuna,Yamuna,28.545,77.31194444,2024-07-22 09:35:00,45.4,,,
373,Okhla Barrage D/S of Delhi,CWC,7,Delhi,83,SOUTH,-,-,-,Ganga,Ganga,Yamuna,Yamuna,Yamuna,Yamuna,28.545,77.31194444,2024-01-08 10:00:00,25.5,,,
374,Okhla Barrage D/S of Delhi,CWC,7,Delhi,83,SOUTH,-,-,-,Ganga,Ganga,Yamuna,Yamuna,Yamuna,Yamuna,28.545,77.31194444,2024-12-08 10:20:00,22.7,,,
375,Okhla Barrage D/S of Delhi,CWC,7,Delhi,83,SOUTH,-,-,-,Ganga,Ganga,Yamuna,Yamuna,Yamuna,Yamuna,28.545,77.31194444,2024-08-21 10:15:00,19.9,,,
376,Okhla Barrage D/S of Delhi,CWC,7,Delhi,83,SOUTH,-,-,-,Ganga,Ganga,Yamuna,Yamuna,Yamuna,Yamuna,28.545,77.31194444,2024-02-09 10:05:00,11.3,,,
377,Okhla Barrage D/S of Delhi,CWC,7,Delhi,83,SOUTH,-,-,-,Ganga,Ganga,Yamuna,Yamuna,Yamuna,Yamuna,28.545,77.31194444,2024-11-09 10:25:00,23.5,,,
378,Okhla Barrage D/S of Delhi,CWC,7,Delhi,83,SOUTH,-,-,-,Ganga,Ganga,Yamuna,Yamuna,Yamuna,Yamuna,28.545,77.31194444,2024-09-21 10:20:00,27.8,,,
379,Okhla Barrage D/S of Delhi,CWC,7,Delhi,83,SOUTH,-,-,-,Ganga,Ganga,Yamuna,Yamuna,Yamuna,Yamuna,28.545,77.31194444,2024-03-10 10:25:00,27.4,,,
380,Okhla Barrage D/S of Delhi,CWC,7,Delhi,83,SOUTH,-,-,-,Ganga,Ganga,Yamuna,Yamuna,Yamuna,Yamuna,28.545,77.31194444,2024-10-14 10:30:00,41.1,,,
381,Okhla Barrage D/S of Delhi,CWC,7,Delhi,83,SOUTH,-,-,-,Ganga,Ganga,Yamuna,Yamuna,Yamuna,Yamuna,28.545,77.31194444,2024-10-21 10:25:00,44.4,,,
382,Okhla Barrage D/S of Delhi,CWC,7,Delhi,83,SOUTH,-,-,-,Ganga,Ganga,Yamuna,Yamuna,Yamuna,Yamuna,28.545,77.31194444,2024-04-11 10:30:00,42.8,,,
383,Okhla Barrage D/S of Delhi,CWC,7,Delhi,83,SOUTH,-,-,-,Ganga,Ganga,Yamuna,Yamuna,Yamuna,Yamuna,28.545,77.31194444,2024-11-11 10:25:00,44.4,,,
384,Okhla Barrage D/S of Delhi,CWC,7,Delhi,83,SOUTH,-,-,-,Ganga,Ganga,Yamuna,Yamuna,Yamuna,Yamuna,28.545,77.31194444,2024-11-21 10:15:00,31.1,,,
385,Palla,CWC,7,Delhi,82,NORTH WEST,SARASWATI VIHAR,-,-,Ganga,Ganga,Yamuna,-,-,Yamuna,28.84527778,77.21277778,2021-01-01 08:30:00,7.88,,45000.0,230000.0
386,Palla,CWC,7,Delhi,82,NORTH WEST,SARASWATI VIHAR,-,-,Ganga,Ganga,Yamuna,-,-,Yamuna,28.84527778,77.21277778,2021-01-02 08:30:00,7.0,,200000.0,2300000.0
387,Palla,CWC,7,Delhi,82,NORTH WEST,SARASWATI VIHAR,-,-,Ganga,Ganga,Yamuna,-,-,Yamuna,28.84527778,77.21277778,2021-01-03 08:31:00,15.0,,20000.0,1100000.0
388,Palla,CWC,7,Delhi,82,NORTH WEST,SARASWATI VIHAR,-,-,Ganga,Ganga,Yamuna,-,-,Yamuna,28.84527778,77.21277778,2021-01-04 08:30:00,6.55,,40000.0,790000.0
389,Palla,CWC,7,Delhi,82,NORTH WEST,SARASWATI VIHAR,-,-,Ganga,Ganga,Yamuna,-,-,Yamuna,28.84527778,77.21277778,2021-01-05 08:30:00,5.16,,20000.0,700000.0
390,Palla,CWC,7,Delhi,82,NORTH WEST,SARASWATI VIHAR,-,-,Ganga,Ganga,Yamuna,-,-,Yamuna,28.84527778,77.21277778,2021-11-05 08:30:00,5.78,,40000.0,330000.0
391,Palla,CWC,7,Delhi,82,NORTH WEST,SARASWATI VIHAR,-,-,Ganga,Ganga,Yamuna,-,-,Yamuna,28.84527778,77.21277778,2021-05-21 08:30:00,,,230000.0,2400000.0
392,Palla,CWC,7,Delhi,82,NORTH WEST,SARASWATI VIHAR,-,-,Ganga,Ganga,Yamuna,-,-,Yamuna,28.84527778,77.21277778,2021-01-06 08:30:00,1.7,,4000.0,490000.0
393,Palla,CWC,7,Delhi,82,NORTH WEST,SARASWATI VIHAR,-,-,Ganga,Ganga,Yamuna,-,-,Yamuna,28.84527778,77.21277778,2021-11-06 08:30:00,1.77,,20000.0,230000.0
394,Palla,CWC,7,Delhi,82,NORTH WEST,SARASWATI VIHAR,-,-,Ganga,Ganga,Yamuna,-,-,Yamuna,28.84527778,77.21277778,2021-06-21 08:30:00,1.79,,4000.0,330000.0
395,Palla,CWC,7,Delhi,82,NORTH WEST,SARASWATI VIHAR,-,-,Ganga,Ganga,Yamuna,-,-,Yamuna,28.84527778,77.21277778,2021-01-07 08:30:00,2.0,,61000.0,230000.0
396,Palla,CWC,7,Delhi,82,NORTH WEST,SARASWATI VIHAR,-,-,Ganga,Ganga,Yamuna,-,-,Yamuna,28.84527778,77.21277778,2021-12-07 08:30:00,2.43,,40000.0,460000.0
397,Palla,CWC,7,Delhi,82,NORTH WEST,SARASWATI VIHAR,-,-,Ganga,Ganga,Yamuna,-,-,Yamuna,28.84527778,77.21277778,2021-07-22 08:30:00,5.99,,61000.0,700000.0
398,Palla,CWC,7,Delhi,82,NORTH WEST,SARASWATI VIHAR,-,-,Ganga,Ganga,Yamuna,-,-,Yamuna,28.84527778,77.21277778,2021-02-08 08:30:00,1.47,,40000.0,790000.0
399,Palla,CWC,7,Delhi,82,NORTH WEST,SARASWATI VIHAR,-,-,Ganga,Ganga,Yamuna,-,-,Yamuna,28.84527778,77.21277778,2021-11-08 08:30:00,15.18,,61000.0,700000.0
400,Palla,CWC,7,Delhi,82,NORTH WEST,SARASWATI VIHAR,-,-,Ganga,Ganga,Yamuna,-,-,Yamuna,28.84527778,77.21277778,2021-08-23 08:30:00,3.84,,40000.0,490000.0
401,Palla,CWC,7,Delhi,82,NORTH WEST,SARASWATI VIHAR,-,-,Ganga,Ganga,Yamuna,-,-,Yamuna,28.84527778,77.21277778,2021-01-09 08:30:00,17.77,,45000.0,1300000.0
402,Palla,CWC,7,Delhi,82,NORTH WEST,SARASWATI VIHAR,-,-,Ganga,Ganga,Yamuna,-,-,Yamuna,28.84527778,77.21277778,2021-09-13 08:30:00,18.2,,68000.0,2400000.0
403,Palla,CWC,7,Delhi,82,NORTH WEST,SARASWATI VIHAR,-,-,Ganga,Ganga,Yamuna,-,-,Yamuna,28.84527778,77.21277778,2021-09-21 08:30:00,17.99,,45000.0,790000.0
404,Palla,CWC,7,Delhi,82,NORTH WEST,SARASWATI VIHAR,-,-,Ganga,Ganga,Yamuna,-,-,Yamuna,28.84527778,77.21277778,2021-01-10 08:30:00,18.59,,140000.0,790000.0
405,Palla,CWC,7,Delhi,82,NORTH WEST,SARASWATI VIHAR,-,-,Ganga,Ganga,Yamuna,-,-,Yamuna,28.84527778,77.21277778,2021-11-10 08:30:00,32.48,,170000.0,1300000.0
406,Palla,CWC,7,Delhi,82,NORTH WEST,SARASWATI VIHAR,-,-,Ganga,Ganga,Yamuna,-,-,Yamuna,28.84527778,77.21277778,2021-10-21 08:30:00,13.99,,140000.0,400000.0
407,Palla,CWC,7,Delhi,82,NORTH WEST,SARASWATI VIHAR,-,-,Ganga,Ganga,Yamuna,-,-,Yamuna,28.84527778,77.21277778,2021-01-11 08:30:00,,,79000.0,11000.0
408,Palla,CWC,7,Delhi,82,NORTH WEST,SARASWATI VIHAR,-,-,Ganga,Ganga,Yamuna,-,-,Yamuna,28.84527778,77.21277778,2021-11-11 08:30:00,4.37,,6800.0,17000.0
409,Palla,CWC,7,Delhi,82,NORTH WEST,SARASWATI VIHAR,-,-,Ganga,Ganga,Yamuna,-,-,Yamuna,28.84527778,77.21277778,2021-11-22 08:30:00,2.64,,4000.0,14000.0
410,Palla,CWC,7,Delhi,82,NORTH WEST,SARASWATI VIHAR,-,-,Ganga,Ganga,Yamuna,-,-,Yamuna,28.84527778,77.21277778,2021-01-12 08:30:00,5.62,,78000.0,330000.0
411,Palla,CWC,7,Delhi,82,NORTH WEST,SARASWATI VIHAR,-,-,Ganga,Ganga,Yamuna,-,-,Yamuna,28.84527778,77.21277778,2021-12-13 08:30:00,4.98,,450.0,7000.0
412,Palla,CWC,7,Delhi,82,NORTH WEST,SARASWATI VIHAR,-,-,Ganga,Ganga,Yamuna,-,-,Yamuna,28.84527778,77.21277778,2021-12-21 08:30:00,4.44,,,
413,Palla,CWC,7,Delhi,82,NORTH WEST,SARASWATI VIHAR,-,-,Ganga,Ganga,Yamuna,-,-,Yamuna,28.84527778,77.21277778,2022-01-01 08:30:00,3.23,,92000.0,460000.0
414,Palla,CWC,7,Delhi,82,NORTH WEST,SARASWATI VIHAR,-,-,Ganga,Ganga,Yamuna,-,-,Yamuna,28.84527778,77.21277778,2022-11-01 08:30:00,,,45000.0,230000.0
415,Palla,CWC,7,Delhi,82,NORTH WEST,SARASWATI VIHAR,-,-,Ganga,Ganga,Yamuna,-,-,Yamuna,28.84527778,77.21277778,2022-01-21 08:30:00,3.42,,4000.0,170000.0
416,Palla,CWC,7,Delhi,82,NORTH WEST,SARASWATI VIHAR,-,-,Ganga,Ganga,Yamuna,-,-,Yamuna,28.84527778,77.21277778,2022-01-02 08:30:00,3.45,,40000.0,210000.0
417,Palla,CWC,7,Delhi,82,NORTH WEST,SARASWATI VIHAR,-,-,Ganga,Ganga,Yamuna,-,-,Yamuna,28.84527778,77.21277778,2022-11-02 08:30:00,6.03,,40000.0,170000.0
418,Palla,CWC,7,Delhi,82,NORTH WEST,SARASWATI VIHAR,-,-,Ganga,Ganga,Yamuna,-,-,Yamuna,28.84527778,77.21277778,2022-02-21 08:30:00,5.3,,20000.0,170000.0
419,Palla,CWC,7,Delhi,82,NORTH WEST,SARASWATI VIHAR,-,-,Ganga,Ganga,Yamuna,-,-,Yamuna,28.84527778,77.21277778,2022-02-03 08:30:00,3.75,,4000.0,23000.0
420,Palla,CWC,7,Delhi,82,NORTH WEST,SARASWATI VIHAR,-,-,Ganga,Ganga,Yamuna,-,-,Yamuna,28.84527778,77.21277778,2022-03-14 08:30:00,3.39,,2000.0,26000.0
421,Palla,CWC,7,Delhi,82,NORTH WEST,SARASWATI VIHAR,-,-,Ganga,Ganga,Yamuna,-,-,Yamuna,28.84527778,77.21277778,2022-03-21 08:30:00,3.74,,2000.0,13000.0
422,Palla,CWC,7,Delhi,82,NORTH WEST,SARASWATI VIHAR,-,-,Ganga,Ganga,Yamuna,-,-,Yamuna,28.84527778,77.21277778,2022-01-04 08:30:00,14.14,,4500.0,79000.0
423,Palla,CWC,7,Delhi,82,NORTH WEST,SARASWATI VIHAR,-,-,Ganga,Ganga,Yamuna,-,-,Yamuna,28.84527778,77.21277778,2022-11-04 08:30:00,12.49,,40000.0,460000.0
424,Palla,CWC,7,Delhi,82,NORTH WEST,SARASWATI VIHAR,-,-,Ganga,Ganga,Yamuna,-,-,Yamuna,28.84527778,77.21277778,2022-04-21 08:30:00,3.19,,20000.0,460000.0
425,Palla,CWC,7,Delhi,82,NORTH WEST,SARASWATI VIHAR,-,-,Ganga,Ganga,Yamuna,-,-,Yamuna,28.84527778,77.21277778,2022-02-05 08:30:00,18.51,,11000.0,220000.0
426,Palla,CWC,7,Delhi,82,NORTH WEST,SARASWATI VIHAR,-,-,Ganga,Ganga,Yamuna,-,-,Yamuna,28.84527778,77.21277778,2022-11-05 08:30:00,18.97,,9300.0,130000.0
427,Palla,CWC,7,Delhi,82,NORTH WEST,SARASWATI VIHAR,-,-,Ganga,Ganga,Yamuna,-,-,Yamuna,28.84527778,77.21277778,2022-05-21 08:30:00,18.44,,4000.0,49000.0
428,Palla,CWC,7,Delhi,82,NORTH WEST,SARASWATI VIHAR,-,-,Ganga,Ganga,Yamuna,-,-,Yamuna,28.84527778,77.21277778,2022-01-06 08:30:00,14.11,,49000.0,3500000.0
429,Palla,CWC,7,Delhi,82,NORTH WEST,SARASWATI VIHAR,-,-,Ganga,Ganga,Yamuna,-,-,Yamuna,28.84527778,77.21277778,2022-06-13 08:30:00,18.85,,330000.0,2200000.0
430,Palla,CWC,7,Delhi,82,NORTH WEST,SARASWATI VIHAR,-,-,Ganga,Ganga,Yamuna,-,-,Yamuna,28.84527778,77.21277778,2022-06-21 08:30:00,13.74,,230000.0,1300000.0
431,Palla,CWC,7,Delhi,82,NORTH WEST,SARASWATI VIHAR,-,-,Ganga,Ganga,Yamuna,-,-,Yamuna,28.84527778,77.21277778,2022-01-07 08:30:00,16.31,,230000.0,2400000.0
432,Palla,CWC,7,Delhi,82,NORTH WEST,SARASWATI VIHAR,-,-,Ganga,Ganga,Yamuna,-,-,Yamuna,28.84527778,77.21277778,2022-11-07 08:30:00,14.8,,220000.0,790000.0
433,Palla,CWC,7,Delhi,82,NORTH WEST,SARASWATI VIHAR,-,-,Ganga,Ganga,Yamuna,-,-,Yamuna,28.84527778,77.21277778,2022-07-21 08:30:00,13.68,,170000.0,700000.0
434,Palla,CWC,7,Delhi,82,NORTH WEST,SARASWATI VIHAR,-,-,Ganga,Ganga,Yamuna,-,-,Yamuna,28.84527778,77.21277778,2022-01-08 20:30:00,15.36,,170000.0,1100000.0
435,Palla,CWC,7,Delhi,82,NORTH WEST,SARASWATI VIHAR,-,-,Ganga,Ganga,Yamuna,-,-,Yamuna,28.84527778,77.21277778,2022-11-08 08:30:00,15.43,,78000.0,490000.0
436,Palla,CWC,7,Delhi,82,NORTH WEST,SARASWATI VIHAR,-,-,Ganga,Ganga,Yamuna,-,-,Yamuna,28.84527778,77.21277778,2022-08-22 08:30:00,14.78,,93000.0,330000.0
437,Palla,CWC,7,Delhi,82,NORTH WEST,SARASWATI VIHAR,-,-,Ganga,Ganga,Yamuna,-,-,Yamuna,28.84527778,77.21277778,2022-01-09 08:30:00,10.86,,13000.0,790000.0
438,Palla,CWC,7,Delhi,82,NORTH WEST,SARASWATI VIHAR,-,-,Ganga,Ganga,Yamuna,-,-,Yamuna,28.84527778,77.21277778,2022-12-09 08:30:00,12.04,,140000.0,700000.0
439,Palla,CWC,7,Delhi,82,NORTH WEST,SARASWATI VIHAR,-,-,Ganga,Ganga,Yamuna,-,-,Yamuna,28.84527778,77.21277778,2022-09-21 08:30:00,57.72,,110000.0,4900000.0
440,Palla,CWC,7,Delhi,82,NORTH WEST,SARASWATI VIHAR,-,-,Ganga,Ganga,Yamuna,-,-,Yamuna,28.84527778,77.21277778,2022-01-10 08:30:00,21.55,,230000.0,1300000.0
441,Palla,CWC,7,Delhi,82,NORTH WEST,SARASWATI VIHAR,-,-,Ganga,Ganga,Yamuna,-,-,Yamuna,28.84527778,77.21277778,2022-11-10 08:30:00,17.08,,220000.0,790000.0
442,Palla,CWC,7,Delhi,82,NORTH WEST,SARASWATI VIHAR,-,-,Ganga,Ganga,Yamuna,-,-,Yamuna,28.84527778,77.21277778,2022-10-21 08:30:00,1.33,,170000.0,700000.0
443,Palla,CWC,7,Delhi,82,NORTH WEST,SARASWATI VIHAR,-,-,Ganga,Ganga,Yamuna,-,-,Yamuna,28.84527778,77.21277778,2022-01-11 08:30:00,9.77,,27000.0,220000.0
444,Palla,CWC,7,Delhi,82,NORTH WEST,SARASWATI VIHAR,-,-,Ganga,Ganga,Yamuna,-,-,Yamuna,28.84527778,77.21277778,2022-11-11 08:30:00,2.07,,22000.0,170000.0
445,Palla,CWC,7,Delhi,82,NORTH WEST,SARASWATI VIHAR,-,-,Ganga,Ganga,Yamuna,-,-,Yamuna,28.84527778,77.21277778,2022-11-21 08:30:00,10.95,,13000.0,79000.0
446,Palla,CWC,7,Delhi,82,NORTH WEST,SARASWATI VIHAR,-,-,Ganga,Ganga,Yamuna,-,-,Yamuna,28.84527778,77.21277778,2022-01-12 08:30:00,14.97,,170000.0,1100000.0
447,Palla,CWC,7,Delhi,82,NORTH WEST,SARASWATI VIHAR,-,-,Ganga,Ganga,Yamuna,-,-,Yamuna,28.84527778,77.21277778,2022-12-12 08:30:00,2.27,,140000.0,490000.0
448,Palla,CWC,7,Delhi,82,NORTH WEST,SARASWATI VIHAR,-,-,Ganga,Ganga,Yamuna,-,-,Yamuna,28.84527778,77.21277778,2022-12-21 08:30:00,25.61,,78000.0,320000.0
449,Palla,CWC,7,Delhi,82,NORTH WEST,SARASWATI VIHAR,-,-,Ganga,Ganga,Yamuna,-,-,Yamuna,28.84527778,77.21277778,2023-02-01 08:30:00,2.14,,220000.0,1400000.0
450,Palla,CWC,7,Delhi,82,NORTH WEST,SARASWATI VIHAR,-,-,Ganga,Ganga,Yamuna,-,-,Yamuna,28.84527778,77.21277778,2023-11-01 08:30:00,19.33,,170000.0,1100000.0
451,Palla,CWC,7,Delhi,82,NORTH WEST,SARASWATI VIHAR,-,-,Ganga,Ganga,Yamuna,-,-,Yamuna,28.84527778,77.21277778,2023-01-21 08:30:00,39.76,,130000.0,700000.0
452,Palla,CWC,7,Delhi,82,NORTH WEST,SARASWATI VIHAR,-,-,Ganga,Ganga,Yamuna,-,-,Yamuna,28.84527778,77.21277778,2023-01-02 08:30:00,17.7,,380000.0,3500000.0
453,Palla,CWC,7,Delhi,82,NORTH WEST,SARASWATI VIHAR,-,-,Ganga,Ganga,Yamuna,-,-,Yamuna,28.84527778,77.21277778,2023-02-13 08:30:00,17.64,,17000.0,1400000.0
454,Palla,CWC,7,Delhi,82,NORTH WEST,SARASWATI VIHAR,-,-,Ganga,Ganga,Yamuna,-,-,Yamuna,28.84527778,77.21277778,2023-02-21 08:30:00,20.85,,130000.0,1100000.0
455,Palla,CWC,7,Delhi,82,NORTH WEST,SARASWATI VIHAR,-,-,Ganga,Ganga,Yamuna,-,-,Yamuna,28.84527778,77.21277778,2023-01-03 08:30:00,5.72,,14000.0,3500000.0
456,Palla,CWC,7,Delhi,82,NORTH WEST,SARASWATI VIHAR,-,-,Ganga,Ganga,Yamuna,-,-,Yamuna,28.84527778,77.21277778,2023-03-13 08:30:00,21.52,,1700000.0,2400000.0
457,Palla,CWC,7,Delhi,82,NORTH WEST,SARASWATI VIHAR,-,-,Ganga,Ganga,Yamuna,-,-,Yamuna,28.84527778,77.21277778,2023-03-21 08:30:00,16.98,,210000.0,1700000.0
458,Palla,CWC,7,Delhi,82,NORTH WEST,SARASWATI VIHAR,-,-,Ganga,Ganga,Yamuna,-,-,Yamuna,28.84527778,77.21277778,2023-01-04 08:30:00,21.12,,210000.0,1400000.0
459,Palla,CWC,7,Delhi,82,NORTH WEST,SARASWATI VIHAR,-,-,Ganga,Ganga,Yamuna,-,-,Yamuna,28.84527778,77.21277778,2023-11-04 08:30:00,15.16,,140000.0,1100000.0
460,Palla,CWC,7,Delhi,82,NORTH WEST,SARASWATI VIHAR,-,-,Ganga,Ganga,Yamuna,-,-,Yamuna,28.84527778,77.21277778,2023-04-21 08:30:00,16.22,,93000.0,1300000.0
461,Palla,CWC,7,Delhi,82,NORTH WEST,SARASWATI VIHAR,-,-,Ganga,Ganga,Yamuna,-,-,Yamuna,28.84527778,77.21277778,2023-01-05 14:35:00,16.22,,130000.0,5400000.0
462,Palla,CWC,7,Delhi,82,NORTH WEST,SARASWATI VIHAR,-,-,Ganga,Ganga,Yamuna,-,-,Yamuna,28.84527778,77.21277778,2023-11-05 14:44:00,17.24,,230000.0,1700000.0
463,Palla,CWC,7,Delhi,82,NORTH WEST,SARASWATI VIHAR,-,-,Ganga,Ganga,Yamuna,-,-,Yamuna,28.84527778,77.21277778,2023-05-22 14:53:00,16.58,,790000.0,1300000.0
464,Palla,CWC,7,Delhi,82,NORTH WEST,SARASWATI VIHAR,-,-,Ganga,Ganga,Yamuna,-,-,Yamuna,28.84527778,77.21277778,2023-01-06 15:03:00,16.3,,470000.0,5400000.0
465,Palla,CWC,7,Delhi,82,NORTH WEST,SARASWATI VIHAR,-,-,Ganga,Ganga,Yamuna,-,-,Yamuna,28.84527778,77.21277778,2023-12-06 10:34:00,18.58,,220000.0,1100000.0
466,Palla,CWC,7,Delhi,82,NORTH WEST,SARASWATI VIHAR,-,-,Ganga,Ganga,Yamuna,-,-,Yamuna,28.84527778,77.21277778,2023-06-21 14:10:00,16.89,,170000.0,790000.0
467,Palla,CWC,7,Delhi,82,NORTH WEST,SARASWATI VIHAR,-,-,Ganga,Ganga,Yamuna,-,-,Yamuna,28.84527778,77.21277778,2023-01-07 16:11:00,5.14,,110000.0,170000.0
468,Palla,CWC,7,Delhi,82,NORTH WEST,SARASWATI VIHAR,-,-,Ganga,Ganga,Yamuna,-,-,Yamuna,28.84527778,77.21277778,2023-11-07 12:52:00,4.16,,78000.0,130000.0
469,Palla,CWC,7,Delhi,82,NORTH WEST,SARASWATI VIHAR,-,-,Ganga,Ganga,Yamuna,-,-,Yamuna,28.84527778,77.21277778,2023-07-21 15:05:00,7.06,,110000.0,170000.0
470,Palla,CWC,7,Delhi,82,NORTH WEST,SARASWATI VIHAR,-,-,Ganga,Ganga,Yamuna,-,-,Yamuna,28.84527778,77.21277778,2023-01-08 12:05:00,0.71,,110000.0,330000.0
471,Palla,CWC,7,Delhi,82,NORTH WEST,SARASWATI VIHAR,-,-,Ganga,Ganga,Yamuna,-,-,Yamuna,28.84527778,77.21277778,2023-11-08 14:47:00,1.79,,78000.0,230000.0
472,Palla,CWC,7,Delhi,82,NORTH WEST,SARASWATI VIHAR,-,-,Ganga,Ganga,Yamuna,-,-,Yamuna,28.84527778,77.21277778,2023-08-21 10:35:00,19.97,,78000.0,400000.0
473,Palla,CWC,7,Delhi,82,NORTH WEST,SARASWATI VIHAR,-,-,Ganga,Ganga,Yamuna,-,-,Yamuna,28.84527778,77.21277778,2023-01-09 10:34:00,28.28,,78000.0,130000.0
474,Palla,CWC,7,Delhi,82,NORTH WEST,SARASWATI VIHAR,-,-,Ganga,Ganga,Yamuna,-,-,Yamuna,28.84527778,77.21277778,2023-11-09 10:42:00,34.96,,140000.0,220000.0
475,Palla,CWC,7,Delhi,82,NORTH WEST,SARASWATI VIHAR,-,-,Ganga,Ganga,Yamuna,-,-,Yamuna,28.84527778,77.21277778,2023-09-21 10:52:00,28.68,,140000.0,210000.0
476,Palla,CWC,7,Delhi,82,NORTH WEST,SARASWATI VIHAR,-,-,Ganga,Ganga,Yamuna,-,-,Yamuna,28.84527778,77.21277778,2023-03-10 11:38:00,0.53,,170000.0,320000.0
477,Palla,CWC,7,Delhi,82,NORTH WEST,SARASWATI VIHAR,-,-,Ganga,Ganga,Yamuna,-,-,Yamuna,28.84527778,77.21277778,2023-11-10 15:08:00,2.06,,140000.0,260000.0
478,Palla,CWC,7,Delhi,82,NORTH WEST,SARASWATI VIHAR,-,-,Ganga,Ganga,Yamuna,-,-,Yamuna,28.84527778,77.21277778,2023-10-21 11:12:00,,,110000.0,220000.0
479,Palla,CWC,7,Delhi,82,NORTH WEST,SARASWATI VIHAR,-,-,Ganga,Ganga,Yamuna,-,-,Yamuna,28.84527778,77.21277778,2023-01-11 16:38:00,8.19,,220000.0,1700000.0
480,Palla,CWC,7,Delhi,82,NORTH WEST,SARASWATI VIHAR,-,-,Ganga,Ganga,Yamuna,-,-,Yamuna,28.84527778,77.21277778,2023-11-13 10:25:00,9.81,,210000.0,1700000.0
481,Palla,CWC,7,Delhi,82,NORTH WEST,SARASWATI VIHAR,-,-,Ganga,Ganga,Yamuna,-,-,Yamuna,28.84527778,77.21277778,2023-11-21 14:59:00,1.19,,45000.0,78000.0
482,Palla,CWC,7,Delhi,82,NORTH WEST,SARASWATI VIHAR,-,-,Ganga,Ganga,Yamuna,-,-,Yamuna,28.84527778,77.21277778,2023-01-12 12:10:00,27.9,,140000.0,330000.0
483,Palla,CWC,7,Delhi,82,NORTH WEST,SARASWATI VIHAR,-,-,Ganga,Ganga,Yamuna,-,-,Yamuna,28.84527778,77.21277778,2023-11-12 09:55:00,0.3,,110000.0,7900000.0
484,Palla,CWC,7,Delhi,82,NORTH WEST,SARASWATI VIHAR,-,-,Ganga,Ganga,Yamuna,-,-,Yamuna,28.84527778,77.21277778,2023-12-21 14:05:00,6.5,,210000.0,700000.0
485,Palla,CWC,7,Delhi,82,NORTH WEST,SARASWATI VIHAR,-,-,Ganga,Ganga,Yamuna,-,-,Yamuna,28.84527778,77.21277778,2024-01-01 13:54:00,4.2,,270000.0,940000.0
486,Palla,CWC,7,Delhi,82,NORTH WEST,SARASWATI VIHAR,-,-,Ganga,Ganga,Yamuna,-,-,Yamuna,28.84527778,77.21277778,2024-11-01 11:28:00,6.1,,220000.0,790000.0
487,Palla,CWC,7,Delhi,82,NORTH WEST,SARASWATI VIHAR,-,-,Ganga,Ganga,Yamuna,-,-,Yamuna,28.84527778,77.21277778,2024-01-23 09:57:00,6.1,,700000.0,1400000.0
488,Palla,CWC,7,Delhi,82,NORTH WEST,SARASWATI VIHAR,-,-,Ganga,Ganga,Yamuna,-,-,Yamuna,28.84527778,77.21277778,2024-01-02 08:00:00,3.8,,130000.0,330000.0
489,Palla,CWC,7,Delhi,82,NORTH WEST,SARASWATI VIHAR,-,-,Ganga,Ganga,Yamuna,-,-,Yamuna,28.84527778,77.21277778,2024-12-02 08:00:00,6.5,,140000.0,700000.0
490,Palla,CWC,7,Delhi,82,NORTH WEST,SARASWATI VIHAR,-,-,Ganga,Ganga,Yamuna,-,-,Yamuna,28.84527778,77.21277778,2024-01-03 08:00:00,61.2,,140000.0,490000.0
491,Palla,CWC,7,Delhi,82,NORTH WEST,SARASWATI VIHAR,-,-,Ganga,Ganga,Yamuna,-,-,Yamuna,28.84527778,77.21277778,2024-11-03 08:00:00,4.3,,78000.0,230000.0
492,Palla,CWC,7,Delhi,82,NORTH WEST,SARASWATI VIHAR,-,-,Ganga,Ganga,Yamuna,-,-,Yamuna,28.84527778,77.21277778,2024-03-21 08:00:00,6.9,,110000.0,330000.0
493,Palla,CWC,7,Delhi,82,NORTH WEST,SARASWATI VIHAR,-,-,Ganga,Ganga,Yamuna,-,-,Yamuna,28.84527778,77.21277778,2024-01-04 09:23:00,6.6,,330000.0,1700000.0
494,Palla,CWC,7,Delhi,82,NORTH WEST,SARASWATI VIHAR,-,-,Ganga,Ganga,Yamuna,-,-,Yamuna,28.84527778,77.21277778,2024-11-04 08:37:00,3.9,,270000.0,1100000.0
495,Palla,CWC,7,Delhi,82,NORTH WEST,SARASWATI VIHAR,-,-,Ganga,Ganga,Yamuna,-,-,Yamuna,28.84527778,77.21277778,2024-04-21 08:30:00,55.9,,330000.0,790000.0
496,Palla,CWC,7,Delhi,82,NORTH WEST,SARASWATI VIHAR,-,-,Ganga,Ganga,Yamuna,-,-,Yamuna,28.84527778,77.21277778,2024-01-05 09:00:00,2.0,,700000.0,1100000.0
497,Palla,CWC,7,Delhi,82,NORTH WEST,SARASWATI VIHAR,-,-,Ganga,Ganga,Yamuna,-,-,Yamuna,28.84527778,77.21277778,2024-05-13 08:59:00,42.8,,790000.0,1700000.0
498,Palla,CWC,7,Delhi,82,NORTH WEST,SARASWATI VIHAR,-,-,Ganga,Ganga,Yamuna,-,-,Yamuna,28.84527778,77.21277778,2024-05-21 09:00:00,44.9,,330000.0,790000.0
499,Palla,CWC,7,Delhi,82,NORTH WEST,SARASWATI VIHAR,-,-,Ganga,Ganga,Yamuna,-,-,Yamuna,28.84527778,77.21277778,2024-01-06 08:00:00,24.2,,260000.0,1100000.0
500,Palla,CWC,7,Delhi,82,NORTH WEST,SARASWATI VIHAR,-,-,Ganga,Ganga,Yamuna,-,-,Yamuna,28.84527778,77.21277778,2024-11-06 08:00:00,24.8,,330000.0,1100000.0
501,Palla,CWC,7,Delhi,82,NORTH WEST,SARASWATI VIHAR,-,-,Ganga,Ganga,Yamuna,-,-,Yamuna,28.84527778,77.21277778,2024-06-21 08:30:00,27.8,,170000.0,1100000.0
502,Palla,CWC,7,Delhi,82,NORTH WEST,SARASWATI VIHAR,-,-,Ganga,Ganga,Yamuna,-,-,Yamuna,28.84527778,77.21277778,2024-01-07 08:00:00,7.4,,790000.0,1300000.0
503,Palla,CWC,7,Delhi,82,NORTH WEST,SARASWATI VIHAR,-,-,Ganga,Ganga,Yamuna,-,-,Yamuna,28.84527778,77.21277778,2024-11-07 08:00:00,0.7,,330000.0,1100000.0
504,Palla,CWC,7,Delhi,82,NORTH WEST,SARASWATI VIHAR,-,-,Ganga,Ganga,Yamuna,-,-,Yamuna,28.84527778,77.21277778,2024-07-22 08:00:00,5.6,,210000.0,700000.0
505,Palla,CWC,7,Delhi,82,NORTH WEST,SARASWATI VIHAR,-,-,Ganga,Ganga,Yamuna,-,-,Yamuna,28.84527778,77.21277778,2024-01-08 08:00:00,4.8,,330000.0,1100000.0
506,Palla,CWC,7,Delhi,82,NORTH WEST,SARASWATI VIHAR,-,-,Ganga,Ganga,Yamuna,-,-,Yamuna,28.84527778,77.21277778,2024-12-08 08:00:00,9.1,,130000.0,790000.0
507,Palla,CWC,7,Delhi,82,NORTH WEST,SARASWATI VIHAR,-,-,Ganga,Ganga,Yamuna,-,-,Yamuna,28.84527778,77.21277778,2024-08-21 08:00:00,4.5,,130000.0,700000.0
508,Palla,CWC,7,Delhi,82,NORTH WEST,SARASWATI VIHAR,-,-,Ganga,Ganga,Yamuna,-,-,Yamuna,28.84527778,77.21277778,2024-02-09 08:00:00,9.1,,110000.0,790000.0
509,Palla,CWC,7,Delhi,82,NORTH WEST,SARASWATI VIHAR,-,-,Ganga,Ganga,Yamuna,-,-,Yamuna,28.84527778,77.21277778,2024-11-09 08:00:00,2.7,,140000.0,700000.0
510,Palla,CWC,7,Delhi,82,NORTH WEST,SARASWATI VIHAR,-,-,Ganga,Ganga,Yamuna,-,-,Yamuna,28.84527778,77.21277778,2024-09-21 08:00:00,2.6,,140000.0,790000.0
511,Palla,CWC,7,Delhi,82,NORTH WEST,SARASWATI VIHAR,-,-,Ganga,Ganga,Yamuna,-,-,Yamuna,28.84527778,77.21277778,2024-03-10 08:00:00,2.0,,220000.0,1100000.0
512,Palla,CWC,7,Delhi,82,NORTH WEST,SARASWATI VIHAR,-,-,Ganga,Ganga,Yamuna,-,-,Yamuna,28.84527778,77.21277778,2024-10-14 08:00:00,1.2,,140000.0,790000.0
513,Palla,CWC,7,Delhi,82,NORTH WEST,SARASWATI VIHAR,-,-,Ganga,Ganga,Yamuna,-,-,Yamuna,28.84527778,77.21277778,2024-10-24 08:00:00,1.6,,110000.0,700000.0
514,Palla,CWC,7,Delhi,82,NORTH WEST,SARASWATI VIHAR,-,-,Ganga,Ganga,Yamuna,-,-,Yamuna,28.84527778,77.21277778,2024-01-11 08:00:00,1.8,,110000.0,490000.0
515,Palla,CWC,7,Delhi,82,NORTH WEST,SARASWATI VIHAR,-,-,Ganga,Ganga,Yamuna,-,-,Yamuna,28.84527778,77.21277778,2024-11-11 08:00:00,2.0,,110000.0,460000.0
516,Palla,CWC,7,Delhi,82,NORTH WEST,SARASWATI VIHAR,-,-,Ganga,Ganga,Yamuna,-,-,Yamuna,28.84527778,77.21277778,2024-11-21 08:00:00,2.0,,140000.0,700000.0
