id,objectid_1,Wetland_Code,Wetland_Name,Aquatic_Vegetation,Turbidity,Level_I_Category,Level_II_Category,level_iii,Waterbody_Type,Area_ha,remarks,Latitude,Longitude,State_Name,Perimeter_Length_m,Shape_Area_sqm,Dataset_Name,Source_Agency
19,19,2102,,No,Moderate,Costal,Natural,Creek,,18.447793072214488,North Andaman,13.2567013285,92.8585604908,Andaman & Nicobar Island,14508.449454019314,184477.93072214487,Hydrological Layer,SAC N
390,390,1202,,Yes,Moderate,Inland,Man-made,Tank/Pond,,5.383581721100177,,11.7108382711,92.7208497651,Andaman & Nicobar Island,1170.8050687916134,53835.81721100178,Hydrological Layer,SAC N
424,424,1202,,No,High,Inland,Man-made,Tank/Pond,,2.699724366047612,South Andaman,11.65692432,92.6622485284,Andaman & Nicobar Island,635.4700922037424,26997.243660476124,Hydrological Layer,SAC N
425,425,2102,,No,Moderate,Costal,Natural,Creek,,259.2599549930163,Middle Andaman,12.8274121856,92.778643682,Andaman & Nicobar Island,74919.09556388097,2592599.549930163,Hydrological Layer,SAC N
427,427,2102,,No,Moderate,Costal,Natural,Creek,,339.3451379369521,South Andaman,11.6108961282,92.6911600112,Andaman & Nicobar Island,48255.25647227716,3393451.3793695206,Hydrological Layer,SAC N
7,7,2102,,No,Moderate,Costal,Natural,Creek,,28.645232107149578,North Andaman,13.4603033139,93.018541606,Andaman & Nicobar Island,10906.103171722034,286452.32107149577,Hydrological Layer,SAC N
379,379,1202,,No,Moderate,Inland,Man-made,Tank/Pond,,0.581087436635324,,13.2324116749,93.0481131019,Andaman & Nicobar Island,417.7373170110154,5810.8743663532405,Hydrological Layer,SAC N
358,358,1202,,No,Moderate,Inland,Man-made,Tank/Pond,,0.259620178256852,,13.2415911423,92.982596438,Andaman & Nicobar Island,229.12734523616274,2596.201782568518,Hydrological Layer,SAC N
407,407,1202,,No,Moderate,Inland,Man-made,Tank/Pond,,0.246451353734361,,11.6112675585,92.6423899832,Andaman & Nicobar Island,211.09130252821524,2464.513537343605,Hydrological Layer,SAC N
416,416,1202,,No,Moderate,Inland,Man-made,Tank/Pond,,1.381536093647741,,11.7304207162,92.7090853996,Andaman & Nicobar Island,497.62047020220115,13815.360936477407,Hydrological Layer,SAC N
1,1,2102,,No,Moderate,Costal,Natural,Creek,,13.781016649801208,Landfall Island,13.6688474339,93.0064693907,Andaman & Nicobar Island,4574.908603158826,137810.16649801208,Hydrological Layer,SAC N
2,2,2102,,No,Moderate,Costal,Natural,Creek,,0.48913543670904,Rutland Island,11.5107634505,92.6387248527,Andaman & Nicobar Island,692.3573250191305,4891.354367090401,Hydrological Layer,SAC N
370,370,1202,,No,Moderate,Inland,Man-made,Tank/Pond,,0.162069688733822,,13.2480149439,92.8706000108,Andaman & Nicobar Island,169.2064646124919,1620.6968873382202,Hydrological Layer,SAC N
371,371,1202,,No,Moderate,Inland,Man-made,Tank/Pond,,0.127618567490386,,13.2533671074,92.882227057,Andaman & Nicobar Island,147.62424487512683,1276.1856749038561,Hydrological Layer,SAC N
375,375,2102,,No,Moderate,Costal,Natural,Creek,,0.634515850612701,,13.2389075322,92.8404763781,Andaman & Nicobar Island,667.0848990985077,6345.158506127006,Hydrological Layer,SAC N
398,398,1202,,No,Moderate,Inland,Man-made,Tank/Pond,,0.236943440612772,,11.6126492933,92.715624653,Andaman & Nicobar Island,186.83369281396637,2369.434406127722,Hydrological Layer,SAC N
376,376,2101,,No,Moderate,Costal,Natural,Lagoon,,4.954445291760884,,13.1712892455,92.7944329521,Andaman & Nicobar Island,1197.9517003479855,49544.45291760883,Hydrological Layer,SAC N
377,377,1202,,No,Moderate,Inland,Man-made,Tank/Pond,,0.246583991632763,,13.231208585,92.9538533188,Andaman & Nicobar Island,309.56983387378716,2465.8399163276345,Hydrological Layer,SAC N
378,378,1202,,No,Moderate,Inland,Man-made,Tank/Pond,,0.906131752953442,,13.232659046,93.0487083404,Andaman & Nicobar Island,377.5937291661231,9061.317529534419,Hydrological Layer,SAC N
389,389,2102,,No,Moderate,Costal,Natural,Creek,,3.409707979938437,,11.7185485347,92.5840626041,Andaman & Nicobar Island,2290.692436615861,34097.079799384366,Hydrological Layer,SAC N
391,391,1202,,Yes,Moderate,Inland,Man-made,Tank/Pond,,3.819721047710425,,11.7309686038,92.7170895948,Andaman & Nicobar Island,1094.222788481868,38197.21047710425,Hydrological Layer,SAC N
392,392,1202,,Yes,Moderate,Inland,Man-made,Tank/Pond,,2.175422911815564,,11.6271858149,92.7166347212,Andaman & Nicobar Island,726.9950178584864,21754.22911815564,Hydrological Layer,SAC N
393,393,1202,,No,Moderate,Inland,Man-made,Tank/Pond,,1.069297404790726,,11.627089932,92.7135597378,Andaman & Nicobar Island,452.0179746934613,10692.97404790726,Hydrological Layer,SAC N
84,84,1202,,No,Moderate,Inland,Man-made,Tank/Pond,,1.009353397182578,South Andaman,11.6124756008,92.7381895161,Andaman & Nicobar Island,389.4067382140241,10093.533971825784,Hydrological Layer,SAC N
382,382,1202,,No,Moderate,Inland,Man-made,Tank/Pond,,0.302685899010889,,13.2373588874,93.0400667011,Andaman & Nicobar Island,232.3058810958886,3026.8589901088935,Hydrological Layer,SAC N
388,388,1202,,No,Moderate,Inland,Man-made,Tank/Pond,,0.164602580028966,,12.3430858002,92.7665521507,Andaman & Nicobar Island,163.80576443307092,1646.025800289664,Hydrological Layer,SAC N
394,394,1201,,Yes,Moderate,Inland,Man-made,Reservoir/Barrage,,56.263782601109476,,11.5680668881,92.6859956369,Andaman & Nicobar Island,15754.105225999603,562637.8260110947,Hydrological Layer,SAC N
395,395,1202,,No,Moderate,Inland,Man-made,Tank/Pond,,0.386242412324089,,11.559225266,92.6536014322,Andaman & Nicobar Island,296.37794195988175,3862.4241232408904,Hydrological Layer,SAC N
133,133,2102,,No,Moderate,Costal,Natural,Creek,,0.304011492455974,North Andaman,13.0121881212,92.8070274729,Andaman & Nicobar Island,459.39584412608633,3040.1149245597394,Hydrological Layer,SAC N
396,396,1202,,No,Moderate,Inland,Man-made,Tank/Pond,,0.161688038600585,,11.5612693771,92.6559331752,Andaman & Nicobar Island,163.79658983580813,1616.8803860058472,Hydrological Layer,SAC N
345,345,1202,,No,Moderate,Inland,Man-made,Tank/Pond,,0.122175758271257,,13.2303673611,92.9309656664,Andaman & Nicobar Island,141.78291774111057,1221.7575827125747,Hydrological Layer,SAC N
385,385,1202,,No,Moderate,Inland,Man-made,Tank/Pond,,0.140016820335439,,12.353665926,92.7698884593,Andaman & Nicobar Island,153.0095919014096,1400.1682033543927,Hydrological Layer,SAC N
49,49,2102,,No,Moderate,Costal,Natural,Creek,,3.275712504163047,South Andaman,12.1728981372,92.8235713586,Andaman & Nicobar Island,3336.564680674353,32757.12504163047,Hydrological Layer,SAC N
80,80,1202,,No,Moderate,Inland,Man-made,Tank/Pond,,0.466817620989639,South Andaman,11.6473595003,92.7407140659,Andaman & Nicobar Island,301.25471376414106,4668.176209896385,Hydrological Layer,SAC N
373,373,1202,,No,Moderate,Inland,Man-made,Tank/Pond,,0.169754949209055,,13.2592586868,92.8729694204,Andaman & Nicobar Island,155.72747871703456,1697.549492090552,Hydrological Layer,SAC N
3,3,2102,,No,Moderate,Costal,Natural,Creek,,10.688811926962929,Great Nicobar Island,7.18306339403,93.717474859,Andaman & Nicobar Island,3202.6155151467706,106888.11926962929,Hydrological Layer,SAC N
4,4,2102,,No,Moderate,Costal,Natural,Creek,,4.469001435428738,North Andaman,13.52966126,92.9707879063,Andaman & Nicobar Island,4304.205945454446,44690.01435428738,Hydrological Layer,SAC N
5,5,2102,,No,Moderate,Costal,Natural,Creek,,25.572200465319252,North Andaman,13.5237559435,92.9338555526,Andaman & Nicobar Island,13714.507319868053,255722.00465319253,Hydrological Layer,SAC N
67,67,2102,,No,Moderate,Costal,Natural,Creek,,4.422876531500773,South Andaman,11.8830784305,92.5861973295,Andaman & Nicobar Island,2406.193647229404,44228.765315007724,Hydrological Layer,SAC N
114,114,1203,,Yes,Moderate,Inland,Man-made,Waterlogged,,7.189449280893544,Little Andaman,10.7724401485,92.562218556,Andaman & Nicobar Island,1063.8316233205046,71894.49280893544,Hydrological Layer,SAC N
11,11,2102,,No,Moderate,Costal,Natural,Creek,,6.05539358025801,North Andaman,13.3574685639,92.9598752608,Andaman & Nicobar Island,4769.3171738112105,60553.9358025801,Hydrological Layer,SAC N
83,83,2102,,No,Moderate,Costal,Natural,Creek,,14.567657572720707,South Andaman,11.6109295773,92.6964954891,Andaman & Nicobar Island,1731.3297710511245,145676.57572720706,Hydrological Layer,SAC N
123,123,2102,,No,Moderate,Costal,Natural,Creek,,0.572211349768818,Little Andaman,10.7778898612,92.3922386181,Andaman & Nicobar Island,669.0048927341456,5722.1134976881785,Hydrological Layer,SAC N
6,6,2102,,No,Moderate,Costal,Natural,Creek,,4.760572659953541,North Andaman,13.4713193797,92.8960495275,Andaman & Nicobar Island,5511.979749950029,47605.7265995354,Hydrological Layer,SAC N
10,10,2102,,No,Moderate,Costal,Natural,Creek,,9.028304678249045,North Andaman,13.3665361658,92.8513812862,Andaman & Nicobar Island,6252.121887002183,90283.04678249045,Hydrological Layer,SAC N
68,68,2102,,No,Moderate,Costal,Natural,Creek,,3.27556245908243,South Andaman,11.8827405294,92.5908316044,Andaman & Nicobar Island,2555.4708280830723,32755.624590824296,Hydrological Layer,SAC N
8,8,2102,,No,Moderate,Costal,Natural,Creek,,16.26037348584766,North Andaman,13.4295107914,92.8878648869,Andaman & Nicobar Island,10937.642161879123,162603.7348584766,Hydrological Layer,SAC N
9,9,2102,,No,Moderate,Costal,Natural,Creek,,5.450393561114391,Shearhe Island,13.387793721,92.8674536424,Andaman & Nicobar Island,3457.1087094733334,54503.93561114391,Hydrological Layer,SAC N
210,210,2102,,No,Moderate,Costal,Natural,Creek,,0.313362383518722,Middle Andaman,12.4784718683,92.9311661887,Andaman & Nicobar Island,440.40281788406355,3133.623835187222,Hydrological Layer,SAC N
12,12,2102,,No,Moderate,Costal,Natural,Creek,,10.38688574824207,North Andaman,13.3464450587,92.9557911456,Andaman & Nicobar Island,5518.383715107491,103868.8574824207,Hydrological Layer,SAC N
13,13,2102,,No,Moderate,Costal,Natural,Creek,,14.825818062621794,North Andaman,13.325542512,92.9592817186,Andaman & Nicobar Island,8692.874204323683,148258.18062621795,Hydrological Layer,SAC N
14,14,2102,,No,Moderate,Costal,Natural,Creek,,3.063524610582831,North Andaman,13.3157429642,92.9904211694,Andaman & Nicobar Island,2935.7054872468916,30635.24610582831,Hydrological Layer,SAC N
380,380,1202,,No,Moderate,Inland,Man-made,Tank/Pond,,0.254868439437015,,13.2350735033,93.0435685015,Andaman & Nicobar Island,198.9468359858501,2548.68439437015,Hydrological Layer,SAC N
20,20,2102,,No,Moderate,Costal,Natural,Creek,,2.154804171565667,North Andaman,13.2578436366,93.0453010664,Andaman & Nicobar Island,1659.1951527654007,21548.041715656665,Hydrological Layer,SAC N
372,372,1202,,No,Moderate,Inland,Man-made,Tank/Pond,,0.124609839475624,,13.2525890264,92.8814643306,Andaman & Nicobar Island,150.23069663517995,1246.0983947562386,Hydrological Layer,SAC N
36,36,2102,,No,Moderate,Costal,Natural,Creek,,4.74054641802782,South Andaman,12.2920367253,92.8677742149,Andaman & Nicobar Island,3368.1264875919546,47405.4641802782,Hydrological Layer,SAC N
16,16,2102,,No,Moderate,Costal,Natural,Creek,,11.151324973589302,North Andaman,13.2997901062,93.007037876,Andaman & Nicobar Island,8791.848318072769,111513.24973589303,Hydrological Layer,SAC N
21,21,2102,,No,Moderate,Costal,Natural,Creek,,10.777266138293216,North Andaman,13.1665111946,92.8258212518,Andaman & Nicobar Island,5502.932730077785,107772.66138293216,Hydrological Layer,SAC N
22,22,1201,,No,Low,Inland,Man-made,Reservoir/Barrage,,167.18126173041094,North Andaman,13.1497509761,92.9727679024,Andaman & Nicobar Island,20096.59427588604,1671812.6173041095,Hydrological Layer,SAC N
29,29,1101,,Yes,Low,Inland,Natural,Lake/Pond,,2.817309542941491,South Andaman,12.3747890755,92.7816718452,Andaman & Nicobar Island,1088.1325926339919,28173.09542941491,Hydrological Layer,SAC N
35,35,2102,,No,Moderate,Costal,Natural,Creek,,3.909642689840931,South Andaman,12.297648639,92.8343052925,Andaman & Nicobar Island,2959.2900289803765,39096.42689840931,Hydrological Layer,SAC N
15,15,2102,,No,Moderate,Costal,Natural,Creek,,6.382879865543702,North Andaman,13.307801903,92.8416021973,Andaman & Nicobar Island,7828.568963540754,63828.79865543702,Hydrological Layer,SAC N
115,115,1203,,Yes,Moderate,Inland,Man-made,Waterlogged,,3.459622515644828,Little Andaman,10.7662521253,92.5669666508,Andaman & Nicobar Island,892.0922540647297,34596.22515644828,Hydrological Layer,SAC N
17,17,2102,,No,Moderate,Costal,Natural,Creek,,4.041344557935915,North Andaman,13.2891915569,92.8398185063,Andaman & Nicobar Island,5076.246754885662,40413.44557935915,Hydrological Layer,SAC N
18,18,2102,,No,Moderate,Costal,Natural,Creek,,0.477234765799013,North Andaman,13.2839222364,93.0100891257,Andaman & Nicobar Island,843.9392597686649,4772.347657990132,Hydrological Layer,SAC N
23,23,2102,,No,Moderate,Costal,Natural,Creek,,2.935357018833312,Interview Island,12.9813148699,92.7123622725,Andaman & Nicobar Island,2653.364839239214,29353.57018833312,Hydrological Layer,SAC N
24,24,2102,,No,Moderate,Costal,Natural,Creek,,7.651927278466355,Interview Island,12.8826740463,92.7099903744,Andaman & Nicobar Island,3861.7023996547655,76519.27278466355,Hydrological Layer,SAC N
25,25,2102,,No,Moderate,Costal,Natural,Creek,,0.512932971986265,Interview Island,12.8314182557,92.6760854401,Andaman & Nicobar Island,463.1929323354959,5129.329719862649,Hydrological Layer,SAC N
381,381,1202,,No,Moderate,Inland,Man-made,Tank/Pond,,0.301343797397295,,13.2394387448,93.0410828629,Andaman & Nicobar Island,229.70827979555628,3013.4379739729516,Hydrological Layer,SAC N
26,26,2102,,No,Moderate,Costal,Natural,Creek,,15.710200884026955,Middle Andaman,12.6299066761,92.7355831157,Andaman & Nicobar Island,7671.691981265555,157102.00884026955,Hydrological Layer,SAC N
27,27,2102,,No,Moderate,Costal,Natural,Creek,,3.863489601683504,Middle Andaman,12.6221683845,92.7229161095,Andaman & Nicobar Island,4040.1555517837937,38634.89601683504,Hydrological Layer,SAC N
28,28,1101,,Yes,Low,Inland,Natural,Lake/Pond,,6.280368933097629,Middle Andaman,12.3822733024,92.7832271367,Andaman & Nicobar Island,1481.135429697968,62803.68933097629,Hydrological Layer,SAC N
30,30,2102,,No,Moderate,Costal,Natural,Creek,,3.758070594128243,Middle Andaman,12.3667559538,92.8528764303,Andaman & Nicobar Island,3513.8628778290313,37580.70594128243,Hydrological Layer,SAC N
53,53,1101,,Yes,Low,Inland,Natural,Lake/Pond,,5.337863486850369,South Andaman,12.1133006584,92.8100309367,Andaman & Nicobar Island,1591.2670234767359,53378.634868503694,Hydrological Layer,SAC N
31,31,2102,,No,Moderate,Costal,Natural,Creek,,289.6721776940549,Middle Andaman,12.310283734,92.792350227,Andaman & Nicobar Island,25145.528630734276,2896721.776940549,Hydrological Layer,SAC N
32,32,2102,,No,Moderate,Costal,Natural,Creek,,2.171647120286124,South Andaman,12.3018770819,92.8442096157,Andaman & Nicobar Island,1536.6379652451096,21716.471202861238,Hydrological Layer,SAC N
33,33,2102,,No,Moderate,Costal,Natural,Creek,,0.882329021589696,South Andaman,12.3024330307,92.8543309527,Andaman & Nicobar Island,878.2408012376126,8823.290215896963,Hydrological Layer,SAC N
48,48,2102,,No,Moderate,Costal,Natural,Creek,,2.20250583631862,Henry Lawrence Island,12.1809198708,93.0858723493,Andaman & Nicobar Island,1409.217322566703,22025.0583631862,Hydrological Layer,SAC N
54,54,2102,,No,Moderate,Costal,Natural,Creek,,1.310313581473435,South Andaman,12.1118918668,92.7991662357,Andaman & Nicobar Island,1245.436021106529,13103.135814734354,Hydrological Layer,SAC N
34,34,2102,,No,Moderate,Costal,Natural,Creek,,13.432669419270349,South Andaman,12.295306668,92.8511885322,Andaman & Nicobar Island,5909.825297944632,134326.6941927035,Hydrological Layer,SAC N
37,37,2102,,No,Moderate,Costal,Natural,Creek,,3.879654296740077,South Andaman,12.28288141,92.8776491381,Andaman & Nicobar Island,3193.855771911603,38796.54296740077,Hydrological Layer,SAC N
38,38,2102,,No,Moderate,Costal,Natural,Creek,,1.693463805776865,South Andaman,12.281280052,92.7831846966,Andaman & Nicobar Island,1895.996065705758,16934.638057768654,Hydrological Layer,SAC N
39,39,2102,,No,Moderate,Costal,Natural,Creek,,2.674504823804288,South Andaman,12.2768508536,92.7793321982,Andaman & Nicobar Island,1814.3499335782078,26745.04823804288,Hydrological Layer,SAC N
40,40,2102,,No,Moderate,Costal,Natural,Creek,,5.430038287558888,South Andaman,12.2557655096,92.8682662642,Andaman & Nicobar Island,3280.453623937351,54300.382875588875,Hydrological Layer,SAC N
41,41,2102,,No,Moderate,Costal,Natural,Creek,,10.611009277712325,Colebrooke Island,12.252038718,92.8985825159,Andaman & Nicobar Island,5314.23236804242,106110.09277712325,Hydrological Layer,SAC N
290,290,2102,,No,Moderate,Costal,Natural,Creek,,0.214859280630943,North Andaman,12.9860286706,92.8890506751,Andaman & Nicobar Island,243.92369799877267,2148.5928063094348,Hydrological Layer,SAC N
42,42,2102,,No,Moderate,Costal,Natural,Creek,,7.067932815246849,Outram Island,12.2305939264,93.0912900925,Andaman & Nicobar Island,5354.583377450273,70679.32815246849,Hydrological Layer,SAC N
43,43,2101,,No,Moderate,Costal,Natural,Lagoon,,49.86426903367669,Outram Island,12.2222393305,93.0897159114,Andaman & Nicobar Island,3722.1987428420216,498642.69033676694,Hydrological Layer,SAC N
44,44,2102,,No,Moderate,Costal,Natural,Creek,,2.671859393252294,South Andaman,12.2113232714,92.8714588225,Andaman & Nicobar Island,2002.2680632621539,26718.59393252294,Hydrological Layer,SAC N
45,45,2102,,No,Moderate,Costal,Natural,Creek,,0.408051080664438,South Andaman,12.1959058759,92.7065081754,Andaman & Nicobar Island,566.8247746862056,4080.5108066443768,Hydrological Layer,SAC N
46,46,2102,,No,Moderate,Costal,Natural,Creek,,5.882219775159015,South Andaman,12.188782525,92.7051272046,Andaman & Nicobar Island,4437.805573826989,58822.19775159015,Hydrological Layer,SAC N
47,47,2102,,No,Moderate,Costal,Natural,Creek,,3.140646306681979,South Andaman,12.1875579759,92.845172409,Andaman & Nicobar Island,1778.5341567397213,31406.463066819793,Hydrological Layer,SAC N
397,397,1202,,No,Moderate,Inland,Man-made,Tank/Pond,,0.30604066172333,,11.5619624322,92.6532036092,Andaman & Nicobar Island,245.48009147914848,3060.406617233296,Hydrological Layer,SAC N
50,50,2102,,No,Moderate,Costal,Natural,Creek,,15.430755122117166,South Andaman,12.1641159964,92.8103632193,Andaman & Nicobar Island,9501.644215204535,154307.55122117166,Hydrological Layer,SAC N
51,51,2102,,No,Moderate,Costal,Natural,Creek,,4.449931187567405,South Andaman,12.1605057781,92.7099714773,Andaman & Nicobar Island,4761.045738012829,44499.311875674044,Hydrological Layer,SAC N
418,418,1202,,No,Moderate,Inland,Man-made,Tank/Pond,,11.669465113664396,,11.7267852256,92.710077714,Andaman & Nicobar Island,1418.976642520594,116694.65113664395,Hydrological Layer,SAC N
81,81,1202,,No,Moderate,Inland,Man-made,Tank/Pond,,1.798362546382045,South Andaman,11.6404614916,92.6509008007,Andaman & Nicobar Island,726.1113722448018,17983.625463820445,Hydrological Layer,SAC N
82,82,1202,,No,Moderate,Inland,Man-made,Tank/Pond,,0.807479588485646,South Andaman,11.6378364838,92.6611761761,Andaman & Nicobar Island,400.52770637511077,8074.795884856461,Hydrological Layer,SAC N
52,52,2102,,No,Moderate,Costal,Natural,Creek,,18.816461035534633,Henry Lawrence Island,12.1208506766,93.0543276713,Andaman & Nicobar Island,4693.848988819962,188164.61035534632,Hydrological Layer,SAC N
55,55,2102,,No,Moderate,Costal,Natural,Creek,,6.091243777795567,South Andaman,12.0362885016,92.7359607676,Andaman & Nicobar Island,3046.0250790828554,60912.43777795567,Hydrological Layer,SAC N
56,56,2102,,No,Moderate,Costal,Natural,Creek,,16.775269372164146,Hevelock Island,12.0275090144,92.9785530302,Andaman & Nicobar Island,9377.466268599665,167752.69372164147,Hydrological Layer,SAC N
57,57,2102,,No,Moderate,Costal,Natural,Creek,,2.889604411095354,South Andaman,12.024364529,92.7298467386,Andaman & Nicobar Island,3230.3914446479043,28896.044110953542,Hydrological Layer,SAC N
58,58,2102,,No,Moderate,Costal,Natural,Creek,,0.992400091153115,South Andaman,11.9988957321,92.7312395904,Andaman & Nicobar Island,673.9071011059389,9924.000911531153,Hydrological Layer,SAC N
59,59,2102,,No,Moderate,Costal,Natural,Creek,,1.127460330110138,South Andaman,11.9976863463,92.7462415308,Andaman & Nicobar Island,845.6477565450493,11274.603301101375,Hydrological Layer,SAC N
60,60,2102,,No,Moderate,Costal,Natural,Creek,,3.544980570970127,South Andaman,11.9923212587,92.7252296638,Andaman & Nicobar Island,3001.884587600049,35449.80570970127,Hydrological Layer,SAC N
85,85,1202,,No,Moderate,Inland,Man-made,Tank/Pond,,2.343600758602983,South Andaman,11.6109769115,92.7491011869,Andaman & Nicobar Island,841.5745867737636,23436.007586029824,Hydrological Layer,SAC N
66,66,2102,,No,Moderate,Costal,Natural,Creek,,2.464555381282975,South Andaman,11.9174607236,92.5771538712,Andaman & Nicobar Island,1778.023760600778,24645.55381282975,Hydrological Layer,SAC N
61,61,2102,,No,Moderate,Costal,Natural,Creek,,2.581649290774616,South Andaman,11.9641890673,92.7184429992,Andaman & Nicobar Island,1801.1745199338673,25816.49290774616,Hydrological Layer,SAC N
62,62,2102,,No,Moderate,Costal,Natural,Creek,,10.026162368723432,Hevelock Island,11.9580449733,92.9989602015,Andaman & Nicobar Island,6982.329101214572,100261.62368723431,Hydrological Layer,SAC N
383,383,1202,,No,Moderate,Inland,Man-made,Tank/Pond,,0.436998796666042,,13.2342848554,93.0401201027,Andaman & Nicobar Island,260.72277570164397,4369.98796666042,Hydrological Layer,SAC N
63,63,2102,,No,Moderate,Costal,Natural,Creek,,10.581884501961209,Hevelock Island,11.9488237244,93.0063766025,Andaman & Nicobar Island,7545.273146236973,105818.84501961208,Hydrological Layer,SAC N
64,64,2102,,No,Moderate,Costal,Natural,Creek,,3.684413925627014,South Andaman,11.9274835967,92.715284288,Andaman & Nicobar Island,2884.003538930388,36844.13925627014,Hydrological Layer,SAC N
65,65,2102,,No,Moderate,Costal,Natural,Creek,,5.85927650206759,South Andaman,11.9207844491,92.6131866049,Andaman & Nicobar Island,4922.350828644064,58592.7650206759,Hydrological Layer,SAC N
77,77,1202,,No,Moderate,Inland,Man-made,Tank/Pond,,6.644171247242017,South Andaman,11.650226626,92.7249349685,Andaman & Nicobar Island,2100.2774418529934,66441.71247242017,Hydrological Layer,SAC N
78,78,1202,,No,Moderate,Inland,Man-made,Tank/Pond,,1.156522317336726,South Andaman,11.6490451197,92.7432532736,Andaman & Nicobar Island,495.8205024823071,11565.223173367256,Hydrological Layer,SAC N
79,79,1202,,No,Moderate,Inland,Man-made,Tank/Pond,,3.052239513315686,South Andaman,11.6462544305,92.7384924,Andaman & Nicobar Island,1084.359569669173,30522.39513315686,Hydrological Layer,SAC N
69,69,2102,,No,Moderate,Costal,Natural,Creek,,37.27644837922552,South Andaman,11.8606445136,92.6053968686,Andaman & Nicobar Island,12946.11771531652,372764.4837922552,Hydrological Layer,SAC N
70,70,2101,,No,Moderate,Costal,Natural,Lagoon,,4.621539593001657,South Andaman,11.8670286298,92.5123838537,Andaman & Nicobar Island,1629.8108652119424,46215.39593001657,Hydrological Layer,SAC N
71,71,2102,,No,Moderate,Costal,Natural,Creek,,29.116693571719882,South Andaman,11.8318689487,92.5453008226,Andaman & Nicobar Island,5514.615290470235,291166.9357171988,Hydrological Layer,SAC N
72,72,1202,,No,Moderate,Inland,Man-made,Tank/Pond,,1.283957142636621,South Andaman,11.7781472201,92.651729398,Andaman & Nicobar Island,454.758114083669,12839.571426366208,Hydrological Layer,SAC N
73,73,1201,,No,Low,Inland,Man-made,Reservoir/Barrage,,2.593240640319844,South Andaman,11.7236731065,92.6358958682,Andaman & Nicobar Island,1434.3315777702403,25932.406403198445,Hydrological Layer,SAC N
76,76,1202,,No,Moderate,Inland,Man-made,Tank/Pond,,2.239146855803142,South Andaman,11.6630085609,92.7432589861,Andaman & Nicobar Island,987.5838836481258,22391.468558031418,Hydrological Layer,SAC N
90,90,2102,,No,Moderate,Costal,Natural,Creek,,6.8407914309545,Camurta Island,8.23003808696,93.5229310907,Andaman & Nicobar Island,1804.4159879498225,68407.914309545,Hydrological Layer,SAC N
86,86,1202,,No,Moderate,Inland,Man-made,Tank/Pond,,0.737712654348946,South Andaman,11.6018050688,92.7453725496,Andaman & Nicobar Island,361.2932476141701,7377.126543489455,Hydrological Layer,SAC N
87,87,2102,,No,Moderate,Costal,Natural,Creek,,1.298951238694355,Tarmugli Island,11.591443482,92.5443857302,Andaman & Nicobar Island,1117.4538913726497,12989.51238694355,Hydrological Layer,SAC N
88,88,2102,,No,Moderate,Costal,Natural,Creek,,8.988259256333839,Little Andaman,10.7892424673,92.4140505881,Andaman & Nicobar Island,3640.2591596679617,89882.59256333839,Hydrological Layer,SAC N
89,89,1201,,No,Low,Inland,Man-made,Reservoir/Barrage,,46.96583130418035,Little Andaman,10.6955383549,92.5475510262,Andaman & Nicobar Island,14455.432726871004,469658.3130418035,Hydrological Layer,SAC N
91,91,1101,,Yes,Low,Inland,Natural,Lake/Pond,,8.357979597324158,Camurta Island,8.18379021053,93.483564076,Andaman & Nicobar Island,1418.7636338382295,83579.79597324159,Hydrological Layer,SAC N
92,92,2102,,No,Moderate,Costal,Natural,Creek,,3.439991608340446,Trinkat Island,8.10494306549,93.5867818469,Andaman & Nicobar Island,1144.0955237562816,34399.91608340447,Hydrological Layer,SAC N
74,74,2102,,No,Moderate,Costal,Natural,Creek,,86.07149184960723,South Andaman,11.7038469915,92.6989464486,Andaman & Nicobar Island,22145.618578111193,860714.9184960723,Hydrological Layer,SAC N
75,75,2102,,No,Moderate,Costal,Natural,Creek,,7.42836751464703,South Andaman,11.7075492989,92.6023794123,Andaman & Nicobar Island,6688.043791062733,74283.6751464703,Hydrological Layer,SAC N
106,106,2102,,No,Moderate,Costal,Natural,Creek,,1.44911855179793,Rutland Island,11.3579462591,92.6652383345,Andaman & Nicobar Island,771.981974665742,14491.185517979302,Hydrological Layer,SAC N
399,399,1202,,No,Moderate,Inland,Man-made,Tank/Pond,,0.155077733093459,,11.61220807,92.7174864541,Andaman & Nicobar Island,147.4158504949455,1550.7773309345948,Hydrological Layer,SAC N
93,93,2102,,No,Moderate,Costal,Natural,Creek,,19.70355600554275,Trinkat Island,8.09671123933,93.5850108751,Andaman & Nicobar Island,4757.447833880532,197035.56005542752,Hydrological Layer,SAC N
94,94,2102,,No,Moderate,Costal,Natural,Creek,,13.519303046179958,Trinkat Island,8.09128584293,93.5865253193,Andaman & Nicobar Island,3019.822927187656,135193.0304617996,Hydrological Layer,SAC N
95,95,2101,,No,Moderate,Costal,Natural,Lagoon,,2.408298246526516,Trinkat Island,8.04982851857,93.5870834987,Andaman & Nicobar Island,737.6505065319183,24082.98246526516,Hydrological Layer,SAC N
96,96,2102,,No,Moderate,Costal,Natural,Creek,,3.200225934083582,Catchall,8.02010422269,93.3729356863,Andaman & Nicobar Island,1447.8776587771197,32002.259340835815,Hydrological Layer,SAC N
97,97,2102,,No,Moderate,Costal,Natural,Creek,,3.658248969017342,Catchall,8.00689058885,93.3598355435,Andaman & Nicobar Island,1487.8312686401298,36582.489690173425,Hydrological Layer,SAC N
98,98,1101,,Yes,Low,Inland,Natural,Lake/Pond,,27.084260104262153,Meroe Nancowry,7.51823258756,93.5442002662,Andaman & Nicobar Island,2382.3335551503797,270842.60104262154,Hydrological Layer,SAC N
419,419,1202,,No,Moderate,Inland,Man-made,Tank/Pond,,0.910132240897419,,11.6450096777,92.6646242447,Andaman & Nicobar Island,415.82191752341254,9101.322408974185,Hydrological Layer,SAC N
107,107,2102,,No,Moderate,Costal,Natural,Creek,,2.894200580379193,Rutland Island,11.3611541301,92.6663797112,Andaman & Nicobar Island,1871.7890004579979,28942.005803791926,Hydrological Layer,SAC N
99,99,2102,,No,Moderate,Costal,Natural,Creek,,7.015757745407427,Great Nicobar Island,7.20760500954,93.7831701924,Andaman & Nicobar Island,3972.037677849853,70157.57745407427,Hydrological Layer,SAC N
100,100,2102,,No,Moderate,Costal,Natural,Creek,,3.535560204256174,Great Nicobar Island,7.20425620373,93.7567227022,Andaman & Nicobar Island,1050.7822179984685,35355.602042561746,Hydrological Layer,SAC N
101,101,2102,,No,Moderate,Costal,Natural,Creek,,2.361061968288133,Great Nicobar Island,7.10101241495,93.6679362086,Andaman & Nicobar Island,1327.0840469860875,23610.61968288133,Hydrological Layer,SAC N
102,102,2102,,No,Moderate,Costal,Natural,Creek,,3.999527111713561,Great Nicobar Island,7.07810501293,93.8891140996,Andaman & Nicobar Island,1933.7723757084354,39995.27111713561,Hydrological Layer,SAC N
103,103,2101,,No,Moderate,Costal,Natural,Lagoon,,8.682215673503864,Rutland Island,11.3554020784,92.6448474356,Andaman & Nicobar Island,1346.8588032075447,86822.15673503863,Hydrological Layer,SAC N
104,104,2102,,No,Moderate,Costal,Natural,Creek,,2.371309943436177,Rutland Island,11.3598275575,92.6477511319,Andaman & Nicobar Island,2783.3325489181093,23713.099434361768,Hydrological Layer,SAC N
105,105,2102,,No,Moderate,Costal,Natural,Creek,,2.470641385670969,Rutland Island,11.3643074646,92.6725827331,Andaman & Nicobar Island,868.6413909534884,24706.413856709692,Hydrological Layer,SAC N
108,108,2101,,No,Moderate,Costal,Natural,Lagoon,,5.167583114351707,Rutland Island,11.3946388208,92.6754704992,Andaman & Nicobar Island,1317.1775681395984,51675.831143517076,Hydrological Layer,SAC N
109,109,2101,,No,Moderate,Costal,Natural,Lagoon,,0.972004364454395,Rutland Island,11.4015130263,92.6599614438,Andaman & Nicobar Island,489.0349877886429,9720.043644543946,Hydrological Layer,SAC N
259,259,2102,,No,Moderate,Costal,Natural,Creek,,0.282048671102097,Middle Andaman,12.4260276954,92.8201607196,Andaman & Nicobar Island,704.1491907754189,2820.486711020973,Hydrological Layer,SAC N
110,110,2101,,No,Moderate,Costal,Natural,Lagoon,,4.3012074441173,Rutland Island,11.3973362724,92.6611854084,Andaman & Nicobar Island,1433.2110009775909,43012.074441173,Hydrological Layer,SAC N
111,111,2102,,No,Moderate,Costal,Natural,Creek,,3.540101381783982,Rutland Island,11.4090173828,92.6439507647,Andaman & Nicobar Island,3388.4560268831274,35401.01381783982,Hydrological Layer,SAC N
112,112,2102,,No,Moderate,Costal,Natural,Creek,,2.507635440162345,Rutland Island,11.4035500138,92.6483123062,Andaman & Nicobar Island,2637.246000304317,25076.354401623452,Hydrological Layer,SAC N
129,129,2101,,No,Moderate,Costal,Natural,Lagoon,,2.765236846865586,Little Andaman,10.6378173883,92.5509360028,Andaman & Nicobar Island,1101.3588439207474,27652.36846865586,Hydrological Layer,SAC N
139,139,2102,,No,Moderate,Costal,Natural,Creek,,0.915179932872523,Middle Andaman,12.7360703876,92.7797735843,Andaman & Nicobar Island,1294.4463136637576,9151.79932872523,Hydrological Layer,SAC N
113,113,2102,,No,Moderate,Costal,Natural,Creek,,2.927315342050459,Little Andaman,10.8167876899,92.5591595165,Andaman & Nicobar Island,3947.8596162661015,29273.153420504586,Hydrological Layer,SAC N
167,167,2102,,No,Moderate,Costal,Natural,Creek,,0.414946433243183,North Andaman,12.9181153463,92.7958177292,Andaman & Nicobar Island,676.3282558598665,4149.464332431831,Hydrological Layer,SAC N
124,124,2102,,No,Moderate,Costal,Natural,Creek,,3.013318865991405,Little Andaman,10.5440033283,92.4532688135,Andaman & Nicobar Island,2371.909263477335,30133.18865991405,Hydrological Layer,SAC N
116,116,2101,,No,Moderate,Costal,Natural,Lagoon,,4.630519080808217,Little Andaman,10.679458722,92.5805634141,Andaman & Nicobar Island,1760.3624937800223,46305.19080808217,Hydrological Layer,SAC N
117,117,2101,,No,Moderate,Costal,Natural,Lagoon,,0.555248790604028,Little Andaman,10.6799405956,92.5833553726,Andaman & Nicobar Island,724.0483402865149,5552.487906040281,Hydrological Layer,SAC N
118,118,2102,,No,Moderate,Costal,Natural,Creek,,10.262879984137587,Little Andaman,10.6171474672,92.5401224994,Andaman & Nicobar Island,2202.26337819498,102628.79984137588,Hydrological Layer,SAC N
119,119,2102,,No,Moderate,Costal,Natural,Creek,,1.783621162666799,Little Andaman,10.8240062113,92.4412515135,Andaman & Nicobar Island,2997.758636108033,17836.211626667988,Hydrological Layer,SAC N
120,120,2102,,No,Moderate,Costal,Natural,Creek,,0.20170035173842,Little Andaman,10.8098815515,92.4250542313,Andaman & Nicobar Island,279.77679053764507,2017.0035173841993,Hydrological Layer,SAC N
121,121,2202,,No,Low,Costal,Man-made,Aquaculture Pond,,9.335371042058192,Little Andaman,10.7404490175,92.4299681715,Andaman & Nicobar Island,1646.6163528314435,93353.71042058192,Hydrological Layer,SAC N
122,122,2102,,No,Moderate,Costal,Natural,Creek,,0.927292359369761,Little Andaman,10.7704041573,92.3959422138,Andaman & Nicobar Island,1114.446865802914,9272.923593697613,Hydrological Layer,SAC N
125,125,2102,,No,Moderate,Costal,Natural,Creek,,2.121738210309145,Little Andaman,10.5526973694,92.540595072,Andaman & Nicobar Island,3256.0718722269453,21217.38210309145,Hydrological Layer,SAC N
138,138,2102,,No,Moderate,Costal,Natural,Creek,,1.213572214836375,Middle Andaman,12.7283713936,92.786141538,Andaman & Nicobar Island,1673.2616796410716,12135.722148363753,Hydrological Layer,SAC N
140,140,2102,,No,Moderate,Costal,Natural,Creek,,0.397837794560072,Middle Andaman,12.7362438851,92.7818519646,Andaman & Nicobar Island,654.7071479287406,3978.377945600724,Hydrological Layer,SAC N
126,126,2102,,No,Moderate,Costal,Natural,Creek,,3.702589496913473,Little Andaman,10.5939559131,92.5416601383,Andaman & Nicobar Island,3543.603724373138,37025.89496913473,Hydrological Layer,SAC N
132,132,2102,,No,Moderate,Costal,Natural,Creek,,0.970120282965936,North Andaman,13.0141208973,92.801615434,Andaman & Nicobar Island,1320.0204454395034,9701.202829659363,Hydrological Layer,SAC N
191,191,1105,,No,High,Inland,Natural,Waterlogged,,1.502040866976827,North Andaman,12.8775995079,92.8729179076,Andaman & Nicobar Island,512.3951387163688,15020.408669768269,Hydrological Layer,SAC N
127,127,2102,,No,Moderate,Costal,Natural,Creek,,3.984495165134645,Little Andaman,10.6117032241,92.536919304,Andaman & Nicobar Island,3719.550326326847,39844.95165134645,Hydrological Layer,SAC N
128,128,2101,,No,Moderate,Costal,Natural,Lagoon,,1.385062644768588,Little Andaman,10.6309742382,92.5465975829,Andaman & Nicobar Island,819.1239780016845,13850.626447685881,Hydrological Layer,SAC N
130,130,2102,,No,Moderate,Costal,Natural,Creek,,3.208535748760641,Little Andaman,10.6682415647,92.5727697812,Andaman & Nicobar Island,4052.3521451965366,32085.357487606405,Hydrological Layer,SAC N
131,131,2102,,No,Moderate,Costal,Natural,Creek,,1.454122590818756,Little Andaman,10.6750423912,92.5763154415,Andaman & Nicobar Island,1660.594829713339,14541.225908187565,Hydrological Layer,SAC N
134,134,2102,,No,Moderate,Costal,Natural,Creek,,2.589875418958282,Middle Andaman,12.806130888,92.7373876027,Andaman & Nicobar Island,3160.6512320606744,25898.754189582814,Hydrological Layer,SAC N
135,135,2102,,No,Moderate,Costal,Natural,Creek,,0.612212951285888,Middle Andaman,12.5015539381,92.7035867656,Andaman & Nicobar Island,770.6818046317255,6122.129512858882,Hydrological Layer,SAC N
136,136,2102,,No,Moderate,Costal,Natural,Creek,,2.198784273252747,Middle Andaman,12.6245021244,92.7747252297,Andaman & Nicobar Island,3031.893089493153,21987.84273252747,Hydrological Layer,SAC N
137,137,2102,,No,Moderate,Costal,Natural,Creek,,0.435152982815994,Middle Andaman,12.6865237453,92.7878718015,Andaman & Nicobar Island,742.9879911191555,4351.529828159935,Hydrological Layer,SAC N
141,141,2102,,No,Moderate,Costal,Natural,Creek,,1.8044660258354,Middle Andaman,12.67446722,92.7919178634,Andaman & Nicobar Island,2016.429605395525,18044.660258354004,Hydrological Layer,SAC N
142,142,2102,,No,Moderate,Costal,Natural,Creek,,3.171694998381742,Middle Andaman,12.6622292646,92.7735630009,Andaman & Nicobar Island,3772.888213398084,31716.949983817423,Hydrological Layer,SAC N
143,143,2102,,No,Moderate,Costal,Natural,Creek,,3.616729366002108,Middle Andaman,12.661078693,92.7882421316,Andaman & Nicobar Island,3395.0071030736403,36167.29366002108,Hydrological Layer,SAC N
144,144,2102,,No,Moderate,Costal,Natural,Creek,,0.92895648695038,Middle Andaman,12.6546808619,92.7859047356,Andaman & Nicobar Island,1613.6912313854048,9289.564869503802,Hydrological Layer,SAC N
145,145,2102,,No,Moderate,Costal,Natural,Creek,,0.904083366043549,Middle Andaman,12.6187259038,92.7681084715,Andaman & Nicobar Island,1460.1778907648202,9040.83366043549,Hydrological Layer,SAC N
151,151,2102,,No,Moderate,Costal,Natural,Creek,,0.466910088592,Middle Andaman,12.793621433,92.7318963339,Andaman & Nicobar Island,863.136261134261,4669.100885920002,Hydrological Layer,SAC N
161,161,2102,,No,Moderate,Costal,Natural,Creek,,0.497119046496935,Middle Andaman,12.8950771944,92.8019754013,Andaman & Nicobar Island,705.2308882822822,4971.1904649693515,Hydrological Layer,SAC N
146,146,2102,,No,Moderate,Costal,Natural,Creek,,6.925316242172413,Middle Andaman,12.6183004855,92.7916150928,Andaman & Nicobar Island,6238.5230869069255,69253.16242172413,Hydrological Layer,SAC N
332,332,2102,,No,Moderate,Costal,Natural,Creek,,0.537182932693418,North Andaman,12.9514694734,92.9807264982,Andaman & Nicobar Island,555.7252185924071,5371.8293269341775,Hydrological Layer,SAC N
147,147,2102,,No,Moderate,Costal,Natural,Creek,,1.829577923125727,Middle Andaman,12.6245003778,92.7888155677,Andaman & Nicobar Island,2001.760603297396,18295.779231257267,Hydrological Layer,SAC N
148,148,2102,,No,Moderate,Costal,Natural,Creek,,1.550835360851426,Middle Andaman,12.7950712852,92.7394869845,Andaman & Nicobar Island,2437.615695524577,15508.353608514257,Hydrological Layer,SAC N
149,149,2102,,No,Moderate,Costal,Natural,Creek,,1.046111417745004,Middle Andaman,12.7921847867,92.738633974,Andaman & Nicobar Island,1540.8891428672732,10461.114177450037,Hydrological Layer,SAC N
150,150,2102,,No,Moderate,Costal,Natural,Creek,,0.396965323961601,Middle Andaman,12.7980007952,92.729482914,Andaman & Nicobar Island,570.4768120712621,3969.6532396160082,Hydrological Layer,SAC N
152,152,2102,,No,Moderate,Costal,Natural,Creek,,1.043113520224644,Middle Andaman,12.8008547188,92.7318825724,Andaman & Nicobar Island,1641.2039626936348,10431.135202246442,Hydrological Layer,SAC N
153,153,2102,,No,Moderate,Costal,Natural,Creek,,0.904435474618797,Middle Andaman,12.82301255,92.7429452747,Andaman & Nicobar Island,1141.075986887634,9044.354746187966,Hydrological Layer,SAC N
400,400,1202,,No,Moderate,Inland,Man-made,Tank/Pond,,0.358030464913201,,11.615100043,92.714715449,Andaman & Nicobar Island,228.43496966396944,3580.304649132014,Hydrological Layer,SAC N
154,154,2102,,No,Moderate,Costal,Natural,Creek,,30.120156399821198,Middle Andaman,12.8349234291,92.7632253044,Andaman & Nicobar Island,17574.302909352984,301201.563998212,Hydrological Layer,SAC N
157,157,2102,,No,Moderate,Costal,Natural,Creek,,1.213613358619418,Middle Andaman,12.8696561467,92.7968806199,Andaman & Nicobar Island,1899.6349095840496,12136.133586194175,Hydrological Layer,SAC N
401,401,1202,,No,Moderate,Inland,Man-made,Tank/Pond,,0.14350856826501,,11.6134020219,92.7122600971,Andaman & Nicobar Island,143.84314682723578,1435.0856826500951,Hydrological Layer,SAC N
164,164,2102,,No,Moderate,Costal,Natural,Creek,,0.408281073399744,Middle Andaman,12.9088748443,92.7804521963,Andaman & Nicobar Island,1046.608255369068,4082.81073399744,Hydrological Layer,SAC N
158,158,2102,,No,Moderate,Costal,Natural,Creek,,3.000147815592008,Middle Andaman,12.8826592964,92.796253626,Andaman & Nicobar Island,3021.685744541725,30001.478155920082,Hydrological Layer,SAC N
260,260,2102,,No,Moderate,Costal,Natural,Creek,,0.372044210848929,Middle Andaman,12.4262752221,92.8222675368,Andaman & Nicobar Island,654.9758363214394,3720.4421084892947,Hydrological Layer,SAC N
155,155,2102,,No,Moderate,Costal,Natural,Creek,,7.34653037772267,Middle Andaman,12.8530445356,92.7906749782,Andaman & Nicobar Island,6567.999480260277,73465.3037772267,Hydrological Layer,SAC N
160,160,2102,,No,Moderate,Costal,Natural,Creek,,1.469453405637331,Middle Andaman,12.8975536612,92.7902194685,Andaman & Nicobar Island,2560.3593643791755,14694.53405637331,Hydrological Layer,SAC N
257,257,2102,,No,Moderate,Costal,Natural,Creek,,0.505393860582334,Middle Andaman,12.4116223015,92.8299109399,Andaman & Nicobar Island,595.7334342041506,5053.938605823341,Hydrological Layer,SAC N
159,159,2102,,No,Moderate,Costal,Natural,Creek,,3.983974102315841,Middle Andaman,12.8918287779,92.8077163821,Andaman & Nicobar Island,5640.418963682157,39839.74102315841,Hydrological Layer,SAC N
192,192,2102,,No,Moderate,Costal,Natural,Creek,,0.563100267383184,Middle Andaman,12.8917447938,92.886103189,Andaman & Nicobar Island,1099.6970290613547,5631.002673831841,Hydrological Layer,SAC N
420,420,2101,,No,Moderate,Costal,Natural,Lagoon,,1.286528356189586,,7.90455080462,93.4054556625,Andaman & Nicobar Island,598.9675094749259,12865.283561895863,Hydrological Layer,SAC N
181,181,2102,,No,Moderate,Costal,Natural,Creek,,0.173168220114787,North Andaman,13.0838543179,92.8000532029,Andaman & Nicobar Island,293.5855180590563,1731.6822011478746,Hydrological Layer,SAC N
162,162,2102,,No,Moderate,Costal,Natural,Creek,,0.788183664322102,Middle Andaman,12.9019306848,92.7911095266,Andaman & Nicobar Island,1414.526973084932,7881.83664322102,Hydrological Layer,SAC N
402,402,1202,,No,Moderate,Inland,Man-made,Tank/Pond,,0.229515316327984,,11.6121387764,92.7145118185,Andaman & Nicobar Island,180.15247847208508,2295.153163279841,Hydrological Layer,SAC N
165,165,2102,,No,Moderate,Costal,Natural,Creek,,0.759796735240908,Middle Andaman,12.9103367662,92.789149689,Andaman & Nicobar Island,1206.269530863211,7597.967352409075,Hydrological Layer,SAC N
166,166,2102,,No,Moderate,Costal,Natural,Creek,,0.824351469516658,Middle Andaman,12.9086533419,92.7935146405,Andaman & Nicobar Island,1519.63486865815,8243.514695166585,Hydrological Layer,SAC N
421,421,1202,,No,Moderate,Inland,Man-made,Tank/Pond,,0.249758603494596,,12.8221174923,92.9223177385,Andaman & Nicobar Island,184.40493060356977,2497.58603494596,Hydrological Layer,SAC N
170,170,2102,,No,Moderate,Costal,Natural,Creek,,2.475309744267479,North Andaman,13.1308111199,92.8476460569,Andaman & Nicobar Island,3984.734659915985,24753.097442674796,Hydrological Layer,SAC N
182,182,2102,,No,Moderate,Costal,Natural,Creek,,0.400855049125939,North Andaman,13.0816669637,92.7988552338,Andaman & Nicobar Island,537.4883366015979,4008.550491259388,Hydrological Layer,SAC N
156,156,2102,,No,Moderate,Costal,Natural,Creek,,9.813025145002266,Middle Andaman,12.8593334076,92.7994506581,Andaman & Nicobar Island,11742.038230341701,98130.25145002265,Hydrological Layer,SAC N
163,163,2101,,No,Moderate,Costal,Natural,Lagoon,,2.027805969325795,Middle Andaman,12.907896494,92.7762785164,Andaman & Nicobar Island,1158.1420193570175,20278.059693257954,Hydrological Layer,SAC N
168,168,2102,,No,Moderate,Costal,Natural,Creek,,6.210570961109297,North Andaman,12.9069698681,92.8078799064,Andaman & Nicobar Island,7372.167554171173,62105.70961109297,Hydrological Layer,SAC N
169,169,2102,,No,Moderate,Costal,Natural,Creek,,0.917799341406625,North Andaman,12.9014243697,92.8135678775,Andaman & Nicobar Island,1134.4941217659652,9177.993414066252,Hydrological Layer,SAC N
403,403,1202,,No,Moderate,Inland,Man-made,Tank/Pond,,0.28881654727013,,11.606227116,92.7333017966,Andaman & Nicobar Island,241.7682106258365,2888.1654727012974,Hydrological Layer,SAC N
175,175,2102,,No,Moderate,Costal,Natural,Creek,,1.189346248961034,North Andaman,13.1015135763,92.8250856563,Andaman & Nicobar Island,2123.074461310187,11893.462489610341,Hydrological Layer,SAC N
186,186,2102,,No,Moderate,Costal,Natural,Creek,,0.753032598908589,North Andaman,12.9445486014,92.8031871742,Andaman & Nicobar Island,1251.8795473806451,7530.325989085885,Hydrological Layer,SAC N
174,174,2102,,No,Moderate,Costal,Natural,Creek,,4.594281839809172,North Andaman,13.1111292381,92.8285831344,Andaman & Nicobar Island,5296.5751284546395,45942.818398091724,Hydrological Layer,SAC N
194,194,2102,,No,Moderate,Costal,Natural,Creek,,3.558385993729614,Middle Andaman,12.8997730098,92.8976701687,Andaman & Nicobar Island,2083.238876213957,35583.85993729614,Hydrological Layer,SAC N
179,179,2102,,No,Moderate,Costal,Natural,Creek,,1.928658299044851,North Andaman,13.070830831,92.8101290235,Andaman & Nicobar Island,3180.571579000326,19286.582990448507,Hydrological Layer,SAC N
180,180,2102,,No,Moderate,Costal,Natural,Creek,,0.244387128714522,North Andaman,13.08562898,92.800907247,Andaman & Nicobar Island,355.2504151335049,2443.871287145217,Hydrological Layer,SAC N
171,171,2102,,No,Moderate,Costal,Natural,Creek,,8.023631317671878,North Andaman,13.1221222526,92.84593935,Andaman & Nicobar Island,8430.42389042233,80236.31317671879,Hydrological Layer,SAC N
172,172,2102,,No,Moderate,Costal,Natural,Creek,,1.613232038953957,North Andaman,13.124642146,92.840383889,Andaman & Nicobar Island,1994.7508789410285,16132.32038953957,Hydrological Layer,SAC N
173,173,2102,,No,Moderate,Costal,Natural,Creek,,0.437936542576293,North Andaman,13.1168704738,92.8184689982,Andaman & Nicobar Island,681.6455672146509,4379.365425762929,Hydrological Layer,SAC N
270,270,2102,,No,Moderate,Costal,Natural,Creek,,0.226584402549769,Middle Andaman,12.4404734199,92.8604803337,Andaman & Nicobar Island,491.03709011056185,2265.8440254976854,Hydrological Layer,SAC N
212,212,2102,,No,Moderate,Costal,Natural,Creek,,1.104470864057693,Middle Andaman,12.4608111075,92.9419961413,Andaman & Nicobar Island,1552.2376792926134,11044.708640576933,Hydrological Layer,SAC N
193,193,2102,,No,Moderate,Costal,Natural,Creek,,1.215602250454914,Middle Andaman,12.8914613668,92.8894104698,Andaman & Nicobar Island,2282.383205336638,12156.022504549142,Hydrological Layer,SAC N
234,234,1105,,No,Moderate,Inland,Natural,Waterlogged,,0.106359191022631,Middle Andaman,12.5264180991,92.8244107644,Andaman & Nicobar Island,221.68494802105994,1063.5919102263072,Hydrological Layer,SAC N
176,176,2102,,No,Moderate,Costal,Natural,Creek,,3.643759795589747,North Andaman,13.0912167177,92.821276444,Andaman & Nicobar Island,5533.133168229909,36437.597955897465,Hydrological Layer,SAC N
177,177,2102,,No,Moderate,Costal,Natural,Creek,,0.348511007767005,North Andaman,13.0810287336,92.8118775661,Andaman & Nicobar Island,520.369739806432,3485.1100776700478,Hydrological Layer,SAC N
183,183,2102,,No,Moderate,Costal,Natural,Creek,,1.112785139247871,North Andaman,13.0106363944,92.8273572466,Andaman & Nicobar Island,1737.93542219035,11127.851392478713,Hydrological Layer,SAC N
222,222,2102,,No,Moderate,Costal,Natural,Creek,,0.453688471549769,Middle Andaman,12.448270124,92.8763922393,Andaman & Nicobar Island,784.652419684447,4536.88471549769,Hydrological Layer,SAC N
184,184,2102,,No,Moderate,Costal,Natural,Creek,,2.693323147230853,North Andaman,12.9635318568,92.7990535982,Andaman & Nicobar Island,3981.7143193808965,26933.23147230853,Hydrological Layer,SAC N
185,185,2102,,No,Moderate,Costal,Natural,Creek,,1.360636259151876,North Andaman,12.95115583,92.8005305671,Andaman & Nicobar Island,2424.5752530106342,13606.362591518757,Hydrological Layer,SAC N
178,178,2102,,No,Moderate,Costal,Natural,Creek,,9.429213353716776,North Andaman,13.0735351502,92.8166932887,Andaman & Nicobar Island,10725.616380098007,94292.13353716776,Hydrological Layer,SAC N
189,189,2102,,No,Moderate,Costal,Natural,Creek,,0.874409555547551,North Andaman,12.9335233867,92.8025286028,Andaman & Nicobar Island,1459.753481597617,8744.095555475506,Hydrological Layer,SAC N
190,190,2102,,No,Moderate,Costal,Natural,Creek,,0.136904967067237,North Andaman,12.9292930921,92.7980714633,Andaman & Nicobar Island,217.20774000512603,1369.049670672367,Hydrological Layer,SAC N
187,187,2102,,No,Moderate,Costal,Natural,Creek,,0.311683770043688,North Andaman,13.0642178016,92.7962294695,Andaman & Nicobar Island,445.36276518338616,3116.8377004368826,Hydrological Layer,SAC N
188,188,2102,,No,Moderate,Costal,Natural,Creek,,0.440832283397455,North Andaman,12.9388188099,92.8033741226,Andaman & Nicobar Island,693.7639628061729,4408.322833974548,Hydrological Layer,SAC N
195,195,2102,,No,Moderate,Costal,Natural,Creek,,2.042987385940477,Middle Andaman,12.9010190939,92.9068441233,Andaman & Nicobar Island,1536.524633913823,20429.873859404768,Hydrological Layer,SAC N
196,196,2102,,No,Moderate,Costal,Natural,Creek,,2.331345653683814,Middle Andaman,12.8841179212,92.9167830558,Andaman & Nicobar Island,2239.975972529784,23313.456536838137,Hydrological Layer,SAC N
197,197,2102,,No,Moderate,Costal,Natural,Creek,,1.711126364424551,Middle Andaman,12.6212802257,92.9548049622,Andaman & Nicobar Island,2265.0608774056286,17111.263644245508,Hydrological Layer,SAC N
235,235,1203,,No,Moderate,Inland,Man-made,Waterlogged,,0.378683726995905,Middle Andaman,12.505410748,92.855039841,Andaman & Nicobar Island,393.3881235814753,3786.8372699590495,Hydrological Layer,SAC N
202,202,1105,,Yes,High,Inland,Natural,Waterlogged,,8.830416020032315,Middle Andaman,12.4762907202,92.9035724756,Andaman & Nicobar Island,2909.6941566545447,88304.16020032315,Hydrological Layer,SAC N
205,205,2102,,No,Moderate,Costal,Natural,Creek,,0.875461878621553,Middle Andaman,12.390563978,92.861303376,Andaman & Nicobar Island,1303.70529591193,8754.61878621553,Hydrological Layer,SAC N
206,206,2102,,No,Moderate,Costal,Natural,Creek,,0.226310662883325,Middle Andaman,12.4059600536,92.8472156757,Andaman & Nicobar Island,522.6280564424757,2263.106628833248,Hydrological Layer,SAC N
198,198,2102,,No,Moderate,Costal,Natural,Creek,,4.609671310441537,Middle Andaman,12.6233549792,92.9451735633,Andaman & Nicobar Island,6122.598197878023,46096.71310441537,Hydrological Layer,SAC N
199,199,2101,,No,Moderate,Costal,Natural,Lagoon,,1.634539344511305,Middle Andaman,12.4875469269,92.9355489182,Andaman & Nicobar Island,1073.149133567504,16345.393445113048,Hydrological Layer,SAC N
200,200,2101,,No,Moderate,Costal,Natural,Lagoon,,0.378434999361166,Middle Andaman,12.4879448228,92.9400122899,Andaman & Nicobar Island,349.14245937932236,3784.349993611658,Hydrological Layer,SAC N
201,201,1105,,Yes,High,Inland,Natural,Waterlogged,,3.651427614805089,Middle Andaman,12.4668628087,92.9000727513,Andaman & Nicobar Island,2048.61200060321,36514.276148050885,Hydrological Layer,SAC N
258,258,2102,,No,Moderate,Costal,Natural,Creek,,0.79609517760117,Middle Andaman,12.417332283,92.8299149811,Andaman & Nicobar Island,992.4871835754975,7960.951776011704,Hydrological Layer,SAC N
203,203,2101,,No,Moderate,Costal,Natural,Lagoon,,3.169369407045375,Middle Andaman,12.4972452555,92.9418069735,Andaman & Nicobar Island,1152.9020611856026,31693.694070453752,Hydrological Layer,SAC N
204,204,2102,,No,Moderate,Costal,Natural,Creek,,0.359359213589868,Middle Andaman,12.4023819787,92.8664096768,Andaman & Nicobar Island,566.1287541902263,3593.592135898684,Hydrological Layer,SAC N
207,207,2102,,No,Moderate,Costal,Natural,Creek,,7.842046922506809,Middle Andaman,12.4874677768,92.9298946839,Andaman & Nicobar Island,8314.230146561162,78420.4692250681,Hydrological Layer,SAC N
208,208,2102,,No,Moderate,Costal,Natural,Creek,,0.982601428917103,Middle Andaman,12.4639225696,92.9204791906,Andaman & Nicobar Island,1774.6831889825187,9826.014289171035,Hydrological Layer,SAC N
281,281,2102,,No,Moderate,Costal,Natural,Creek,,0.227582238696011,North Andaman,12.944741051,92.8749415324,Andaman & Nicobar Island,371.04968358283844,2275.822386960107,Hydrological Layer,SAC N
209,209,2102,,No,Moderate,Costal,Natural,Creek,,2.667704260371542,Middle Andaman,12.4772497208,92.9276471502,Andaman & Nicobar Island,3391.2030989293676,26677.042603715417,Hydrological Layer,SAC N
211,211,2102,,No,Moderate,Costal,Natural,Creek,,8.703864566213301,Middle Andaman,12.4720603644,92.9102291745,Andaman & Nicobar Island,9890.03054797452,87038.64566213301,Hydrological Layer,SAC N
213,213,2102,,No,Moderate,Costal,Natural,Creek,,3.494670503527537,Middle Andaman,12.443291829,92.9111155352,Andaman & Nicobar Island,3055.322106320365,34946.70503527537,Hydrological Layer,SAC N
214,214,2102,,No,Moderate,Costal,Natural,Creek,,0.341506108929189,Middle Andaman,12.4515515197,92.8986427334,Andaman & Nicobar Island,582.9462303302319,3415.0610892918944,Hydrological Layer,SAC N
311,311,2102,,No,Moderate,Costal,Natural,Creek,,0.162976211892993,North Andaman,13.0575123803,92.9042155061,Andaman & Nicobar Island,355.5800437314999,1629.7621189299284,Hydrological Layer,SAC N
215,215,2102,,No,Moderate,Costal,Natural,Creek,,1.753307085432218,Middle Andaman,12.4485350119,92.8874950682,Andaman & Nicobar Island,2189.6968065878023,17533.07085432218,Hydrological Layer,SAC N
216,216,2102,,No,Moderate,Costal,Natural,Creek,,0.262456757130547,Middle Andaman,12.4586942366,92.8921764615,Andaman & Nicobar Island,503.41529246753385,2624.567571305468,Hydrological Layer,SAC N
217,217,2102,,No,Moderate,Costal,Natural,Creek,,0.380019097023201,Middle Andaman,12.4695404265,92.8808660522,Andaman & Nicobar Island,786.4129898601283,3800.1909702320104,Hydrological Layer,SAC N
218,218,2102,,No,Moderate,Costal,Natural,Creek,,0.689760210151079,Middle Andaman,12.466221666,92.8843681344,Andaman & Nicobar Island,1416.291819197358,6897.602101510789,Hydrological Layer,SAC N
219,219,2102,,No,Moderate,Costal,Natural,Creek,,0.994569835471483,Middle Andaman,12.4648001712,92.8846749344,Andaman & Nicobar Island,1759.356093473571,9945.698354714828,Hydrological Layer,SAC N
220,220,2102,,No,Moderate,Costal,Natural,Creek,,1.285981435069834,Middle Andaman,12.4625320796,92.8782686667,Andaman & Nicobar Island,1380.811399172685,12859.814350698343,Hydrological Layer,SAC N
221,221,2102,,No,Moderate,Costal,Natural,Creek,,6.639706426384959,Middle Andaman,12.4521439105,92.8800311228,Andaman & Nicobar Island,3928.9840137532096,66397.06426384959,Hydrological Layer,SAC N
223,223,2102,,No,Moderate,Costal,Natural,Creek,,0.8110795825351,Middle Andaman,12.4561181824,92.8696605101,Andaman & Nicobar Island,1321.6013423221477,8110.795825351004,Hydrological Layer,SAC N
224,224,2102,,No,Moderate,Costal,Natural,Creek,,0.721096819701322,Middle Andaman,12.453234325,92.8635481289,Andaman & Nicobar Island,1295.7289467026144,7210.9681970132215,Hydrological Layer,SAC N
225,225,2102,,No,Moderate,Costal,Natural,Creek,,0.541872428254025,Middle Andaman,12.4735809211,92.8548467234,Andaman & Nicobar Island,686.4819481885355,5418.724282540248,Hydrological Layer,SAC N
226,226,2102,,No,Moderate,Costal,Natural,Creek,,0.506018635390268,Middle Andaman,12.4703361052,92.8552550032,Andaman & Nicobar Island,635.9690651161396,5060.186353902682,Hydrological Layer,SAC N
227,227,2102,,No,Moderate,Costal,Natural,Creek,,1.614229662807859,Middle Andaman,12.4682867853,92.8603694291,Andaman & Nicobar Island,1554.971608291086,16142.296628078586,Hydrological Layer,SAC N
228,228,2102,,No,Moderate,Costal,Natural,Creek,,0.99199598655805,Middle Andaman,12.4557563871,92.8618023804,Andaman & Nicobar Island,1744.7421873799326,9919.959865580498,Hydrological Layer,SAC N
262,262,2102,,No,Moderate,Costal,Natural,Creek,,0.345933242725178,Middle Andaman,12.429608686,92.8243778043,Andaman & Nicobar Island,716.06150272567,3459.332427251776,Hydrological Layer,SAC N
350,350,1202,,No,Moderate,Inland,Man-made,Tank/Pond,,0.206509722065779,,13.2402105823,92.9540243632,Andaman & Nicobar Island,182.71409498833694,2065.0972206577885,Hydrological Layer,SAC N
242,242,2102,,No,Moderate,Costal,Natural,Creek,,1.112312118295415,Middle Andaman,12.4395661149,92.8725114083,Andaman & Nicobar Island,1756.4716246106718,11123.121182954153,Hydrological Layer,SAC N
229,229,2102,,No,Moderate,Costal,Natural,Creek,,1.191766948903462,Middle Andaman,12.4736821242,92.8460825022,Andaman & Nicobar Island,1981.143386773161,11917.669489034624,Hydrological Layer,SAC N
230,230,2102,,No,Moderate,Costal,Natural,Creek,,1.570397502475375,Middle Andaman,12.4373215588,92.8946882589,Andaman & Nicobar Island,2484.4612518503604,15703.975024753752,Hydrological Layer,SAC N
231,231,2102,,No,Moderate,Costal,Natural,Creek,,0.974481430787737,Middle Andaman,12.4650794558,92.8422259318,Andaman & Nicobar Island,1702.7939439647232,9744.81430787737,Hydrological Layer,SAC N
232,232,2102,,No,Moderate,Costal,Natural,Creek,,1.017423354181079,Middle Andaman,12.4571789911,92.8463919498,Andaman & Nicobar Island,1662.8644794715517,10174.233541810787,Hydrological Layer,SAC N
233,233,2102,,No,Moderate,Costal,Natural,Creek,,1.216999856059878,Middle Andaman,12.4875363999,92.8405574651,Andaman & Nicobar Island,2006.07620062391,12169.998560598779,Hydrological Layer,SAC N
236,236,2102,,No,Moderate,Costal,Natural,Creek,,1.777382935911135,Middle Andaman,12.5003472458,92.8421620525,Andaman & Nicobar Island,2251.242328863779,17773.829359111347,Hydrological Layer,SAC N
237,237,2102,,No,Moderate,Costal,Natural,Creek,,2.377550625447528,Middle Andaman,12.5048859823,92.8370668704,Andaman & Nicobar Island,3062.498971120714,23775.50625447528,Hydrological Layer,SAC N
238,238,2102,,No,Moderate,Costal,Natural,Creek,,1.498638975277323,Middle Andaman,12.4854783676,92.8137493056,Andaman & Nicobar Island,2204.8475261313793,14986.389752773228,Hydrological Layer,SAC N
239,239,2102,,No,Moderate,Costal,Natural,Creek,,1.123913980505977,Middle Andaman,12.4928439303,92.8307778917,Andaman & Nicobar Island,1898.6826425191514,11239.13980505977,Hydrological Layer,SAC N
240,240,2102,,No,Moderate,Costal,Natural,Creek,,1.768139293318692,Middle Andaman,12.4711882918,92.8318471412,Andaman & Nicobar Island,2067.6462840601444,17681.39293318692,Hydrological Layer,SAC N
241,241,2102,,No,Moderate,Costal,Natural,Creek,,0.485914234085997,Middle Andaman,12.4395618764,92.8776669779,Andaman & Nicobar Island,916.8019596366344,4859.1423408599685,Hydrological Layer,SAC N
243,243,2102,,No,Moderate,Costal,Natural,Creek,,1.025802645474588,Middle Andaman,12.4403468201,92.8680896666,Andaman & Nicobar Island,1643.4059599470963,10258.026454745877,Hydrological Layer,SAC N
244,244,2102,,No,Moderate,Costal,Natural,Creek,,0.54489183055901,Middle Andaman,12.4439414761,92.8647319623,Andaman & Nicobar Island,1087.2797890182171,5448.9183055901,Hydrological Layer,SAC N
245,245,2102,,No,Moderate,Costal,Natural,Creek,,0.198205491146336,Middle Andaman,12.4475889468,92.8627839957,Andaman & Nicobar Island,381.61558679754006,1982.0549114633645,Hydrological Layer,SAC N
246,246,2102,,No,Moderate,Costal,Natural,Creek,,6.446079149407439,Middle Andaman,12.4246508357,92.8859481873,Andaman & Nicobar Island,3518.2207180356295,64460.79149407439,Hydrological Layer,SAC N
247,247,2102,,No,Moderate,Costal,Natural,Creek,,4.05337629006127,Middle Andaman,12.4334188269,92.8780044721,Andaman & Nicobar Island,4817.838462254584,40533.7629006127,Hydrological Layer,SAC N
256,256,2102,,No,Moderate,Costal,Natural,Creek,,0.36061205935467,Middle Andaman,12.4129015601,92.813346212,Andaman & Nicobar Island,609.0994303598344,3606.120593546704,Hydrological Layer,SAC N
351,351,1202,,No,Moderate,Inland,Man-made,Tank/Pond,,0.199310338110123,,13.244665676,92.9564854712,Andaman & Nicobar Island,186.04821756591002,1993.1033811012312,Hydrological Layer,SAC N
248,248,2102,,No,Moderate,Costal,Natural,Creek,,1.074170421097481,Middle Andaman,12.4699960331,92.7959523406,Andaman & Nicobar Island,1671.1283310475633,10741.704210974809,Hydrological Layer,SAC N
249,249,2102,,No,Moderate,Costal,Natural,Creek,,1.211520080345223,Middle Andaman,12.4474806627,92.7897541544,Andaman & Nicobar Island,1883.1221392826023,12115.200803452226,Hydrological Layer,SAC N
250,250,2102,,No,Moderate,Costal,Natural,Creek,,0.47133873798727,Middle Andaman,12.4545197047,92.7894312543,Andaman & Nicobar Island,944.0604601277034,4713.387379872702,Hydrological Layer,SAC N
251,251,2102,,No,Moderate,Costal,Natural,Creek,,1.486292448138633,Middle Andaman,12.436660672,92.7923067319,Andaman & Nicobar Island,1951.0986610317752,14862.92448138633,Hydrological Layer,SAC N
252,252,2102,,No,Moderate,Costal,Natural,Creek,,0.811978983901077,Middle Andaman,12.4518969506,92.8194742815,Andaman & Nicobar Island,1495.9633257263708,8119.7898390107675,Hydrological Layer,SAC N
253,253,2102,,No,Moderate,Costal,Natural,Creek,,0.371608657907312,Middle Andaman,12.4480890955,92.8110428972,Andaman & Nicobar Island,735.1596387904265,3716.086579073118,Hydrological Layer,SAC N
254,254,2102,,No,Moderate,Costal,Natural,Creek,,0.439742514590452,Middle Andaman,12.4405866718,92.8355591729,Andaman & Nicobar Island,683.6878711802136,4397.4251459045245,Hydrological Layer,SAC N
255,255,2102,,No,Moderate,Costal,Natural,Creek,,0.760849783677923,Middle Andaman,12.4396315822,92.8379264704,Andaman & Nicobar Island,1332.6872169024068,7608.497836779227,Hydrological Layer,SAC N
261,261,2102,,No,Moderate,Costal,Natural,Creek,,0.860914880403457,Middle Andaman,12.431203821,92.8169176731,Andaman & Nicobar Island,1370.5847796258859,8609.148804034568,Hydrological Layer,SAC N
263,263,2102,,No,Moderate,Costal,Natural,Creek,,0.322917640281242,Middle Andaman,12.4279365648,92.8280710237,Andaman & Nicobar Island,611.5916500012576,3229.1764028124244,Hydrological Layer,SAC N
264,264,2102,,No,Moderate,Costal,Natural,Creek,,0.339116244495911,Middle Andaman,12.4257911838,92.8332028478,Andaman & Nicobar Island,641.1726581043735,3391.16244495911,Hydrological Layer,SAC N
265,265,2102,,No,Moderate,Costal,Natural,Creek,,0.476168558004064,Middle Andaman,12.4235603653,92.8370732305,Andaman & Nicobar Island,861.84544123579,4761.685580040645,Hydrological Layer,SAC N
266,266,2102,,No,Moderate,Costal,Natural,Creek,,0.677350145207419,Middle Andaman,12.4214796119,92.8401939444,Andaman & Nicobar Island,1242.5650414880809,6773.501452074188,Hydrological Layer,SAC N
267,267,2102,,No,Moderate,Costal,Natural,Creek,,0.179187682478188,Middle Andaman,12.4175369449,92.8352153897,Andaman & Nicobar Island,287.81731173213547,1791.8768247818846,Hydrological Layer,SAC N
268,268,2102,,No,Moderate,Costal,Natural,Creek,,4.547317762441812,Middle Andaman,12.427367294,92.8521714836,Andaman & Nicobar Island,3479.9603175333405,45473.17762441812,Hydrological Layer,SAC N
269,269,2102,,No,Moderate,Costal,Natural,Creek,,0.29608040004412,Middle Andaman,12.4219437982,92.8721063329,Andaman & Nicobar Island,492.1561081619149,2960.804000441197,Hydrological Layer,SAC N
352,352,1202,,No,Moderate,Inland,Man-made,Tank/Pond,,0.185099860108169,,13.2479674401,92.9569610009,Andaman & Nicobar Island,173.6281788848583,1850.9986010816926,Hydrological Layer,SAC N
271,271,2102,,No,Moderate,Costal,Natural,Creek,,4.774693233922922,Middle Andaman,12.3936005318,92.8364728031,Andaman & Nicobar Island,2954.435452614582,47746.93233922922,Hydrological Layer,SAC N
272,272,2102,,No,Moderate,Costal,Natural,Creek,,1.066572945472338,Middle Andaman,12.4044057055,92.8389451012,Andaman & Nicobar Island,1289.0697774339037,10665.729454723378,Hydrological Layer,SAC N
273,273,2102,,No,Moderate,Costal,Natural,Creek,,0.181073613579776,Middle Andaman,12.3997560384,92.8382891273,Andaman & Nicobar Island,331.0688472550594,1810.7361357977566,Hydrological Layer,SAC N
282,282,2102,,No,Moderate,Costal,Natural,Creek,,1.191377744357694,North Andaman,12.9650360321,92.8730325519,Andaman & Nicobar Island,1692.9679485647973,11913.777443576937,Hydrological Layer,SAC N
274,274,2102,,No,Moderate,Costal,Natural,Creek,,3.218784777476656,North Andaman,12.9133903165,92.8518971801,Andaman & Nicobar Island,3919.627935486493,32187.84777476656,Hydrological Layer,SAC N
275,275,2102,,No,Moderate,Costal,Natural,Creek,,0.54527810552851,North Andaman,12.9336020746,92.850362724,Andaman & Nicobar Island,715.9255177240129,5452.781055285095,Hydrological Layer,SAC N
276,276,2102,,No,Moderate,Costal,Natural,Creek,,0.324424247153182,North Andaman,12.9321494528,92.8569407689,Andaman & Nicobar Island,502.926664576773,3244.2424715318207,Hydrological Layer,SAC N
277,277,2102,,No,Moderate,Costal,Natural,Creek,,0.659687103885802,North Andaman,12.9548874769,92.8539013104,Andaman & Nicobar Island,1116.7431535971432,6596.871038858018,Hydrological Layer,SAC N
298,298,2102,,No,Moderate,Costal,Natural,Creek,,0.296845203291673,Stewart Island,13.0227984188,92.9267878813,Andaman & Nicobar Island,581.6192722618945,2968.4520329167326,Hydrological Layer,SAC N
278,278,2102,,No,Moderate,Costal,Natural,Creek,,0.988702535734303,North Andaman,12.9431914445,92.8437498802,Andaman & Nicobar Island,1681.8938356542105,9887.02535734303,Hydrological Layer,SAC N
279,279,2102,,No,Moderate,Costal,Natural,Creek,,0.628613575892789,North Andaman,12.94339234,92.8502629703,Andaman & Nicobar Island,1005.5127242681209,6286.135758927892,Hydrological Layer,SAC N
404,404,1202,,No,Moderate,Inland,Man-made,Tank/Pond,,0.747761079887645,,11.6171884821,92.7283228104,Andaman & Nicobar Island,336.02682511759355,7477.610798876453,Hydrological Layer,SAC N
280,280,2102,,No,Moderate,Costal,Natural,Creek,,0.726298063309038,North Andaman,12.9448158008,92.8560947389,Andaman & Nicobar Island,1108.5554591379089,7262.98063309038,Hydrological Layer,SAC N
283,283,2102,,No,Moderate,Costal,Natural,Creek,,1.472175012203818,North Andaman,12.9795414073,92.8788656301,Andaman & Nicobar Island,2267.1370978224936,14721.750122038182,Hydrological Layer,SAC N
284,284,2102,,No,Moderate,Costal,Natural,Creek,,0.263442321477439,North Andaman,12.9841364187,92.8834841496,Andaman & Nicobar Island,349.34357937152504,2634.423214774389,Hydrological Layer,SAC N
299,299,2102,,No,Moderate,Costal,Natural,Creek,,0.415800272757482,North Andaman,13.0704163447,92.9113156118,Andaman & Nicobar Island,835.4736490136372,4158.002727574822,Hydrological Layer,SAC N
353,353,1202,,No,Moderate,Inland,Man-made,Tank/Pond,,0.160030134266243,,13.2414502842,92.9531068402,Andaman & Nicobar Island,166.17099908132198,1600.3013426624284,Hydrological Layer,SAC N
285,285,2102,,No,Moderate,Costal,Natural,Creek,,1.080694202130131,North Andaman,12.9913691856,92.8910230219,Andaman & Nicobar Island,1282.85532396288,10806.942021301313,Hydrological Layer,SAC N
286,286,2102,,No,Moderate,Costal,Natural,Creek,,0.404677193156203,North Andaman,12.9988972609,92.8914958864,Andaman & Nicobar Island,725.619665529223,4046.771931562034,Hydrological Layer,SAC N
287,287,2102,,No,Moderate,Costal,Natural,Creek,,0.319150919841785,North Andaman,13.0054382411,92.8885461429,Andaman & Nicobar Island,424.5852524600681,3191.5091984178516,Hydrological Layer,SAC N
422,422,1202,,No,Moderate,Inland,Man-made,Tank/Pond,,1.052253362352325,,11.6487625922,92.7300341585,Andaman & Nicobar Island,539.1670202184513,10522.533623523246,Hydrological Layer,SAC N
288,288,2102,,No,Moderate,Costal,Natural,Creek,,0.649454947194786,North Andaman,12.9993532313,92.8840775861,Andaman & Nicobar Island,883.2553547367941,6494.5494719478575,Hydrological Layer,SAC N
289,289,2102,,No,Moderate,Costal,Natural,Creek,,0.835050339688508,North Andaman,12.9945849743,92.88381347,Andaman & Nicobar Island,1354.5461851400823,8350.50339688508,Hydrological Layer,SAC N
291,291,2102,,No,Moderate,Costal,Natural,Creek,,0.546990748603487,North Andaman,13.0021639418,92.8825975816,Andaman & Nicobar Island,1077.3671512576132,5469.907486034874,Hydrological Layer,SAC N
292,292,2102,,No,Moderate,Costal,Natural,Creek,,0.114919927536249,North Andaman,12.9978788613,92.9112098148,Andaman & Nicobar Island,179.38900093697728,1149.1992753624936,Hydrological Layer,SAC N
293,293,2102,,No,Moderate,Costal,Natural,Creek,,0.249582168256766,North Andaman,13.0001784993,92.9070023391,Andaman & Nicobar Island,396.7504592756696,2495.821682567656,Hydrological Layer,SAC N
354,354,1202,,No,Moderate,Inland,Man-made,Tank/Pond,,0.172521241184107,,13.2446755671,92.9678913217,Andaman & Nicobar Island,171.20215585525276,1725.212411841073,Hydrological Layer,SAC N
294,294,2102,,No,Moderate,Costal,Natural,Creek,,1.892884513895318,North Andaman,13.0137311764,92.9015370171,Andaman & Nicobar Island,2253.3816249235188,18928.845138953184,Hydrological Layer,SAC N
295,295,2102,,No,Moderate,Costal,Natural,Creek,,1.784248685684509,North Andaman,13.0203029917,92.900129821,Andaman & Nicobar Island,2197.129427512056,17842.486856845087,Hydrological Layer,SAC N
326,326,2102,,No,Moderate,Costal,Natural,Creek,,0.541795601291241,North Andaman,13.0833212693,92.9391320974,Andaman & Nicobar Island,1096.1972161671306,5417.95601291241,Hydrological Layer,SAC N
312,312,2102,,No,Moderate,Costal,Natural,Creek,,0.953109981116675,North Andaman,13.0622225116,92.898715696,Andaman & Nicobar Island,1461.4323503108917,9531.099811166752,Hydrological Layer,SAC N
327,327,2102,,No,Moderate,Costal,Natural,Creek,,1.554029805223678,North Andaman,13.0788860544,92.9416758144,Andaman & Nicobar Island,1893.6660701457274,15540.298052236776,Hydrological Layer,SAC N
296,296,2102,,No,Moderate,Costal,Natural,Creek,,1.066654549958419,North Andaman,13.0255248894,92.9033250756,Andaman & Nicobar Island,1892.1784807583745,10666.545499584192,Hydrological Layer,SAC N
297,297,2102,,No,Moderate,Costal,Natural,Creek,,2.293070177833415,Stewart Island,13.0034320457,92.9294024263,Andaman & Nicobar Island,2458.8667583079887,22930.701778334154,Hydrological Layer,SAC N
300,300,2102,,No,Moderate,Costal,Natural,Creek,,0.520615370245736,North Andaman,13.0593595583,92.8696623302,Andaman & Nicobar Island,836.6864703632597,5206.153702457359,Hydrological Layer,SAC N
308,308,2102,,No,Moderate,Costal,Natural,Creek,,0.653596697235198,North Andaman,13.0436967515,92.8845018701,Andaman & Nicobar Island,1135.914690662439,6535.966972351983,Hydrological Layer,SAC N
356,356,1202,,No,Moderate,Inland,Man-made,Tank/Pond,,0.239792669808272,,13.2466984762,92.9713022304,Andaman & Nicobar Island,197.52228698119941,2397.9266980827238,Hydrological Layer,SAC N
301,301,2102,,No,Moderate,Costal,Natural,Creek,,1.321961317331058,North Andaman,13.0586386474,92.8755170007,Andaman & Nicobar Island,2032.455733154624,13219.613173310585,Hydrological Layer,SAC N
313,313,2102,,No,Moderate,Costal,Natural,Creek,,0.282537319057198,North Andaman,13.0624214883,92.9095876182,Andaman & Nicobar Island,641.1370045728896,2825.3731905719774,Hydrological Layer,SAC N
302,302,2102,,No,Moderate,Costal,Natural,Creek,,1.075143350293779,North Andaman,13.0543092253,92.8811714718,Andaman & Nicobar Island,1759.7346608427893,10751.433502937793,Hydrological Layer,SAC N
303,303,2102,,No,Moderate,Costal,Natural,Creek,,0.773312427222437,North Andaman,13.0481235536,92.8676207742,Andaman & Nicobar Island,1212.3710933453353,7733.12427222437,Hydrological Layer,SAC N
304,304,2102,,No,Moderate,Costal,Natural,Creek,,0.49349336133317,North Andaman,13.0497097261,92.8760702534,Andaman & Nicobar Island,637.5533336780454,4934.933613331704,Hydrological Layer,SAC N
355,355,1202,,No,Moderate,Inland,Man-made,Tank/Pond,,0.125022316439323,,13.2449789296,92.9667645638,Andaman & Nicobar Island,139.07686448819945,1250.2231643932348,Hydrological Layer,SAC N
305,305,2102,,No,Moderate,Costal,Natural,Creek,,0.437523530850089,North Andaman,13.0454965575,92.8757740238,Andaman & Nicobar Island,755.7319850597601,4375.235308500893,Hydrological Layer,SAC N
306,306,2102,,No,Moderate,Costal,Natural,Creek,,0.263278167701208,North Andaman,13.0399820812,92.8712036813,Andaman & Nicobar Island,504.22010309750647,2632.7816770120817,Hydrological Layer,SAC N
307,307,2102,,No,Moderate,Costal,Natural,Creek,,0.197887211547175,North Andaman,13.0399384354,92.8698005769,Andaman & Nicobar Island,422.36893980293127,1978.8721154717496,Hydrological Layer,SAC N
357,357,1202,,No,Moderate,Inland,Man-made,Tank/Pond,,0.153055104414724,,13.2369441155,92.97757785,Andaman & Nicobar Island,156.7702683471992,1530.551044147243,Hydrological Layer,SAC N
309,309,2102,,No,Moderate,Costal,Natural,Creek,,0.402366939614657,North Andaman,13.0432506156,92.8879081506,Andaman & Nicobar Island,798.1883926103995,4023.6693961465653,Hydrological Layer,SAC N
328,328,2102,,No,Moderate,Costal,Natural,Creek,,0.452502612536497,North Andaman,13.0709519534,92.9507388749,Andaman & Nicobar Island,965.2430860506304,4525.026125364968,Hydrological Layer,SAC N
359,359,1202,,No,Moderate,Inland,Man-made,Tank/Pond,,1.831713503642147,,13.2546548612,92.9976103632,Andaman & Nicobar Island,686.4985291326701,18317.13503642147,Hydrological Layer,SAC N
310,310,2102,,No,Moderate,Costal,Natural,Creek,,1.222150673061317,North Andaman,13.0556988591,92.899083337,Andaman & Nicobar Island,2173.0769993488298,12221.506730613168,Hydrological Layer,SAC N
314,314,2102,,No,Moderate,Costal,Natural,Creek,,1.236106103412544,North Andaman,13.0637640032,92.9211939974,Andaman & Nicobar Island,2035.663236106103,12361.061034125443,Hydrological Layer,SAC N
315,315,2102,,No,Moderate,Costal,Natural,Creek,,0.408264256027756,North Andaman,13.0697012539,92.9173706328,Andaman & Nicobar Island,800.7844644553835,4082.6425602775585,Hydrological Layer,SAC N
316,316,2102,,No,Moderate,Costal,Natural,Creek,,1.572349016402644,North Andaman,13.0903752441,92.8857441785,Andaman & Nicobar Island,2227.693571091052,15723.490164026438,Hydrological Layer,SAC N
317,317,2102,,No,Moderate,Costal,Natural,Creek,,2.536964559670289,North Andaman,13.081888433,92.9131009237,Andaman & Nicobar Island,3228.3779276969785,25369.64559670289,Hydrological Layer,SAC N
318,318,2102,,No,Moderate,Costal,Natural,Creek,,0.293488742931076,North Andaman,13.0839174211,92.8996693446,Andaman & Nicobar Island,370.11588198827474,2934.887429310763,Hydrological Layer,SAC N
360,360,1202,,No,Moderate,Inland,Man-made,Tank/Pond,,1.084663012450488,,13.2633858143,92.9670059023,Andaman & Nicobar Island,435.9291432659295,10846.630124504878,Hydrological Layer,SAC N
319,319,2102,,No,Moderate,Costal,Natural,Creek,,5.958196750175617,North Andaman,13.0668522489,92.9271712982,Andaman & Nicobar Island,3835.582600309087,59581.96750175617,Hydrological Layer,SAC N
320,320,2102,,No,Moderate,Costal,Natural,Creek,,0.486679991636811,North Andaman,13.1161129022,92.9452967395,Andaman & Nicobar Island,1208.616227229983,4866.79991636811,Hydrological Layer,SAC N
321,321,2102,,No,Moderate,Costal,Natural,Creek,,1.696529313159486,North Andaman,13.1034973289,92.9434300476,Andaman & Nicobar Island,1985.7159436717925,16965.29313159486,Hydrological Layer,SAC N
322,322,2102,,No,Moderate,Costal,Natural,Creek,,0.209331421837863,North Andaman,13.1042403322,92.9379434997,Andaman & Nicobar Island,374.8829702594078,2093.314218378629,Hydrological Layer,SAC N
323,323,2102,,No,Moderate,Costal,Natural,Creek,,0.373481046736915,North Andaman,13.109063035,92.9367124225,Andaman & Nicobar Island,704.8091757364693,3734.8104673691455,Hydrological Layer,SAC N
331,331,2102,,No,Moderate,Costal,Natural,Creek,,0.328885038735378,North Andaman,13.0505261933,93.0132300163,Andaman & Nicobar Island,554.7691616601894,3288.8503873537807,Hydrological Layer,SAC N
324,324,2102,,No,Moderate,Costal,Natural,Creek,,0.982302201448238,North Andaman,13.0930099963,92.9352361299,Andaman & Nicobar Island,1481.089788743524,9823.022014482376,Hydrological Layer,SAC N
325,325,2102,,No,Moderate,Costal,Natural,Creek,,2.868977014085301,North Andaman,13.0894239836,92.943490535,Andaman & Nicobar Island,3026.84394586865,28689.770140853005,Hydrological Layer,SAC N
329,329,2102,,No,Moderate,Costal,Natural,Creek,,0.516685834255087,North Andaman,13.0382260494,92.9655705706,Andaman & Nicobar Island,1250.7800835224475,5166.858342550866,Hydrological Layer,SAC N
330,330,2102,,No,Moderate,Costal,Natural,Creek,,0.479688602761551,North Andaman,13.0367502203,92.9938020491,Andaman & Nicobar Island,922.1650593670315,4796.886027615512,Hydrological Layer,SAC N
333,333,2102,,No,Moderate,Costal,Natural,Creek,,0.716810565177052,Middle Andaman,12.712561426,92.9722579355,Andaman & Nicobar Island,694.8126507832059,7168.105651770519,Hydrological Layer,SAC N
405,405,1202,,No,Moderate,Inland,Man-made,Tank/Pond,,0.846752775210154,,11.5955903724,92.7036278423,Andaman & Nicobar Island,496.11026097821355,8467.527752101541,Hydrological Layer,SAC N
334,334,2102,,No,Moderate,Costal,Natural,Creek,,0.828450530928181,Middle Andaman,12.7565944045,92.9523539588,Andaman & Nicobar Island,577.6385831497719,8284.50530928181,Hydrological Layer,SAC N
335,335,2101,,No,Moderate,Costal,Natural,Lagoon,,2.753600481649911,Middle Andaman,12.6337430269,92.9570080572,Andaman & Nicobar Island,1597.7196919615512,27536.004816499106,Hydrological Layer,SAC N
336,336,2101,,No,Moderate,Costal,Natural,Lagoon,,3.220288921936167,Middle Andaman,12.6437669917,92.9579229298,Andaman & Nicobar Island,1714.6828486357929,32202.88921936167,Hydrological Layer,SAC N
337,337,1202,,No,Moderate,Inland,Man-made,Tank/Pond,,0.157026838168062,,13.3993669366,92.9120027549,Andaman & Nicobar Island,145.43101627779032,1570.2683816806236,Hydrological Layer,SAC N
338,338,1202,,No,Moderate,Inland,Man-made,Tank/Pond,,0.17788862639174,,13.4080272839,92.9079499232,Andaman & Nicobar Island,200.6510138697287,1778.8862639173994,Hydrological Layer,SAC N
361,361,1202,,No,Moderate,Inland,Man-made,Tank/Pond,,0.365778676272957,,13.2607460092,92.9623025164,Andaman & Nicobar Island,247.71449315927316,3657.7867627295745,Hydrological Layer,SAC N
369,369,1202,,No,Moderate,Inland,Man-made,Tank/Pond,,0.190368067034124,,13.2470468997,92.8753666931,Andaman & Nicobar Island,192.5264365184667,1903.680670341242,Hydrological Layer,SAC N
339,339,2102,,No,Moderate,Costal,Natural,Creek,,6.105979340883875,,13.3889446667,92.8621246019,Andaman & Nicobar Island,3926.2854265366855,61059.79340883874,Hydrological Layer,SAC N
340,340,2101,,No,Moderate,Costal,Natural,Lagoon,,2.045222783464813,,13.4200726937,92.813077393,Andaman & Nicobar Island,609.9542106256588,20452.227834648133,Hydrological Layer,SAC N
374,374,1202,,No,Moderate,Inland,Man-made,Tank/Pond,,0.677280523908778,,13.2708365908,92.8801375267,Andaman & Nicobar Island,476.8682514407399,6772.805239087781,Hydrological Layer,SAC N
341,341,2101,,No,Moderate,Costal,Natural,Lagoon,,3.066034169457021,,13.574535709,92.8876956928,Andaman & Nicobar Island,872.1564344222263,30660.341694570216,Hydrological Layer,SAC N
342,342,2101,,No,Moderate,Costal,Natural,Lagoon,,0.956507446283447,,13.5759916873,92.8899334432,Andaman & Nicobar Island,565.1414996848947,9565.074462834466,Hydrological Layer,SAC N
362,362,1202,,No,Moderate,Inland,Man-made,Tank/Pond,,0.477332461821492,,13.2521570033,92.965063705,Andaman & Nicobar Island,297.4519016069039,4773.324618214921,Hydrological Layer,SAC N
363,363,1202,,No,Moderate,Inland,Man-made,Tank/Pond,,0.414032153372567,,13.2533430582,92.967169994,Andaman & Nicobar Island,272.88894456156925,4140.321533725672,Hydrological Layer,SAC N
364,364,1202,,No,Moderate,Inland,Man-made,Tank/Pond,,0.319346685907712,,13.2509320828,92.9651270001,Andaman & Nicobar Island,260.3881296041442,3193.466859077121,Hydrological Layer,SAC N
365,365,1202,,No,Moderate,Inland,Man-made,Tank/Pond,,0.143860873204665,,13.2638387955,92.8842351457,Andaman & Nicobar Island,152.74678245386792,1438.6087320466488,Hydrological Layer,SAC N
366,366,1202,,No,Moderate,Inland,Man-made,Tank/Pond,,0.111725657403457,,13.2618726094,92.8757743181,Andaman & Nicobar Island,145.62747448604668,1117.2565740345726,Hydrological Layer,SAC N
367,367,1202,,No,Moderate,Inland,Man-made,Tank/Pond,,0.121112627256925,,13.265595451,92.8773385005,Andaman & Nicobar Island,143.77624641310373,1211.1262725692486,Hydrological Layer,SAC N
368,368,1202,,No,Moderate,Inland,Man-made,Tank/Pond,,0.146889160253995,,13.2536831593,92.8745877324,Andaman & Nicobar Island,154.34765283164575,1468.8916025399512,Hydrological Layer,SAC N
343,343,2102,,No,Moderate,Costal,Natural,Creek,,1.914222498228144,North Andaman,13.5036503949,92.9289585826,Andaman & Nicobar Island,2859.1975016182337,19142.224982281445,Hydrological Layer,SAC N
344,344,1202,,No,Moderate,Inland,Man-made,Tank/Pond,,0.360824126037814,,13.2305488188,92.9253306296,Andaman & Nicobar Island,324.7924749227082,3608.241260378141,Hydrological Layer,SAC N
346,346,1202,,No,Moderate,Inland,Man-made,Tank/Pond,,0.10351558784118,,13.2311924413,92.9342395531,Andaman & Nicobar Island,133.89926536618947,1035.1558784118015,Hydrological Layer,SAC N
347,347,1202,,No,Moderate,Inland,Man-made,Tank/Pond,,0.175699763149035,,13.232297551,92.9357220883,Andaman & Nicobar Island,168.56644835996929,1756.997631490347,Hydrological Layer,SAC N
348,348,1202,,No,Moderate,Inland,Man-made,Tank/Pond,,0.165495739959734,,13.2338814865,92.939943038,Andaman & Nicobar Island,179.87873889786283,1654.9573995973424,Hydrological Layer,SAC N
349,349,1202,,No,Moderate,Inland,Man-made,Tank/Pond,,0.15847649342132,,13.2356129115,92.9364920022,Andaman & Nicobar Island,160.66477291455652,1584.7649342131967,Hydrological Layer,SAC N
384,384,2102,,No,Moderate,Costal,Natural,Creek,,3.439868375477009,,12.5757810467,92.9605018024,Andaman & Nicobar Island,2238.328893321564,34398.68375477009,Hydrological Layer,SAC N
386,386,1202,,No,Moderate,Inland,Man-made,Tank/Pond,,0.20532627730837,,12.3481038999,92.7661553038,Andaman & Nicobar Island,204.56127801149103,2053.2627730836994,Hydrological Layer,SAC N
387,387,1202,,No,Moderate,Inland,Man-made,Tank/Pond,,0.174701433739858,,12.3449253819,92.7640122362,Andaman & Nicobar Island,173.65753547101215,1747.014337398582,Hydrological Layer,SAC N
406,406,1201,,Yes,Moderate,Inland,Man-made,Reservoir/Barrage,,16.612873060453335,,11.6240230987,92.6554774266,Andaman & Nicobar Island,4711.794718089205,166128.73060453334,Hydrological Layer,SAC N
408,408,1202,,No,Moderate,Inland,Man-made,Tank/Pond,,0.987293064393991,,11.6775728872,92.6856470825,Andaman & Nicobar Island,602.071319108608,9872.93064393991,Hydrological Layer,SAC N
409,409,1202,,No,Moderate,Inland,Man-made,Tank/Pond,,0.514903926239111,,11.6769137194,92.6881521017,Andaman & Nicobar Island,401.7840183261083,5149.039262391112,Hydrological Layer,SAC N
410,410,1202,,No,Moderate,Inland,Man-made,Tank/Pond,,0.437492188341118,,11.7166869098,92.7027792883,Andaman & Nicobar Island,245.91970642608942,4374.921883411182,Hydrological Layer,SAC N
411,411,1202,,No,Moderate,Inland,Man-made,Tank/Pond,,0.259388241852698,,11.725434115,92.6919989716,Andaman & Nicobar Island,194.74227830893656,2593.88241852698,Hydrological Layer,SAC N
412,412,1202,,No,Moderate,Inland,Man-made,Tank/Pond,,0.272018979397214,,11.7080227724,92.6466594893,Andaman & Nicobar Island,235.8948769914365,2720.1897939721425,Hydrological Layer,SAC N
413,413,1202,,No,Moderate,Inland,Man-made,Tank/Pond,,0.171954074918975,,11.7138134783,92.6486344741,Andaman & Nicobar Island,164.19983898503986,1719.5407491897458,Hydrological Layer,SAC N
414,414,1202,,No,Moderate,Inland,Man-made,Tank/Pond,,0.16673599059096,,11.6986738565,92.6362920412,Andaman & Nicobar Island,152.74703974207392,1667.3599059096005,Hydrological Layer,SAC N
415,415,1202,,No,Moderate,Inland,Man-made,Tank/Pond,,0.880773938565604,,11.7224751266,92.6654335066,Andaman & Nicobar Island,379.6437887055826,8807.739385656043,Hydrological Layer,SAC N
417,417,1202,,No,Moderate,Inland,Man-made,Tank/Pond,,1.144805389713732,,11.7292177237,92.7083650808,Andaman & Nicobar Island,416.6563010152448,11448.053897137323,Hydrological Layer,SAC N
423,423,1202,,No,High,Inland,Man-made,Tank/Pond,,16.46529018688212,South Andaman,11.6562382956,92.6602368282,Andaman & Nicobar Island,2794.3824948989563,164652.9018688212,Hydrological Layer,SAC N
426,426,2102,,No,Moderate,Costal,Natural,Creek,,14.243060216998355,Middle Andaman,12.3869029194,92.8392731077,Andaman & Nicobar Island,7771.737074096725,142430.60216998355,Hydrological Layer,SAC N
428,428,2102,,No,Moderate,Costal,Natural,Creek,,121.9268751411173,Little Andaman,10.8783460201,92.5057107904,Andaman & Nicobar Island,39801.155060052384,1219268.751411173,Hydrological Layer,SAC N
429,429,2102,,No,Moderate,Costal,Natural,Creek,,57.472623720396925,Little Andaman,10.871316311,92.532807677,Andaman & Nicobar Island,21285.491342345562,574726.2372039693,Hydrological Layer,SAC N
430,430,2102,,No,Moderate,Costal,Natural,Creek,,39.35498432990829,Little Andaman,10.8002658192,92.5623293661,Andaman & Nicobar Island,22017.531863237593,393549.8432990829,Hydrological Layer,SAC N
431,431,1201,,No,Low,Inland,Man-made,Reservoir/Barrage,,34.130348713089504,Little Andaman,10.7085651747,92.5275494376,Andaman & Nicobar Island,6423.299829358367,341303.487130895,Hydrological Layer,SAC N
432,432,2102,,No,Moderate,Costal,Natural,Creek,,4.933494906371925,North Andaman,13.0448476502,92.8016183267,Andaman & Nicobar Island,6524.3401198367155,49334.94906371924,Hydrological Layer,SAC N
433,433,2102,,No,Moderate,Costal,Natural,Creek,,4.899188868358141,Middle Andaman,12.4481179822,92.9142920452,Andaman & Nicobar Island,5239.39104774294,48991.888683581405,Hydrological Layer,SAC N
