id,objectid_1,Wetland_Code,Wetland_Name,Aquatic_Vegetation,Turbidity,Level_I_Category,Level_II_Category,level_iii,Waterbody_Type,Area_ha,remarks,Latitude,Longitude,State_Code,Perimeter_Length_m,Shape_Area_sqm,Dataset_Name,Source_Agency
46,46,1202,,No,High,Inland,Man-made,Tank/Pond,,1.756452016381558,,20.1721555576,73.0000907339,Dadra & Nagar Haveli,538.2049367982099,17564.520163815585,Hydrological Layer,SAC N
45,45,1203,,Yes,Moderate,Inland,Man-made,Waterlogged,,25.26240494999561,,20.1609389117,73.0379835999,Dadra & Nagar Haveli,2174.278184328877,252624.0494999561,Hydrological Layer,SAC N
47,47,1201,Damanganga,Yes,Low,Inland,Man-made,Reservoir/Barrage,,1165.3542661748254,,20.1742245434,73.1398359275,Dadra & Nagar Haveli,94238.48695922358,11653542.661748255,Hydrological Layer,SAC N
48,48,1201,,Yes,Low,Inland,Man-made,Reservoir/Barrage,,1.863494548082229,,20.7696408265,71.1470832156,Daman & Diu,1052.144412307885,18634.945480822294,Hydrological Layer,SAC N
107,107,1202,,No,High,Inland,Man-made,Tank/Pond,,3.523658579373329,,20.4319340066,72.8625918102,Daman & Diu,996.4295528618368,35236.58579373329,Hydrological Layer,SAC N
108,108,1202,,No,High,Inland,Man-made,Tank/Pond,,1.238293548320223,,20.4331938243,72.8639077201,Daman & Diu,421.1370509669981,12382.935483202225,Hydrological Layer,SAC N
1,1,1202,,No,Low,Inland,Man-made,Tank/Pond,Check Dam,0.265117654336028,,20.0773824421,73.113909563,Dadra & Nagar Haveli,194.47880174302034,2651.1765433602823,Hydrological Layer,SAC N
2,2,9999,,NA,NA,NA,NA,NA,,0.181140013153431,,20.2019327621,72.9966293685,Dadra & Nagar Haveli,162.274139374889,1811.4001315343105,Hydrological Layer,SAC N
3,3,9999,,NA,NA,NA,NA,NA,,7.032151425963362,,20.1764682833,73.0247934379,Dadra & Nagar Haveli,1303.3893910905142,70321.51425963362,Hydrological Layer,SAC N
4,4,9999,,NA,NA,NA,NA,NA,,1.967012215360316,,20.1871574787,73.0070974698,Dadra & Nagar Haveli,651.0699221906484,19670.12215360316,Hydrological Layer,SAC N
79,79,1202,,No,High,Inland,Man-made,Tank/Pond,,0.868307982409192,,20.3738773295,72.8353829214,Daman & Diu,389.42054318816463,8683.079824091916,Hydrological Layer,SAC N
93,93,1202,,No,High,Inland,Man-made,Tank/Pond,,6.81727203654127,,20.4317649619,72.8569993636,Daman & Diu,1047.7352801739091,68172.7203654127,Hydrological Layer,SAC N
5,5,9999,,NA,NA,NA,NA,NA,,6.511637995636278,,20.1477003946,73.032592904,Dadra & Nagar Haveli,1059.410759713772,65116.379956362776,Hydrological Layer,SAC N
26,26,1202,,No,High,Inland,Man-made,Tank/Pond,,0.188167513875638,,20.2851020014,73.1248524075,Dadra & Nagar Haveli,193.4662928411061,1881.6751387563786,Hydrological Layer,SAC N
6,6,9999,,NA,NA,NA,NA,NA,,2.737791662878166,,20.1250878208,73.0675815875,Dadra & Nagar Haveli,871.4026665412899,27377.916628781662,Hydrological Layer,SAC N
16,16,9999,,NA,NA,NA,NA,NA,,0.370261557768369,,20.2708223744,73.0735220787,Dadra & Nagar Haveli,269.0961656760139,3702.61557768369,Hydrological Layer,SAC N
7,7,9999,,NA,NA,NA,NA,NA,,59.80802658950687,,20.1677986269,73.1256780731,Dadra & Nagar Haveli,3935.066401083887,598080.2658950688,Hydrological Layer,SAC N
8,8,9999,,NA,NA,NA,NA,NA,,2.495694423432418,,20.1605270172,73.1560661874,Dadra & Nagar Haveli,773.1907078072904,24956.94423432418,Hydrological Layer,SAC N
9,9,9999,,NA,NA,NA,NA,NA,,7.862849437628599,,20.1146926844,73.0789552251,Dadra & Nagar Haveli,1473.392174047584,78628.49437628599,Hydrological Layer,SAC N
10,10,1202,,No,High,Inland,Man-made,Tank/Pond,,1.386112275253713,,20.1726398114,73.0319700798,Dadra & Nagar Haveli,839.9334625747529,13861.122752537125,Hydrological Layer,SAC N
11,11,9999,,NA,NA,NA,NA,NA,,0.618347756128004,,20.172120538,73.1957042133,Dadra & Nagar Haveli,363.3046029762445,6183.477561280043,Hydrological Layer,SAC N
12,12,1202,,No,High,Inland,Man-made,Tank/Pond,,0.410108610486793,,20.2646336873,73.0993702605,Dadra & Nagar Haveli,320.23629076105664,4101.086104867932,Hydrological Layer,SAC N
13,13,9999,,NA,NA,NA,NA,NA,,0.222249632092486,,20.2669060044,73.0872891765,Dadra & Nagar Haveli,200.2198216517863,2222.496320924862,Hydrological Layer,SAC N
27,27,1202,,No,High,Inland,Man-made,Tank/Pond,,0.162840803414421,,20.2844866658,73.1233658228,Dadra & Nagar Haveli,165.4289930645879,1628.4080341442066,Hydrological Layer,SAC N
14,14,9999,,NA,NA,NA,NA,NA,,0.708067898168627,,20.2665786438,73.0846847003,Dadra & Nagar Haveli,429.86417119612855,7080.678981686268,Hydrological Layer,SAC N
15,15,9999,,NA,NA,NA,NA,NA,,2.334831057937281,,20.2704256617,73.0608412004,Dadra & Nagar Haveli,597.1559344630974,23348.31057937281,Hydrological Layer,SAC N
67,67,1202,,No,High,Inland,Man-made,Tank/Pond,,0.438373005339984,,20.7134596896,70.9709534604,Daman & Diu,264.90047993046966,4383.730053399841,Hydrological Layer,SAC N
17,17,9999,,NA,NA,NA,NA,NA,,0.925987109178839,,20.277813532,73.0326234289,Dadra & Nagar Haveli,465.4942320651711,9259.871091788393,Hydrological Layer,SAC N
18,18,9999,,NA,NA,NA,NA,NA,,0.282215048061651,,20.2980177106,73.1581016394,Dadra & Nagar Haveli,232.8376044300185,2822.150480616508,Hydrological Layer,SAC N
19,19,1202,,No,High,Inland,Man-made,Tank/Pond,,0.816891931806537,,20.1544469329,73.1559630433,Dadra & Nagar Haveli,331.18607337263984,8168.919318065373,Hydrological Layer,SAC N
20,20,1202,,No,High,Inland,Man-made,Tank/Pond,,1.640352296501583,,20.3156080419,73.0985498369,Dadra & Nagar Haveli,509.12110355642534,16403.522965015833,Hydrological Layer,SAC N
21,21,1202,,No,High,Inland,Man-made,Tank/Pond,,0.594512572636054,,20.316478254,73.0967246637,Dadra & Nagar Haveli,317.98436840456566,5945.125726360536,Hydrological Layer,SAC N
22,22,1202,,No,High,Inland,Man-made,Tank/Pond,,0.388864458658336,,20.3289804938,73.0866377455,Dadra & Nagar Haveli,256.4371496261399,3888.6445865833566,Hydrological Layer,SAC N
86,86,1202,,No,High,Inland,Man-made,Tank/Pond,,1.382784882423785,,20.4528117955,72.8803413641,Daman & Diu,543.3822561154046,13827.848824237844,Hydrological Layer,SAC N
23,23,1202,,No,High,Inland,Man-made,Tank/Pond,,6.280267701609433,,20.3120025639,72.9705241192,Dadra & Nagar Haveli,1014.4560368999137,62802.677016094334,Hydrological Layer,SAC N
87,87,1202,,No,High,Inland,Man-made,Tank/Pond,,0.886688273093714,,20.459724742,72.8836003178,Daman & Diu,375.4496434005815,8866.882730937145,Hydrological Layer,SAC N
24,24,1202,,No,High,Inland,Man-made,Tank/Pond,,0.610513511992744,,20.2933743067,73.0422712606,Dadra & Nagar Haveli,481.4309720578318,6105.135119927435,Hydrological Layer,SAC N
25,25,1202,,No,High,Inland,Man-made,Tank/Pond,,0.634275467680516,,20.3051113601,73.143865138,Dadra & Nagar Haveli,341.40268810910965,6342.754676805161,Hydrological Layer,SAC N
28,28,1202,,No,High,Inland,Man-made,Tank/Pond,,0.824252164178485,,20.2636080703,73.0945409919,Dadra & Nagar Haveli,443.03044868024205,8242.521641784846,Hydrological Layer,SAC N
85,85,1202,,No,High,Inland,Man-made,Tank/Pond,,1.72822907139813,,20.4405974196,72.8832142391,Daman & Diu,545.5329808017967,17282.290713981303,Hydrological Layer,SAC N
29,29,1202,,No,High,Inland,Man-made,Tank/Pond,,0.84742383376597,,20.2607707427,73.0953092792,Dadra & Nagar Haveli,483.758419856511,8474.238337659699,Hydrological Layer,SAC N
30,30,1202,,No,High,Inland,Man-made,Tank/Pond,,0.518113187363073,,20.2581460936,73.0916620781,Dadra & Nagar Haveli,274.67583723482267,5181.131873630735,Hydrological Layer,SAC N
31,31,1202,,No,High,Inland,Man-made,Tank/Pond,,0.459197886598047,,20.2589300286,73.0870813393,Dadra & Nagar Haveli,356.5680576325399,4591.97886598047,Hydrological Layer,SAC N
32,32,1202,,No,High,Inland,Man-made,Tank/Pond,,0.757581520566792,,20.2600670208,73.0828373073,Dadra & Nagar Haveli,397.2107249780484,7575.815205667922,Hydrological Layer,SAC N
33,33,1202,,No,High,Inland,Man-made,Tank/Pond,,0.175168012868908,,20.2585642749,73.0806070056,Dadra & Nagar Haveli,157.28558146559325,1751.6801286890786,Hydrological Layer,SAC N
34,34,1202,,No,High,Inland,Man-made,Tank/Pond,,0.482312692862086,,20.2560065582,73.0633255212,Dadra & Nagar Haveli,305.20217717624934,4823.126928620864,Hydrological Layer,SAC N
35,35,1202,,No,High,Inland,Man-made,Tank/Pond,,0.378558219630526,,20.2637312701,73.0625482012,Dadra & Nagar Haveli,235.99522678474685,3785.5821963052567,Hydrological Layer,SAC N
36,36,1202,,No,High,Inland,Man-made,Tank/Pond,,0.571522211670372,,20.2651776847,73.0610742228,Dadra & Nagar Haveli,331.0406154197347,5715.22211670372,Hydrological Layer,SAC N
37,37,1202,,No,High,Inland,Man-made,Tank/Pond,,0.726765512398649,,20.2649367063,73.0648784767,Dadra & Nagar Haveli,459.31278253150236,7267.655123986493,Hydrological Layer,SAC N
38,38,1202,,No,High,Inland,Man-made,Tank/Pond,,0.566127387626134,,20.2135932587,73.0462961979,Dadra & Nagar Haveli,295.50190409787933,5661.273876261341,Hydrological Layer,SAC N
39,39,1202,,No,High,Inland,Man-made,Tank/Pond,,0.160212727865027,,20.10116352,73.0937366202,Dadra & Nagar Haveli,164.99727882889013,1602.1272786502684,Hydrological Layer,SAC N
40,40,1202,,No,High,Inland,Man-made,Tank/Pond,,0.665967332874324,,20.0855251835,73.0329342059,Dadra & Nagar Haveli,382.4996517595011,6659.673328743244,Hydrological Layer,SAC N
41,41,1202,,No,High,Inland,Man-made,Tank/Pond,,0.674349268919627,,20.0944744038,73.0402905502,Dadra & Nagar Haveli,319.55167509428406,6743.4926891962705,Hydrological Layer,SAC N
42,42,1202,,No,High,Inland,Man-made,Tank/Pond,,1.44290477555762,,20.1527370511,73.0570749976,Dadra & Nagar Haveli,493.2541019273205,14429.047755576203,Hydrological Layer,SAC N
43,43,1202,,No,High,Inland,Man-made,Tank/Pond,,0.744784059404951,,20.1371059585,72.9889816447,Dadra & Nagar Haveli,329.681629805239,7447.840594049509,Hydrological Layer,SAC N
44,44,1202,,No,High,Inland,Man-made,Tank/Pond,,2.693636872578498,,20.1353637782,72.9817704477,Dadra & Nagar Haveli,821.7987864961095,26936.368725784978,Hydrological Layer,SAC N
49,49,9999,,NA,NA,NA,NA,NA,,3.433497312022573,,20.7604696354,71.1520523399,Daman & Diu,830.0717093830109,34334.97312022573,Hydrological Layer,SAC N
68,68,1203,,No,High,Inland,Man-made,Waterlogged,,6.081081590519302,,20.7169181592,70.9763572734,Daman & Diu,1105.683001965018,60810.81590519302,Hydrological Layer,SAC N
50,50,9999,,NA,NA,NA,NA,NA,,1.617465913691038,,20.7593824945,71.1471368653,Daman & Diu,802.4713525415966,16174.659136910383,Hydrological Layer,SAC N
88,88,1202,,No,High,Inland,Man-made,Tank/Pond,,3.687382276994585,,20.4603959194,72.8540693031,Daman & Diu,797.6783714976619,36873.822769945844,Hydrological Layer,SAC N
106,106,1205,,No,High,Inland,Man-made,Aquaculture Pond,,1.475913072362841,,20.4580918547,72.8486714411,Daman & Diu,509.35435011420975,14759.130723628408,Hydrological Layer,SAC N
51,51,2101,,No,Moderate,Costal,Natural,Lagoon,,113.52560952912762,,20.7291601533,70.9760996904,Daman & Diu,15695.19618434936,1135256.0952912762,Hydrological Layer,SAC N
89,89,1202,,No,High,Inland,Man-made,Tank/Pond,,0.72417200913592,,20.4532942535,72.845537066,Daman & Diu,353.0723377282821,7241.720091359199,Hydrological Layer,SAC N
69,69,1202,,No,High,Inland,Man-made,Tank/Pond,,0.539833299435488,,20.716911786,70.9788922103,Daman & Diu,289.73924960904804,5398.332994354879,Hydrological Layer,SAC N
90,90,1202,,No,High,Inland,Man-made,Tank/Pond,,1.3893936128256,,20.4412246066,72.8506695424,Daman & Diu,515.5794822520842,13893.936128256,Hydrological Layer,SAC N
52,52,2102,,No,High,Costal,Natural,Creek,,7.239318185494618,,20.7211748521,70.9534022373,Daman & Diu,5666.075142302883,72393.18185494618,Hydrological Layer,SAC N
53,53,2102,,No,High,Costal,Natural,Creek,,2.019287211945938,,20.724946502,70.9592607654,Daman & Diu,2327.875192886488,20192.872119459375,Hydrological Layer,SAC N
54,54,2102,,No,Moderate,Costal,Natural,Creek,,1.96463605839533,,20.7354445162,70.9494732456,Daman & Diu,1339.910533259637,19646.360583953305,Hydrological Layer,SAC N
55,55,2202,,No,Moderate,Costal,Man-made,Aquaculture Pond,,19.406085473415448,,20.7384321053,70.9988256177,Daman & Diu,1924.3253407425543,194060.85473415448,Hydrological Layer,SAC N
56,56,2102,,No,High,Costal,Natural,Creek,,0.380163586897872,,20.734250492,70.9601040032,Daman & Diu,940.2489295433634,3801.635868978721,Hydrological Layer,SAC N
63,63,2202,,No,Moderate,Costal,Man-made,Aquaculture Pond,,43.26626953073801,,20.7339989234,70.9113011412,Daman & Diu,3097.023667348443,432662.69530738005,Hydrological Layer,SAC N
57,57,2102,,No,High,Costal,Natural,Creek,,0.920568863918615,,20.7313315887,70.959661927,Daman & Diu,1614.9186050138558,9205.68863918615,Hydrological Layer,SAC N
58,58,2102,,No,High,Costal,Natural,Creek,,1.573538141254566,,20.7323788566,70.9495883837,Daman & Diu,1979.5356358391662,15735.381412545665,Hydrological Layer,SAC N
59,59,1203,,No,High,Inland,Man-made,Waterlogged,,12.022194487607617,,20.7294044789,70.9333522225,Daman & Diu,1912.0335295088782,120221.94487607617,Hydrological Layer,SAC N
60,60,2102,,No,High,Costal,Natural,Creek,,1.131899061729177,,20.7197699815,70.9773493667,Daman & Diu,1388.5925654153252,11318.990617291765,Hydrological Layer,SAC N
61,61,2102,,No,High,Costal,Natural,Creek,,1.913469408756813,,20.7207287868,70.9726610452,Daman & Diu,2581.1937408037593,19134.694087568132,Hydrological Layer,SAC N
64,64,2202,,No,Moderate,Costal,Man-made,Aquaculture Pond,,13.367914230175982,,20.7310480528,70.9032808018,Daman & Diu,2623.490658346384,133679.14230175983,Hydrological Layer,SAC N
120,120,1202,,No,High,Inland,Man-made,Tank/Pond,,0.454403847072751,,20.4180164717,72.854844812,Daman & Diu,251.30427544693757,4544.03847072751,Hydrological Layer,SAC N
70,70,1202,,Yes,Moderate,Inland,Man-made,Tank/Pond,,34.911505088161086,,20.7217677986,70.8853466819,Daman & Diu,4523.453824693767,349115.05088161083,Hydrological Layer,SAC N
66,66,1202,,No,High,Inland,Man-made,Tank/Pond,,0.70191773970275,,20.7141922425,70.9739087812,Daman & Diu,340.618745801642,7019.177397027504,Hydrological Layer,SAC N
62,62,2102,,No,Moderate,Costal,Natural,Creek,,156.97319108276326,,20.7277482194,70.8985395862,Daman & Diu,17731.105922991817,1569731.9108276325,Hydrological Layer,SAC N
121,121,1202,,No,High,Inland,Man-made,Tank/Pond,,0.203102502744324,,20.4174762313,72.860286667,Daman & Diu,317.02995291432205,2031.02502744324,Hydrological Layer,SAC N
65,65,1202,,No,High,Inland,Man-made,Tank/Pond,,2.242406782275079,,20.7137616255,70.9722030501,Daman & Diu,613.5417856083957,22424.06782275079,Hydrological Layer,SAC N
84,84,1202,,No,High,Inland,Man-made,Tank/Pond,,0.453300365011329,,20.4021088143,72.8972795441,Daman & Diu,325.33743784445653,4533.003650113293,Hydrological Layer,SAC N
118,118,1202,,No,High,Inland,Man-made,Tank/Pond,,0.354418379555594,,20.4169355565,72.8645370332,Daman & Diu,263.03772252261274,3544.1837955559395,Hydrological Layer,SAC N
71,71,1202,,Yes,Moderate,Inland,Man-made,Tank/Pond,,31.818808183326176,,20.7256493052,70.8917407828,Daman & Diu,3931.7337128048143,318188.08183326176,Hydrological Layer,SAC N
72,72,9999,,NA,NA,NA,NA,NA,,0.324254072198838,,20.4164236618,72.8621499954,Daman & Diu,256.1867014697703,3242.5407219883814,Hydrological Layer,SAC N
73,73,1202,,No,High,Inland,Man-made,Tank/Pond,,2.240691344938325,,20.3829171065,72.8555044913,Daman & Diu,558.9919065982085,22406.91344938325,Hydrological Layer,SAC N
74,74,1202,,No,High,Inland,Man-made,Tank/Pond,,3.590548396509464,,20.3861363728,72.8454526918,Daman & Diu,752.3405451777685,35905.48396509464,Hydrological Layer,SAC N
75,75,1202,,No,High,Inland,Man-made,Tank/Pond,,1.147716919312201,,20.3944522731,72.8498374076,Daman & Diu,427.47048098455184,11477.169193122014,Hydrological Layer,SAC N
76,76,1202,,No,High,Inland,Man-made,Tank/Pond,,2.795163260421464,,20.3934675682,72.8368052915,Daman & Diu,681.6100985857388,27951.632604214647,Hydrological Layer,SAC N
77,77,1202,,No,High,Inland,Man-made,Tank/Pond,,1.4126935848143,,20.3991755287,72.8369482499,Daman & Diu,549.7558549085112,14126.935848142995,Hydrological Layer,SAC N
78,78,1202,,No,High,Inland,Man-made,Tank/Pond,,0.410243512048588,,20.3747642341,72.8400243469,Daman & Diu,268.1840275896155,4102.435120485877,Hydrological Layer,SAC N
80,80,1202,,No,High,Inland,Man-made,Tank/Pond,,0.612948786736812,,20.3732222645,72.8318499867,Daman & Diu,361.00453588593626,6129.48786736812,Hydrological Layer,SAC N
81,81,1202,,No,High,Inland,Man-made,Tank/Pond,,6.047869274634075,,20.383421029,72.8775077841,Daman & Diu,1425.7219801636377,60478.69274634075,Hydrological Layer,SAC N
105,105,1202,,No,High,Inland,Man-made,Tank/Pond,,3.08195391369812,,20.4162692101,72.895482078,Daman & Diu,689.2341236148527,30819.5391369812,Hydrological Layer,SAC N
82,82,1202,,No,High,Inland,Man-made,Tank/Pond,,5.9534689635906,,20.4008171956,72.8855369139,Daman & Diu,1095.297258795991,59534.689635906,Hydrological Layer,SAC N
83,83,1202,,No,High,Inland,Man-made,Tank/Pond,,7.660014718278547,,20.4084004173,72.8963079902,Daman & Diu,1165.5869258754456,76600.14718278547,Hydrological Layer,SAC N
91,91,1202,,No,High,Inland,Man-made,Tank/Pond,,3.247167723813825,,20.4421492787,72.8404456921,Daman & Diu,842.1331555199175,32471.677238138247,Hydrological Layer,SAC N
92,92,1202,,No,High,Inland,Man-made,Tank/Pond,,0.430094687623372,,20.4190657187,72.8374174016,Daman & Diu,239.1894925893205,4300.946876233721,Hydrological Layer,SAC N
94,94,1202,,No,High,Inland,Man-made,Tank/Pond,,0.484140913574722,,20.4289080569,72.8640705263,Daman & Diu,371.7836761961384,4841.409135747216,Hydrological Layer,SAC N
95,95,1203,,No,High,Inland,Man-made,Waterlogged,,3.655105566043671,,20.4443841511,72.8696563301,Daman & Diu,889.9396324548337,36551.05566043671,Hydrological Layer,SAC N
96,96,1203,,No,High,Inland,Man-made,Waterlogged,,1.203603312153187,,20.418492365,72.8820525292,Daman & Diu,595.1753871572238,12036.03312153187,Hydrological Layer,SAC N
97,97,1202,,No,High,Inland,Man-made,Tank/Pond,,0.427440727866459,,20.731126557,70.9141941732,Daman & Diu,272.0650103662126,4274.407278664593,Hydrological Layer,SAC N
98,98,1202,,No,High,Inland,Man-made,Tank/Pond,,0.349067820836437,,20.7305235472,70.9151512157,Daman & Diu,238.57401184165403,3490.678208364372,Hydrological Layer,SAC N
99,99,1202,,No,High,Inland,Man-made,Tank/Pond,,0.427191828448076,,20.7335309222,70.9193685694,Daman & Diu,263.2268276276047,4271.918284480758,Hydrological Layer,SAC N
100,100,1202,,No,High,Inland,Man-made,Tank/Pond,,3.311721457574844,,20.7148693333,70.9481804469,Daman & Diu,892.2517516300362,33117.21457574844,Hydrological Layer,SAC N
101,101,1202,,No,High,Inland,Man-made,Tank/Pond,,3.744058637304574,,20.7144471668,70.9640166236,Daman & Diu,1036.874328693245,37440.58637304574,Hydrological Layer,SAC N
102,102,1202,,No,High,Inland,Man-made,Tank/Pond,,1.057473394672948,,20.7335291842,70.9224678002,Daman & Diu,475.3601767853421,10574.733946729475,Hydrological Layer,SAC N
103,103,1202,,No,High,Inland,Man-made,Tank/Pond,,2.157343127666201,,20.7319148691,70.9240476657,Daman & Diu,764.2820442045017,21573.431276662006,Hydrological Layer,SAC N
104,104,1202,,No,High,Inland,Man-made,Tank/Pond,,5.083466407952486,,20.4138796878,72.8920233498,Daman & Diu,1134.7929788333868,50834.66407952485,Hydrological Layer,SAC N
119,119,1202,,No,High,Inland,Man-made,Tank/Pond,,0.826756277211134,,20.4198902313,72.8566318181,Daman & Diu,441.34605413592277,8267.56277211134,Hydrological Layer,SAC N
109,109,1202,,No,High,Inland,Man-made,Tank/Pond,,1.21768048628618,,20.4313922973,72.864430401,Daman & Diu,591.0919581003411,12176.8048628618,Hydrological Layer,SAC N
110,110,1202,,No,High,Inland,Man-made,Tank/Pond,,6.310142167798605,,20.4339342014,72.8670350385,Daman & Diu,2174.024886148182,63101.42167798605,Hydrological Layer,SAC N
111,111,1202,,No,High,Inland,Man-made,Tank/Pond,,0.696344328268568,,20.4373675784,72.868670971,Daman & Diu,349.70386954905143,6963.443282685676,Hydrological Layer,SAC N
112,112,1202,,No,High,Inland,Man-made,Tank/Pond,,0.491093696785144,,20.4382728093,72.8682205955,Daman & Diu,351.6609958041126,4910.936967851445,Hydrological Layer,SAC N
113,113,1202,,No,High,Inland,Man-made,Tank/Pond,,1.577258176527897,,20.438165979,72.8664397717,Daman & Diu,620.1382968811522,15772.581765278965,Hydrological Layer,SAC N
114,114,1202,,No,High,Inland,Man-made,Tank/Pond,,0.704960857987279,,20.4395849267,72.8671720466,Daman & Diu,355.9185440776463,7049.608579872786,Hydrological Layer,SAC N
115,115,1202,,No,High,Inland,Man-made,Tank/Pond,,1.106385638013099,,20.4372699692,72.8661290614,Daman & Diu,524.1303330005927,11063.85638013099,Hydrological Layer,SAC N
116,116,1202,,No,High,Inland,Man-made,Tank/Pond,,1.819055555109403,,20.4360531891,72.8656621618,Daman & Diu,681.7958056188124,18190.555551094032,Hydrological Layer,SAC N
117,117,1202,,No,High,Inland,Man-made,Tank/Pond,,1.539082505143975,,20.4346748826,72.8611785205,Daman & Diu,701.0942174524096,15390.825051439753,Hydrological Layer,SAC N
