Phase,State_Name,District,Subdistrict,Village,UUID,Latitude,Longitude,River_Basin,Sub_Basin,River,Waterbody_Type,GIS_Area_ha,Shape_Area_sqm,Perimeter_Length_m,Nearest_Settlement,Source_Agency,id,objectid_1,objectid,State_Census_Code,District_Code,Subdistrict_Code,Village_Code,Basin_Code,bacode,Subbasin_Code,sbcode,Watershed_Code,waterbody_,waterbod_1,waterbod_2,Ownership,waterbod_3,waterbod_4,reason_not,waterbod_5,Rural_Urban,Water_Spread_Area,Storage_Capacity,constructi,renovation,data_colle,waterbod_6,wbid,apr24,nov23,apr23,nov22,apr22,nov21,apr21,nov20,apr20,photo,shape_le_1,Dataset_Name
Phase 2,Uttarakhand,Haridwar,Hardwar,Meerpur Muwazarpur,UK2AHRD0004,29.95437739,77.99915653,Ganga,Above Ramganga Confluence,Solani,Lakes/Pond,1.02830486,10283.04859700446,402.147050218927,,NWIC,4,4,1448.0,05,050,0354,56661,2A,2A,ARA,ARA,WS2AARA033,,01,,,,,,,,0.0,0.0,,,,,,Yes,Yes,Yes,No,Yes,Yes,No,No,No,0,402.147050218927,District Water Body Atlas
Phase 2,Uttarakhand,Udam Singh Nagar,Kashipur,Sand Khera,UK2AUSN0026,29.16951649,79.00910432,Ganga,Ramganga,Kosi,Lakes/Pond,2.12768189,21276.81887650996,584.9766420578871,,NWIC,41,41,1485.0,05,056,0346,55690,2A,2A,RAM,RAM,WS2ARAM010,,01,,,,,,,,0.0,0.0,,,,,,No,No,No,No,No,No,No,No,No,0,584.9766420578871,District Water Body Atlas
Phase 2,Uttarakhand,Udam Singh Nagar,Khatima,Puranapur,UK2AUSN0016,28.892316649999998,79.8947586,Ganga,Ramganga,Deoha/Garra,Lakes/Pond,2.65183454,26518.345350416395,856.0873062739948,,NWIC,31,31,1475.0,05,056,0352,56261,2A,2A,RAM,RAM,WS2ARAM031,,01,,,,,,,,0.0,0.0,,,,,,No,No,No,No,No,No,No,No,No,0,856.0873062739948,District Water Body Atlas
Phase 2,Uttarakhand,Haridwar,Roorkee,Bhagwanpur Chandanpur,UK2AHRD0012,29.8052787,77.91469631000001,Ganga,Above Ramganga Confluence,Solani,Lakes/Pond,1.28150318,12815.031766439655,492.58849057655846,,NWIC,12,12,1456.0,05,050,0353,56591,2A,2A,ARA,ARA,WS2AARA034,,01,,,,,,,,0.0,0.0,,,,,,Yes,Yes,Yes,No,Yes,Yes,Yes,No,Yes,0,492.58849057655846,District Water Body Atlas
Phase 2,Uttarakhand,Haridwar,Roorkee,Jainpur Jhanjheri,UK2AHRD0013,29.804643000000002,77.92436377,Ganga,Above Ramganga Confluence,Solani,Lakes/Pond,4.58497504,45849.346496026556,991.5890174488407,,NWIC,13,13,1457.0,05,050,0353,56598,2A,2A,ARA,ARA,WS2AARA034,,01,,,,,,,,0.0,0.0,,,,,,Yes,No,Yes,No,No,No,Yes,No,Yes,0,991.5797187076521,District Water Body Atlas
Phase 2,Uttarakhand,Haridwar,Roorkee,Ibrahimpurdeh,UK2AHRD0001,29.90114956,77.85670060000001,Ganga,Above Ramganga Confluence,Solani,Lakes/Pond,1.31253106,13125.310616448345,547.6780028232984,,NWIC,1,1,1445.0,05,050,0353,56492,2A,2A,ARA,ARA,WS2AARA033,,01,,,,,,,,0.0,0.0,,,,,,No,No,No,No,No,No,No,No,No,0,547.6780028232984,District Water Body Atlas
Phase 2,Uttarakhand,Haridwar,Roorkee,Belada A H,UK2AHRD0002,29.89910988,77.94290043,Ganga,Above Ramganga Confluence,Solani,Lakes/Pond,1.02354921,10232.19067073536,396.15670298042664,,NWIC,2,2,1446.0,05,050,0353,56429,2A,2A,ARA,ARA,WS2AARA033,,01,,,,,,,,0.0,0.0,,,,,,No,No,No,No,No,No,No,No,Yes,0,395.94535465499774,District Water Body Atlas
Phase 2,Uttarakhand,Haridwar,Roorkee,Daulatpur Urf Budhwa Shaheed,UK2AHRD0003,30.08396194,77.88006252999999,Ganga,Above Ramganga Confluence,Solani,Lakes/Pond,1.0597687,10597.686972094132,432.5863384540961,,NWIC,3,3,1447.0,05,050,0353,56319,2A,2A,ARA,ARA,WS2AARA033,,01,,,,,,,,0.0,0.0,,,,,,Yes,Yes,No,No,No,No,No,No,No,0,432.5863384540961,District Water Body Atlas
Phase 2,Uttarakhand,Haridwar,Hardwar,Baso Chandpur,UK2AHRD0005,29.75839588,78.24764494,Ganga,Above Ramganga Confluence,Rawasan,Lakes/Pond,1.27846652,12784.665198143215,494.0709773045262,,NWIC,5,5,1449.0,05,050,0354,56758,2A,2A,ARA,ARA,WS2AARA032,,01,,,,,,,,0.0,0.0,,,,,,Yes,Yes,No,No,No,No,Yes,No,No,0,494.0709773045262,District Water Body Atlas
Phase 2,Uttarakhand,Haridwar,Laksar,Niranjanpur,UK2AHRD0006,29.692792089999998,78.11731795,Ganga,Above Ramganga Confluence,Ganga,Lakes/Pond,1.63313563,16331.35625676849,758.6249648840317,,NWIC,6,6,1450.0,05,050,0355,56866,2A,2A,ARA,ARA,WS2AARA036,,01,,,,,,,,0.0,0.0,,,,,,No,No,No,No,No,No,No,No,No,0,758.6249648840317,District Water Body Atlas
Phase 2,Uttarakhand,Haridwar,Laksar,Gangdaspur Must,UK2AHRD0007,29.657764569999998,78.10403309,Ganga,Above Ramganga Confluence,Ganga,Lakes/Pond,3.22042232,32204.223195755316,1304.4227088164466,,NWIC,7,7,1451.0,05,050,0355,56868,2A,2A,ARA,ARA,WS2AARA036,,01,,,,,,,,0.0,0.0,,,,,,No,No,No,No,No,No,No,No,Yes,0,1304.4227088164466,District Water Body Atlas
Phase 2,Uttarakhand,Haridwar,Roorkee,Narsan Khurd,UK2AHRD0008,29.72336831,77.85709456,Ganga,Above Ramganga Confluence,Solani,Lakes/Pond,1.10082453,11008.245288069289,428.2813713492811,,NWIC,8,8,1452.0,05,050,0353,56577,2A,2A,ARA,ARA,WS2AARA034,,01,,,,,,,,0.0,0.0,,,,,,Yes,No,No,No,No,No,No,No,Yes,0,428.2813713492811,District Water Body Atlas
Phase 2,Uttarakhand,Haridwar,Roorkee,Harjauli Jat,UK2AHRD0009,29.729190029999998,77.90306019,Ganga,Above Ramganga Confluence,Solani,Lakes/Pond,1.50468848,15046.516124350223,466.9735361803963,,NWIC,9,9,1453.0,05,050,0353,56620,2A,2A,ARA,ARA,WS2AARA034,,01,,,,,,,,0.0,0.0,,,,,,No,No,No,No,No,No,No,No,No,0,466.96768543834366,District Water Body Atlas
Phase 2,Uttarakhand,Haridwar,Roorkee,Sikandarpur Mawal,UK2AHRD0010,29.744757800000002,77.91334868000001,Ganga,Above Ramganga Confluence,Solani,Lakes/Pond,1.56291707,15622.831322242679,614.3778704492613,,NWIC,10,10,1454.0,05,050,0353,56619,2A,2A,ARA,ARA,WS2AARA034,,01,,,,,,,,0.0,0.0,,,,,,No,No,No,No,No,No,No,No,No,0,613.4608735004817,District Water Body Atlas
Phase 2,Uttarakhand,Udam Singh Nagar,Kichha,Dhadha,UK2AUSN0010,28.892985930000002,79.52789654,Ganga,Ramganga,Dhora,Lakes/Pond,2.13247912,21324.791185234993,684.9930175996702,,NWIC,26,26,1470.0,05,056,0349,55999,2A,2A,RAM,RAM,WS2ARAM020,,01,,,,,,,,0.0,0.0,,,,,,No,No,No,No,No,No,Yes,No,No,0,684.9930175996702,District Water Body Atlas
Phase 2,Uttarakhand,Haridwar,Roorkee,Manglaur Npp,UK2AHRD0011,29.79102554,77.88369109,Ganga,Above Ramganga Confluence,Solani,Lakes/Pond,2.99174159,29917.283888993992,751.4794668162358,,NWIC,11,11,1455.0,05,050,0353,0,2A,2A,ARA,ARA,WS2AARA034,,01,,,,,,,,0.0,0.0,,,,,,No,No,Yes,No,Yes,No,No,No,No,0,751.4779546302279,District Water Body Atlas
Phase 2,Uttarakhand,Haridwar,Roorkee,Harjauli Jat,UK2AHRD0014,29.71910795,77.92184573,Ganga,Above Ramganga Confluence,Solani,Lakes/Pond,1.32821123,13279.949345173132,603.9444867914025,,NWIC,14,14,1458.0,05,050,0353,56620,2A,2A,ARA,ARA,WS2AARA034,,01,,,,,,,,0.0,0.0,,,,,,No,No,No,No,No,Yes,No,Yes,No,0,603.9205629870239,District Water Body Atlas
Phase 2,Uttarakhand,Haridwar,Hardwar,Mohammadpur Kunhari,UK2AHRD0015,29.77112335,78.10739156999999,Ganga,Above Ramganga Confluence,Solani,Lakes/Pond,1.89311609,18931.16086148778,678.5065913355652,,NWIC,15,15,1459.0,05,050,0354,56740,2A,2A,ARA,ARA,WS2AARA034,,01,,,,,,,,0.0,0.0,,,,,,No,Yes,Yes,No,Yes,Yes,No,No,No,0,678.5065913355652,District Water Body Atlas
Phase 2,Uttarakhand,Haridwar,Hardwar,Atmalpur Bangla,UK2AHRD0016,29.90626116,78.03114027,Ganga,Above Ramganga Confluence,Solani,Lakes/Pond,1.78101112,17810.111218068407,503.26544848195846,,NWIC,16,16,1460.0,05,050,0354,56681,2A,2A,ARA,ARA,WS2AARA034,,01,,,,,,,,0.0,0.0,,,,,,No,Yes,Yes,No,No,No,No,No,Yes,0,503.26544848195846,District Water Body Atlas
Phase 2,Uttarakhand,Haridwar,Laksar,Sultanpur Adampur,UK2AHRD0017,29.75843499,78.11252644999999,Ganga,Above Ramganga Confluence,Solani,Lakes/Pond,2.93664178,29366.417830149257,861.1176458331813,,NWIC,17,17,1461.0,05,050,0355,56876,2A,2A,ARA,ARA,WS2AARA034,,01,,,,,,,,0.0,0.0,,,,,,No,No,No,No,No,No,No,No,No,0,861.1176458331813,District Water Body Atlas
Phase 2,Uttarakhand,Udam Singh Nagar,Jaspur,Bhura,UK2AUSN0011,29.33510061,78.87392533,Ganga,Ramganga,Ramganga,Lakes/Pond,1.10177903,11017.790329862559,411.73675213324583,,NWIC,27,27,1471.0,05,056,0347,55726,2A,2A,RAM,RAM,WS2ARAM007,,01,,,,,,,,0.0,0.0,,,,,,Yes,No,No,No,Yes,No,Yes,No,No,0,411.73675213324583,District Water Body Atlas
Phase 2,Uttarakhand,Udam Singh Nagar,Jaspur,Jaspur Npp,UK2AUSN0012,29.28309896,78.83657817,Ganga,Ramganga,Ramganga,Lakes/Pond,5.192390130000001,51923.90131755987,1021.3973460845212,,NWIC,28,28,1472.0,05,056,0347,0,2A,2A,RAM,RAM,WS2ARAM007,,01,,,,,,,,0.0,0.0,,,,,,Yes,No,No,No,No,No,No,No,No,0,1021.3973460845212,District Water Body Atlas
Phase 2,Uttarakhand,Haridwar,Laksar,Naurozpur,UK2AHRD0018,29.76675519,78.00018664000001,Ganga,Above Ramganga Confluence,Solani,Lakes/Pond,4.807810040000001,48078.10041674406,1599.660354739189,,NWIC,18,18,1462.0,05,050,0355,56800,2A,2A,ARA,ARA,WS2AARA034,,01,,,,,,,,0.0,0.0,,,,,,Yes,No,Yes,No,Yes,No,No,No,No,0,1599.660354739189,District Water Body Atlas
Phase 2,Uttarakhand,Haridwar,Laksar,Bahadurpur Khadar,UK2AHRD0019,29.771086020000002,78.01016833,Ganga,Above Ramganga Confluence,Solani,Lakes/Pond,1.41520833,14152.083276989211,533.7877578560727,,NWIC,19,19,1463.0,05,050,0355,56813,2A,2A,ARA,ARA,WS2AARA034,,01,,,,,,,,0.0,0.0,,,,,,Yes,No,No,No,No,No,No,No,No,0,533.7877578560727,District Water Body Atlas
Phase 2,Uttarakhand,Haridwar,Laksar,Laksari,UK2AHRD0020,29.76492725,78.00756172,Ganga,Above Ramganga Confluence,Solani,Lakes/Pond,1.27416662,12738.800757851355,427.95970312705094,,NWIC,20,20,1464.0,05,050,0355,56814,2A,2A,ARA,ARA,WS2AARA034,,01,,,,,,,,0.0,0.0,,,,,,No,No,No,No,No,No,No,No,No,0,427.90942382340637,District Water Body Atlas
Phase 2,Uttarakhand,Haridwar,Laksar,Munda Khera Khurd,UK2AHRD0021,29.72700472,78.0456176,Ganga,Above Ramganga Confluence,Solani,Lakes/Pond,1.46539348,14653.934801186042,477.5605240123394,,NWIC,21,21,1465.0,05,050,0355,56848,2A,2A,ARA,ARA,WS2AARA034,,01,,,,,,,,0.0,0.0,,,,,,No,No,No,No,No,No,No,No,No,0,477.5605240123394,District Water Body Atlas
Phase 2,Uttarakhand,Udam Singh Nagar,Kichha,Tanda Range,UK2AUSN0014,29.03625187,79.4360441,Ganga,Ramganga,Bahgul,Lakes/Pond,3.00276721,30027.672149125883,1195.2307231510651,,NWIC,29,29,1473.0,05,056,0349,56012,2A,2A,RAM,RAM,WS2ARAM019,,01,,,,,,,,0.0,0.0,,,,,,No,No,No,No,No,No,No,No,No,0,1195.2307231510651,District Water Body Atlas
Phase 2,Uttarakhand,Udam Singh Nagar,Gadarpur,Pipal Parao Range,UK2AUSN0015,29.11662762,79.29276403,Ganga,Ramganga,Bhakra,Lakes/Pond,1.4263117,14263.116953505258,527.5866457067094,,NWIC,30,30,1474.0,05,056,0350,56087,2A,2A,RAM,RAM,WS2ARAM017,,01,,,,,,,,0.0,0.0,,,,,,No,No,No,No,No,No,No,Yes,No,0,527.5866457067094,District Water Body Atlas
Phase 2,Uttarakhand,Udam Singh Nagar,Jaspur,Baintwala,UK2AUSN0018,29.24007984,78.94327528000001,Ganga,Ramganga,Dhela,Lakes/Pond,1.17671457,11767.145722876598,429.60868226024576,,NWIC,33,33,1477.0,05,056,0347,55786,2A,2A,RAM,RAM,WS2ARAM006,,01,,,,,,,,0.0,0.0,,,,,,No,No,Yes,Yes,Yes,Yes,Yes,Yes,Yes,0,429.60868226024576,District Water Body Atlas
Phase 2,Uttarakhand,Haridwar,Roorkee,Dhandera CT,UK2AHRD0022,29.83485052,77.9003242,Ganga,Above Ramganga Confluence,Solani,Lakes/Pond,1.0437608,10433.42163553026,391.3403371462953,,NWIC,22,22,1466.0,05,050,0353,56638,2A,2A,ARA,ARA,WS2AARA034,,01,,,,,,,,0.0,0.0,,,,,,No,No,No,No,No,No,Yes,Yes,Yes,0,391.1703452167575,District Water Body Atlas
Phase 2,Uttarakhand,Udam Singh Nagar,Kichha,Bari,UK2AUSN0007,28.86570468,79.61699219,Ganga,Ramganga,Bahgul,Lakes/Pond,5.86867961,58686.7961314863,2763.7867142098717,,NWIC,23,23,1467.0,05,056,0349,56011,2A,2A,RAM,RAM,WS2ARAM027,,01,,,,,,,,0.0,0.0,,,,,,No,Yes,No,No,No,No,No,No,No,0,2763.7867142098717,District Water Body Atlas
Phase 2,Uttarakhand,Udam Singh Nagar,Kashipur,Dabhaura Aihatmali,UK2AUSN0008,29.16979203,79.03169688999999,Ganga,Ramganga,Kosi,Lakes/Pond,4.12808726,37204.61524042669,1008.1592013965743,,NWIC,24,24,1468.0,05,056,0346,55696,2A,2A,RAM,RAM,WS2ARAM010,,01,,,,,,,,0.0,0.0,,,,,,No,No,No,No,No,No,No,No,No,0,902.5405789261453,District Water Body Atlas
Phase 2,Uttarakhand,Udam Singh Nagar,Kichha,Sutuiya,UK2AUSN0009,28.870785129999998,79.5161425,Ganga,Ramganga,Dhora,Lakes/Pond,1.26867,12686.70002557402,558.0140546245327,,NWIC,25,25,1469.0,05,056,0349,56004,2A,2A,RAM,RAM,WS2ARAM020,,01,,,,,,,,0.0,0.0,,,,,,No,No,No,No,No,No,No,No,No,0,558.0140546245327,District Water Body Atlas
Phase 2,Uttarakhand,Udam Singh Nagar,Sitarganj,Barkidandi,UK2AUSN0017,29.00240389,79.79012179,Ganga,Ramganga,Deoha/Garra,Lakes/Pond,9.555156519999999,95551.56518411211,1332.1887040925546,,NWIC,32,32,1476.0,05,056,0351,56169,2A,2A,RAM,RAM,WS2ARAM031,,01,,,,,,,,0.0,0.0,,,,,,No,No,No,No,No,No,No,No,No,0,1332.1887040925546,District Water Body Atlas
Phase 2,Uttarakhand,Udam Singh Nagar,Kashipur,Kashipur Npp,UK2AUSN0019,29.21981899,78.9700738,Ganga,Ramganga,Kosi,Lakes/Pond,7.75102176,77510.2175705419,1298.5050664355954,,NWIC,34,34,1478.0,05,056,0346,0,2A,2A,RAM,RAM,WS2ARAM010,Dronasagar,01,,,,,,,,0.0,0.0,,,,,,No,Yes,No,Yes,No,No,No,No,No,0,1298.5050664355954,District Water Body Atlas
Phase 2,Uttarakhand,Udam Singh Nagar,Jaspur,Mahua Dabra Haripura Np,UK2AUSN0020,29.26126496,78.77724658999999,Ganga,Ramganga,Ramganga,Lakes/Pond,1.45862072,14586.207235268039,588.4343055752523,,NWIC,35,35,1479.0,05,056,0347,0,2A,2A,RAM,RAM,WS2ARAM007,,01,,,,,,,,0.0,0.0,,,,,,No,No,No,No,No,No,No,Yes,No,0,588.4343055752523,District Water Body Atlas
Phase 2,Uttarakhand,Udam Singh Nagar,Jaspur,Hajiro,UK2AUSN0021,29.35533091,78.82014225,Ganga,Ramganga,Ramganga,Lakes/Pond,4.58457894,28346.004627511593,949.0923328642849,,NWIC,36,36,1480.0,05,056,0347,55720,2A,2A,RAM,RAM,WS2ARAM007,,01,,,,,,,,0.0,0.0,,,,,,Yes,No,Yes,No,No,No,Yes,No,Yes,0,852.0746987571284,District Water Body Atlas
Phase 2,Uttarakhand,Udam Singh Nagar,Jaspur,Hajiro,UK2AUSN0022,29.350479840000002,78.82016037,Ganga,Ramganga,Ramganga,Lakes/Pond,3.71286106,37128.610615658494,833.491517664897,,NWIC,37,37,1481.0,05,056,0347,55720,2A,2A,RAM,RAM,WS2ARAM007,,01,,,,,,,,0.0,0.0,,,,,,Yes,No,No,No,No,No,Yes,No,No,0,833.491517664897,District Water Body Atlas
Phase 2,Uttarakhand,Udam Singh Nagar,Kichha,Rudrapur Npp,UK2AUSN0023,28.97399475,79.40339091,Ganga,Ramganga,Bahgul,Lakes/Pond,4.901688640000001,49016.88636842624,919.4555801335014,,NWIC,38,38,1482.0,05,056,0349,0,2A,2A,RAM,RAM,WS2ARAM019,,01,,,,,,,,0.0,0.0,,,,,,No,No,No,No,No,No,No,No,No,0,919.4555801335014,District Water Body Atlas
Phase 2,Uttarakhand,Udam Singh Nagar,Jaspur,Sanyasiwala,UK2AUSN0024,29.23713798,78.84584729,Ganga,Ramganga,Ramganga,Lakes/Pond,1.25542788,12534.0961937064,452.3549295578899,,NWIC,39,39,1483.0,05,056,0347,55774,2A,2A,RAM,RAM,WS2ARAM007,,01,,,,,,,,0.0,0.0,,,,,,Yes,Yes,No,No,Yes,Yes,Yes,Yes,Yes,0,455.0338958425147,District Water Body Atlas
Phase 2,Uttarakhand,Udam Singh Nagar,Jaspur,Baberkhera,UK2AUSN0025,29.22023801,78.89208572,Ganga,Ramganga,Dhela,Lakes/Pond,2.19927913,21992.791254377462,767.7925514603438,,NWIC,40,40,1484.0,05,056,0347,55795,2A,2A,RAM,RAM,WS2ARAM006,,01,,,,,,,,0.0,0.0,,,,,,No,No,No,No,No,No,No,No,No,0,767.7925514603438,District Water Body Atlas
Phase 2,Uttarakhand,Haridwar,Roorkee,Susadikalan,UK2AHRD0023,29.71351513,77.78418886,Ganga,Yamuna Upper,Kali West,Lakes/Pond,1.10911319,11091.13188767119,430.1481992200831,,NWIC,42,42,1521.0,05,050,0353,56561,2A,2A,YAU,YAU,WS2AYAU041,,01,,,,,,,,0.0,0.0,,,,,,Yes,Yes,No,No,No,No,No,No,No,0,430.1481992200831,District Water Body Atlas
Phase 2,Uttarakhand,Haridwar,Roorkee,Susada,UK2AHRD0024,29.72134269,77.8008813,Ganga,Yamuna Upper,Kali West,Lakes/Pond,1.09161165,10916.116463220393,510.2047237049584,,NWIC,43,43,1522.0,05,050,0353,56562,2A,2A,YAU,YAU,WS2AYAU041,,01,,,,,,,,0.0,0.0,,,,,,No,No,Yes,No,No,No,No,No,No,0,510.2047237049584,District Water Body Atlas
Phase 2,Uttarakhand,Haridwar,Roorkee,Sheetal Pur,UK2AHRD0032,29.794928199999998,77.76828325999999,Ganga,Yamuna Upper,Kali West,Lakes/Pond,1.56446419,11313.537860736331,456.72179645167415,,NWIC,51,51,1530.0,05,050,0353,56509,2A,2A,YAU,YAU,WS2AYAU041,,01,,,,,,,,0.0,0.0,,,,,,Yes,Yes,No,No,Yes,No,Yes,No,Yes,0,415.58454984249784,District Water Body Atlas
Phase 2,Uttarakhand,Haridwar,Roorkee,Sherpur Khelmau,UK2AHRD0025,29.74641791,77.78374172,Ganga,Yamuna Upper,Kali West,Lakes/Pond,1.82331492,18233.149234292083,569.6426438728649,,NWIC,44,44,1523.0,05,050,0353,56556,2A,2A,YAU,YAU,WS2AYAU041,,01,,,,,,,,0.0,0.0,,,,,,No,No,No,No,No,No,No,No,No,0,569.6426438728649,District Water Body Atlas
Phase 2,Uttarakhand,Haridwar,Roorkee,Sherpur Khelmau,UK2AHRD0026,29.75099441,77.78487695,Ganga,Yamuna Upper,Kali West,Lakes/Pond,4.90661822,49066.18217039746,1298.793302787186,,NWIC,45,45,1524.0,05,050,0353,56556,2A,2A,YAU,YAU,WS2AYAU041,,01,,,,,,,,0.0,0.0,,,,,,No,No,No,No,No,No,No,No,No,0,1298.793302787186,District Water Body Atlas
Phase 2,Uttarakhand,Haridwar,Roorkee,Lahvauli,UK2AHRD0027,29.73906229,77.82948444,Ganga,Yamuna Upper,Kali West,Lakes/Pond,1.62447858,16244.785804641666,650.7156544431659,,NWIC,46,46,1525.0,05,050,0353,56554,2A,2A,YAU,YAU,WS2AYAU041,,01,,,,,,,,0.0,0.0,,,,,,Yes,Yes,No,No,Yes,No,No,No,No,0,650.7156544431659,District Water Body Atlas
Phase 2,Uttarakhand,Haridwar,Roorkee,Lahvauli,UK2AHRD0028,29.741531629999997,77.82801854,Ganga,Yamuna Upper,Kali West,Lakes/Pond,1.28567981,12856.798139768127,421.41981919114824,,NWIC,47,47,1526.0,05,050,0353,56554,2A,2A,YAU,YAU,WS2AYAU041,,01,,,,,,,,0.0,0.0,,,,,,No,No,No,No,No,No,No,No,No,0,421.41981919114824,District Water Body Atlas
Phase 2,Uttarakhand,Haridwar,Roorkee,Nagla Salaroo,UK2AHRD0029,29.73221309,77.8304176,Ganga,Yamuna Upper,Kali West,Lakes/Pond,2.10844067,21084.40674484372,556.104842246988,,NWIC,48,48,1527.0,05,050,0353,56565,2A,2A,YAU,YAU,WS2AYAU041,,01,,,,,,,,0.0,0.0,,,,,,Yes,No,No,No,No,No,No,No,No,0,556.104842246988,District Water Body Atlas
Phase 2,Uttarakhand,Haridwar,Roorkee,Nagala Koyal,UK2AHRD0030,29.72726116,77.83445693,Ganga,Yamuna Upper,Kali West,Lakes/Pond,1.14002587,11400.258724500234,507.47835730574195,,NWIC,49,49,1528.0,05,050,0353,56578,2A,2A,YAU,YAU,WS2AYAU041,,01,,,,,,,,0.0,0.0,,,,,,No,No,No,No,No,No,No,No,No,0,507.47835730574195,District Water Body Atlas
Phase 2,Uttarakhand,Haridwar,Roorkee,Kotwal Alampur,UK2AHRD0031,29.783900409999998,77.78346263,Ganga,Yamuna Upper,Kali West,Lakes/Pond,1.14703837,11470.38373958983,397.028735402749,,NWIC,50,50,1529.0,05,050,0353,56510,2A,2A,YAU,YAU,WS2AYAU041,,01,,,,,,,,0.0,0.0,,,,,,Yes,No,No,No,Yes,No,Yes,Yes,No,0,397.028735402749,District Water Body Atlas
Phase 2,Uttarakhand,Haridwar,Roorkee,Manakpur Adampur,UK2AHRD0033,29.84196067,77.7555958,Ganga,Yamuna Upper,Kali West,Lakes/Pond,3.54734707,35473.47065455355,1055.1911125384845,,NWIC,52,52,1531.0,05,050,0353,56401,2A,2A,YAU,YAU,WS2AYAU041,,01,,,,,,,,0.0,0.0,,,,,,No,No,No,No,No,No,No,No,No,0,1055.1911125384845,District Water Body Atlas
Phase 2,Uttarakhand,Haridwar,Roorkee,Jhabreri Kalan,UK2AHRD0034,29.81566916,77.79466695,Ganga,Yamuna Upper,Kali West,Lakes/Pond,3.56372896,35637.289573422735,931.5646304775318,,NWIC,53,53,1532.0,05,050,0353,56512,2A,2A,YAU,YAU,WS2AYAU041,,01,,,,,,,,0.0,0.0,,,,,,Yes,Yes,No,No,No,No,No,No,No,0,931.5646304775318,District Water Body Atlas
Phase 2,Uttarakhand,Haridwar,Roorkee,Lathardeva Hoon,UK2AHRD0035,29.79455315,77.81158970999999,Ganga,Yamuna Upper,Kali West,Lakes/Pond,2.40067737,24006.77371782795,594.6197681023712,,NWIC,54,54,1533.0,05,050,0353,56517,2A,2A,YAU,YAU,WS2AYAU041,,01,,,,,,,,0.0,0.0,,,,,,No,No,No,No,No,No,No,No,No,0,594.6197681023712,District Water Body Atlas
Phase 2,Uttarakhand,Haridwar,Roorkee,Nagla Aimad,UK2AHRD0036,29.783252830000002,77.83456088000001,Ganga,Yamuna Upper,Kali West,Lakes/Pond,1.12618388,11261.838758802787,457.52184886738127,,NWIC,55,55,1534.0,05,050,0353,56542,2A,2A,YAU,YAU,WS2AYAU041,,01,,,,,,,,0.0,0.0,,,,,,No,No,No,No,No,No,No,No,No,0,457.52184886738127,District Water Body Atlas
Phase 2,Uttarakhand,Haridwar,Roorkee,Gajraula,UK2AHRD0037,29.801155060000003,77.86062373,Ganga,Yamuna Upper,Kali West,Lakes/Pond,2.49634258,24963.425800199682,912.3608656926376,,NWIC,56,56,1535.0,05,050,0353,56536,2A,2A,YAU,YAU,WS2AYAU041,,01,,,,,,,,0.0,0.0,,,,,,No,No,No,No,No,No,No,No,No,0,912.3608656926376,District Water Body Atlas
Phase 2,Uttarakhand,Haridwar,Roorkee,Paneyala Chandapur,UK2AHRD0038,29.85003979,77.84721256,Ganga,Yamuna Upper,Kali West,Lakes/Pond,4.6151962,46151.96203980046,890.0883600084795,,NWIC,57,57,1536.0,05,050,0353,56499,2A,2A,YAU,YAU,WS2AYAU041,,01,,,,,,,,0.0,0.0,,,,,,Yes,No,Yes,No,No,No,No,No,No,0,890.0883600084795,District Water Body Atlas
Phase 2,Uttarakhand,Haridwar,Roorkee,Molna,UK2AHRD0039,29.86493482,77.76698841000001,Ganga,Yamuna Upper,Kali West,Lakes/Pond,1.40087106,14008.710556959131,652.5720735174334,,NWIC,58,58,1537.0,05,050,0353,56397,2A,2A,YAU,YAU,WS2AYAU041,,01,,,,,,,,0.0,0.0,,,,,,Yes,Yes,No,No,No,No,No,No,Yes,0,652.5720735174334,District Water Body Atlas
Phase 2,Uttarakhand,Haridwar,Roorkee,Kunja Bahadurpur,UK2AHRD0040,29.88941387,77.77524516,Ganga,Yamuna Upper,Kali West,Lakes/Pond,1.02791983,10279.198302634519,404.4329493474296,,NWIC,59,59,1538.0,05,050,0353,56387,2A,2A,YAU,YAU,WS2AYAU041,,01,,,,,,,,0.0,0.0,,,,,,No,No,No,No,No,No,No,No,No,0,404.4329493474296,District Water Body Atlas
Phase 2,Uttarakhand,Haridwar,Roorkee,Bhalaswa Gaj,UK2AHRD0041,29.87549824,77.74710043,Ganga,Yamuna Upper,Kali West,Lakes/Pond,1.2334834,12334.833963760482,463.05446587240596,,NWIC,60,60,1539.0,05,050,0353,56396,2A,2A,YAU,YAU,WS2AYAU041,,01,,,,,,,,0.0,0.0,,,,,,No,No,No,No,No,No,No,No,No,0,463.05446587240596,District Water Body Atlas
Phase 2,Uttarakhand,Haridwar,Roorkee,Bhalaswa Gaj,UK2AHRD0042,29.87429033,77.75009564,Ganga,Yamuna Upper,Kali West,Lakes/Pond,1.59264296,15926.429649968784,652.7399550005656,,NWIC,61,61,1540.0,05,050,0353,56396,2A,2A,YAU,YAU,WS2AYAU041,,01,,,,,,,,0.0,0.0,,,,,,No,No,Yes,No,Yes,Yes,No,Yes,No,0,652.7399550005656,District Water Body Atlas
Phase 2,Uttarakhand,Haridwar,Roorkee,Sikanderpur Bhainswal,UK2AHRD0048,29.95327961,77.77150350000001,Ganga,Yamuna Upper,Kali West,Lakes/Pond,1.99791021,19979.102113511723,546.032218084761,,NWIC,67,67,1546.0,05,050,0353,56374,2A,2A,YAU,YAU,WS2AYAU041,,01,,,,,,,,0.0,0.0,,,,,,No,No,No,No,No,No,No,No,No,0,546.032218084761,District Water Body Atlas
Phase 2,Uttarakhand,Udam Singh Nagar,Kashipur,Berkhera Pandey,UK2AUSN0035,29.14637025,78.96161895,Ganga,Ramganga,Dhela,Lakes/Pond,1.13060246,11306.024646294498,397.0875197124043,,NWIC,99,99,2282.0,05,056,0346,55669,2A,2A,RAM,RAM,WS2ARAM006,,01,,,,,,,,0.0,0.0,,,,,,No,No,No,No,No,No,No,No,No,0,397.0875197124043,District Water Body Atlas
Phase 2,Uttarakhand,Haridwar,Roorkee,Chudiyala Mohanpur,UK2AHRD0043,29.90912316,77.7706593,Ganga,Yamuna Upper,Kali West,Lakes/Pond,3.59859782,35985.97822139931,847.991913744887,,NWIC,62,62,1541.0,05,050,0353,56381,2A,2A,YAU,YAU,WS2AYAU041,,01,,,,,,,,0.0,0.0,,,,,,Yes,No,No,No,No,No,No,No,No,0,847.991913744887,District Water Body Atlas
Phase 2,Uttarakhand,Haridwar,Roorkee,Sirchandi,UK2AHRD0044,29.93440802,77.75327621000001,Ganga,Yamuna Upper,Kali West,Lakes/Pond,2.27310082,22731.008163436392,666.2144242041173,,NWIC,63,63,1542.0,05,050,0353,56376,2A,2A,YAU,YAU,WS2AYAU041,,01,,,,,,,,0.0,0.0,,,,,,Yes,Yes,No,No,No,No,No,No,Yes,0,666.2144242041173,District Water Body Atlas
Phase 2,Uttarakhand,Haridwar,Roorkee,Karaundi,UK2AHRD0045,29.940107830000002,77.81014048,Ganga,Yamuna Upper,Kali West,Lakes/Pond,1.82270695,18227.069540386874,543.0792245099732,,NWIC,64,64,1543.0,05,050,0353,56403,2A,2A,YAU,YAU,WS2AYAU041,,01,,,,,,,,0.0,0.0,,,,,,Yes,No,No,No,No,No,No,No,No,0,543.0792245099732,District Water Body Atlas
Phase 2,Uttarakhand,Haridwar,Roorkee,Karaundi,UK2AHRD0046,29.93785575,77.81200888,Ganga,Yamuna Upper,Kali West,Lakes/Pond,2.90364914,29036.491439762172,696.3922485299619,,NWIC,65,65,1544.0,05,050,0353,56403,2A,2A,YAU,YAU,WS2AYAU041,,01,,,,,,,,0.0,0.0,,,,,,No,No,No,No,No,No,No,No,No,0,696.3922485299619,District Water Body Atlas
Phase 2,Uttarakhand,Haridwar,Roorkee,Paneyala Chandapur,UK2AHRD0047,29.851908990000002,77.86090736,Ganga,Yamuna Upper,Kali West,Lakes/Pond,5.25389948,52538.994787586555,851.655406053185,,NWIC,66,66,1545.0,05,050,0353,56499,2A,2A,YAU,YAU,WS2AYAU041,,01,,,,,,,,0.0,0.0,,,,,,Yes,No,Yes,No,Yes,Yes,No,No,No,0,851.655406053185,District Water Body Atlas
Phase 2,Uttarakhand,Haridwar,Roorkee,Udalheri,UK2AHRD0049,29.759967900000003,77.84509584999999,Ganga,Yamuna Upper,Kali West,Lakes/Pond,1.47980953,14798.095333794185,522.1666346796671,,NWIC,68,68,1547.0,05,050,0353,56546,2A,2A,YAU,YAU,WS2AYAU041,,01,,,,,,,,0.0,0.0,,,,,,No,No,No,No,No,No,No,No,No,0,522.1666346796671,District Water Body Atlas
Phase 2,Uttarakhand,Haridwar,Roorkee,Maohanpur Mohammadpur CT,UK2AHRD0050,29.836173230000004,77.88291096,Ganga,Yamuna Upper,Kali West,Lakes/Pond,1.18508476,11850.84757020843,585.0036769211525,,NWIC,69,69,1548.0,05,050,0353,56639,2A,2A,YAU,YAU,WS2AYAU041,,01,,,,,,,,0.0,0.0,,,,,,No,No,No,No,Yes,No,Yes,No,Yes,0,585.0036769211525,District Water Body Atlas
Phase 2,Uttarakhand,Haridwar,Roorkee,Jaitpur,UK2AHRD0051,29.681938629999998,77.85193081,Ganga,Yamuna Upper,Kali West,Lakes/Pond,1.25242927,12524.29271299201,425.25697611811404,,NWIC,70,70,1573.0,05,050,0353,56570,2A,2A,YAU,YAU,WS2AYAU042,,01,,,,,,,,0.0,0.0,,,,,,Yes,No,Yes,No,Yes,No,No,No,Yes,0,425.25697611811404,District Water Body Atlas
Phase 2,Uttarakhand,Haridwar,Roorkee,Kheda Jat,UK2AHRD0052,29.68621708,77.81386267,Ganga,Yamuna Upper,Kali West,Lakes/Pond,1.68154674,16815.467360480405,531.0483560812188,,NWIC,71,71,1574.0,05,050,0353,56571,2A,2A,YAU,YAU,WS2AYAU042,,01,,,,,,,,0.0,0.0,,,,,,Yes,Yes,No,No,No,No,No,No,No,0,531.0483560812188,District Water Body Atlas
Phase 2,Uttarakhand,Udam Singh Nagar,Kichha,Bara,UK2AUSN0036,28.85977697,79.60280756,Ganga,Ramganga,Deoranian,Lakes/Pond,3.17658474,31765.847430973783,683.347248737761,,NWIC,100,100,2283.0,05,056,0349,56010,2A,2A,RAM,RAM,WS2ARAM022,,01,,,,,,,,0.0,0.0,,,,,,No,No,No,No,No,No,No,No,No,0,683.347248737761,District Water Body Atlas
Phase 2,Uttarakhand,Haridwar,Roorkee,Narsan Kalan,UK2AHRD0053,29.703606970000003,77.8322513,Ganga,Yamuna Upper,Kali West,Lakes/Pond,1.85470904,18547.09035047905,518.4524714715711,,NWIC,72,72,1575.0,05,050,0353,56566,2A,2A,YAU,YAU,WS2AYAU042,,01,,,,,,,,0.0,0.0,,,,,,No,No,No,No,No,No,No,No,No,0,518.4524714715711,District Water Body Atlas
Phase 2,Uttarakhand,Haridwar,Roorkee,Narsan Kalan,UK2AHRD0054,29.70239636,77.82806726,Ganga,Yamuna Upper,Kali West,Lakes/Pond,1.97820902,19782.090230644884,546.8542677084727,,NWIC,73,73,1576.0,05,050,0353,56566,2A,2A,YAU,YAU,WS2AYAU042,,01,,,,,,,,0.0,0.0,,,,,,No,No,No,No,No,No,No,No,No,0,546.8542677084727,District Water Body Atlas
Phase 2,Uttarakhand,Haridwar,Roorkee,Kurdi,UK2AHRD0055,29.793123989999998,77.87206565,Ganga,Yamuna Upper,Kali West,Lakes/Pond,2.85767933,28576.793278953686,623.6955606129085,,NWIC,74,74,1643.0,05,050,0353,56538,2A,2A,YAU,YAU,WS2AYAU041,,01,,,,,,,,0.0,0.0,,,,,,No,No,No,No,No,No,No,No,No,0,623.6955606129085,District Water Body Atlas
Phase 2,Uttarakhand,Haridwar,Roorkee,Padali Gujar CT,UK2AHRD0056,29.84738046,77.8762464,Ganga,Yamuna Upper,Kali West,Lakes/Pond,11.045375969999998,110453.75972655333,1366.7413827151822,,NWIC,75,75,1682.0,05,050,0353,56636,2A,2A,YAU,YAU,WS2AYAU041,,01,,,,,,,,0.0,0.0,,,,,,No,No,Yes,No,Yes,No,No,No,No,0,1366.7413827151822,District Water Body Atlas
Phase 2,Uttarakhand,Haridwar,Roorkee,Kurdi,UK2AHRD0057,29.78706895,77.87455152,Ganga,Yamuna Upper,Kali West,Lakes/Pond,4.67199167,46719.9166861793,1213.437228167068,,NWIC,76,76,1699.0,05,050,0353,56538,2A,2A,YAU,YAU,WS2AYAU041,,01,,,,,,,,0.0,0.0,,,,,,Yes,No,No,No,No,No,No,No,No,0,1213.437228167068,District Water Body Atlas
Phase 2,Uttarakhand,Champawat,Poornagiri,Boom Range,UK2ACHP0001,29.1536917,80.12548031,Ganga,Ghaghara,Sharda / Chauka,Lakes/Pond,1.72457739,17245.773902235935,571.670599122404,,NWIC,77,77,1702.0,05,048,0337,54466,2A,2A,GHA,GHA,WS2AGHA013,,01,,,,,,,,0.0,0.0,,,,,,No,No,Yes,No,No,No,Yes,No,No,0,571.670599122404,District Water Body Atlas
Phase 2,Uttarakhand,Udam Singh Nagar,Khatima,Sarada Sagar Jhau Parasa,UK2AUSN0027,28.8706442,80.02548412,Ganga,Ghaghara,Sharda / Chauka,Lakes/Pond,1.10872615,11087.26150927332,476.45561810222654,,NWIC,78,78,1703.0,05,056,0352,56280,2A,2A,GHA,GHA,WS2AGHA013,,01,,,,,,,,0.0,0.0,,,,,,No,No,No,No,No,No,No,No,No,0,476.45561810222654,District Water Body Atlas
Phase 2,Uttarakhand,Champawat,Poornagiri,Boom Range,UK2ACHP0002,29.159378630000003,80.12179001,Ganga,Ghaghara,Ladhiya,Lakes/Pond,4.47293025,44729.3024558432,814.5009648661555,,NWIC,79,79,1704.0,05,048,0337,54466,2A,2A,GHA,GHA,WS2AGHA012,Syamla Tal,01,,,,,,,,0.0,0.0,,,,,,No,No,No,No,No,No,No,No,No,0,814.5009648661555,District Water Body Atlas
Phase 2,Uttarakhand,Haridwar,Roorkee,Salhapur,UK2AHRD0058,29.81754847,77.83516741999999,Ganga,Yamuna Upper,Kali West,Lakes/Pond,1.48677562,14867.756189023095,477.601377371388,,NWIC,80,80,1839.0,05,050,0353,56487,2A,2A,YAU,YAU,WS2AYAU041,,01,,,,,,,,0.0,0.0,,,,,,No,No,No,No,No,No,No,No,No,0,477.601377371388,District Water Body Atlas
Phase 2,Uttarakhand,Haridwar,Roorkee,Daulatpur,UK2AHRD0060,29.92878395,77.9770462,Ganga,Above Ramganga Confluence,Solani,Lakes/Pond,1.1507045,11507.04500395677,388.12139185516173,,NWIC,83,83,2044.0,05,050,0353,56446,2A,2A,ARA,ARA,WS2AARA033,,01,,,,,,,,0.0,0.0,,,,,,No,No,No,No,No,No,No,No,No,0,388.12139185516173,District Water Body Atlas
Phase 2,Uttarakhand,Haridwar,Roorkee,Kheda Jat,UK2AHRD0061,29.68612991,77.80614544,Ganga,Yamuna Upper,Kali West,Lakes/Pond,3.2217488,32217.488013596118,785.8489555371075,,NWIC,84,84,2045.0,05,050,0353,56571,2A,2A,YAU,YAU,WS2AYAU041,,01,,,,,,,,0.0,0.0,,,,,,No,No,No,No,No,No,No,No,No,0,785.8489555371075,District Water Body Atlas
Phase 2,Uttarakhand,Haridwar,Hardwar,Pathari Forest Range,UK2AHRD0084,29.963857219999998,78.1845659,Ganga,Above Ramganga Confluence,Ganga,Reservoir,120.25492227000001,1202549.2226675688,6387.944435524576,,NWIC,85,85,2106.0,05,050,0354,56776,2A,2A,ARA,ARA,WS2AARA031,Bhimgoda,02,,,,,,,,0.0,0.0,,,,,,No,No,No,No,No,No,No,No,No,0,6387.944435524576,District Water Body Atlas
Phase 2,Uttarakhand,Udam Singh Nagar,Sitarganj,Sun Khari Khurd,UK2AUSN0037,28.94765947,79.80687985,Ganga,Ramganga,Nandhaur,Lakes/Pond,2.26534991,22653.4990940875,622.8475811335468,,NWIC,101,101,2284.0,05,056,0351,56192,2A,2A,RAM,RAM,WS2ARAM032,,01,,,,,,,,0.0,0.0,,,,,,No,Yes,No,No,Yes,Yes,No,No,No,0,622.8475811335468,District Water Body Atlas
Phase 2,Uttarakhand,Haridwar,Laksar,Mansoorpur Urf Kapooro,UK2AHRD0059,29.64661433,78.10032063,Ganga,Above Ramganga Confluence,Ganga,Lakes/Pond,17.28172803,172817.28027088058,3904.2960957422656,,NWIC,81,81,1847.0,05,050,0355,56927,2A,2A,ARA,ARA,WS2AARA036,,01,,,,,,,,0.0,0.0,,,,,,No,No,No,No,No,No,No,No,No,0,3904.2960957422656,District Water Body Atlas
Phase 2,Uttarakhand,Udam Singh Nagar,Bajpur,Deori,UK2AUSN0029,29.184757859999998,79.19297825999999,Ganga,Ramganga,Ghuga,Lakes/Pond,1.81238507,18123.850680934665,594.1010968435193,,NWIC,82,82,2001.0,05,056,0348,55885,2A,2A,RAM,RAM,WS2ARAM014,,01,,,,,,,,0.0,0.0,,,,,,No,No,No,No,No,No,No,No,No,0,594.1010968435193,District Water Body Atlas
Phase 2,Uttarakhand,Haridwar,Roorkee,Mukarrampur Urf Kalewala,UK2AHRD0062,30.044471169999998,77.77878642,Ganga,Above Ramganga Confluence,Solani,Lakes/Pond,1.11704986,11170.498589202505,443.28884699052037,,NWIC,102,102,2406.0,05,050,0353,56339,2A,2A,ARA,ARA,WS2AARA033,,01,,,,,,,,0.0,0.0,,,,,,Yes,Yes,Yes,No,Yes,No,No,Yes,No,0,443.28884699052037,District Water Body Atlas
Phase 2,Uttarakhand,Champawat,Poornagiri,Gayan Khera,UK2ACHP0003,29.06711512,80.12513891,Ganga,Ghaghara,Sharda / Chauka,Reservoir,225.01296569000002,2216109.948016016,10411.241557719619,,NWIC,86,86,2107.0,05,048,0337,54442,2A,2A,GHA,GHA,WS2AGHA013,Tanakpur Barrage,02,,,,,,,,0.0,0.0,,,,,,No,No,No,No,No,No,No,No,No,0,10135.031826295603,District Water Body Atlas
Phase 2,Uttarakhand,Champawat,Poornagiri,Banbasa Canal Range,UK2ACHP0004,29.00498408,80.10823227,Ganga,Ghaghara,Sharda / Chauka,Reservoir,151.8907797,1518907.7969929525,11928.925602182477,,NWIC,87,87,2108.0,05,048,0337,54470,2A,2A,GHA,GHA,WS2AGHA013,Banbasa Barrage/Upper Sarda Barrage,02,,,,,,,,0.0,0.0,,,,,,No,No,No,No,No,No,No,No,No,0,11928.925602182477,District Water Body Atlas
Phase 2,Uttarakhand,Udam Singh Nagar,Kichha,Dauli Range,UK2AUSN0001,28.955470180000003,79.59423666,Ganga,Ramganga,Dhora,Reservoir,1358.23980717,13582398.071658086,18841.275548549893,,NWIC,88,88,2109.0,05,056,0349,56013,2A,2A,RAM,RAM,WS2ARAM020,Dhora Reservoir,02,,,,,,,,0.0,0.0,,,,,,No,No,No,No,No,No,No,No,No,0,18841.275548549893,District Water Body Atlas
Phase 2,Uttarakhand,Udam Singh Nagar,Kichha,Barakoli Range,UK2AUSN0002,28.90564475,79.63334378,Ganga,Ramganga,Bahgul,Reservoir,2321.4007026100003,23214007.026065767,46795.91682916508,,NWIC,89,89,2110.0,05,056,0349,56014,2A,2A,RAM,RAM,WS2ARAM027,Baghul/Baigul(East) Reservoir,02,,,,,,,,0.0,0.0,,,,,,No,No,No,No,No,No,No,No,No,0,46795.91682916508,District Water Body Atlas
Phase 2,Uttarakhand,Udam Singh Nagar,Gadarpur,Pipal Parao Range,UK2AUSN0006,29.13392686,79.30161618999999,Ganga,Ramganga,Baur,Reservoir,2440.09782568,24400978.256807953,29679.668247646092,,NWIC,93,93,2114.0,05,056,0350,56087,2A,2A,RAM,RAM,WS2ARAM016,Haripura Reservoir,02,,,,,,,,0.0,0.0,,,,,,No,No,No,No,No,No,No,No,No,0,29679.668247646092,District Water Body Atlas
Phase 2,Uttarakhand,Udam Singh Nagar,Sitarganj,Barkoli Range,UK2AUSN0003,28.9675,79.83591597,Ganga,Ramganga,Deoha/Garra,Reservoir,3200.56190784,32005619.078373406,32501.02484977282,,NWIC,90,90,2111.0,05,056,0351,56216,2A,2A,RAM,RAM,WS2ARAM031,Nanak Sagar,02,,,,,,,,0.0,0.0,,,,,,No,No,No,No,No,No,No,No,No,0,32501.02484977282,District Water Body Atlas
Phase 2,Uttarakhand,Udam Singh Nagar,Jaspur,Chak Rai Jawahar Singh,UK2AUSN0030,29.3278907,78.76882948,Ganga,Ramganga,Ramganga,Lakes/Pond,1.59616139,15961.613929217026,837.4651176415439,,NWIC,94,94,2277.0,05,056,0347,55698,2A,2A,RAM,RAM,WS2ARAM007,,01,,,,,,,,0.0,0.0,,,,,,No,No,Yes,No,Yes,Yes,No,Yes,No,0,837.4651176415439,District Water Body Atlas
Phase 2,Uttarakhand,Udam Singh Nagar,Khatima,Mohof Range,UK2AUSN0004,28.78218604,80.07927918,Ganga,Ghaghara,Sharda / Chauka,Reservoir,5179.58148848,19713117.486641318,48777.5762627747,,NWIC,91,91,2112.0,05,056,0352,56312,2A,2A,GHA,GHA,WS2AGHA013,Kali Kanch Jhil,02,,,,,,,,0.0,0.0,,,,,,No,No,No,No,No,No,No,No,No,0,23783.821526436026,District Water Body Atlas
Phase 2,Uttarakhand,Udam Singh Nagar,Jaspur,Umarpur Manak,UK2AUSN0031,29.314832180000003,78.77773628,Ganga,Ramganga,Ramganga,Lakes/Pond,1.0487249,10487.249049320899,676.870615815051,,NWIC,95,95,2278.0,05,056,0347,55704,2A,2A,RAM,RAM,WS2ARAM007,,01,,,,,,,,0.0,0.0,,,,,,No,Yes,No,Yes,No,Yes,No,Yes,No,0,676.870615815051,District Water Body Atlas
Phase 2,Uttarakhand,Udam Singh Nagar,Jaspur,Garhinegi,UK2AUSN0032,29.27985208,78.95098487,Ganga,Ramganga,Dhela,Lakes/Pond,2.04951071,20495.107141361284,574.7764536172725,,NWIC,96,96,2279.0,05,056,0347,55778,2A,2A,RAM,RAM,WS2ARAM006,,01,,,,,,,,0.0,0.0,,,,,,Yes,No,Yes,No,Yes,No,Yes,Yes,No,0,574.7764536172725,District Water Body Atlas
Phase 2,Uttarakhand,Udam Singh Nagar,Jaspur,Tirgarhi,UK2AUSN0033,29.28360443,78.81873157000001,Ganga,Ramganga,Ramganga,Lakes/Pond,1.22804875,12280.487496918378,406.2109358688756,,NWIC,97,97,2280.0,05,056,0347,55747,2A,2A,RAM,RAM,WS2ARAM007,,01,,,,,,,,0.0,0.0,,,,,,No,Yes,No,Yes,No,No,No,No,No,0,406.2109358688756,District Water Body Atlas
Phase 2,Uttarakhand,Udam Singh Nagar,Kashipur,Kashipur Npp,UK2AUSN0034,29.206675830000002,78.97105197,Ganga,Ramganga,Kosi,Lakes/Pond,2.91096048,29109.604753956857,623.9479534115287,,NWIC,98,98,2281.0,05,056,0346,0,2A,2A,RAM,RAM,WS2ARAM010,,01,,,,,,,,0.0,0.0,,,,,,Yes,Yes,Yes,No,No,No,Yes,No,Yes,0,623.9479534115287,District Water Body Atlas
Phase 2,Uttarakhand,Udam Singh Nagar,Jaspur,South Jaspur Range,UK2AUSN0005,29.32126178,78.92031189,Ganga,Ramganga,Dhela,Reservoir,1820.7858367800002,18207858.3678407,37386.32128206228,,NWIC,92,92,2113.0,05,056,0347,55798,2A,2A,RAM,RAM,WS2ARAM006,Tumaria,02,,,,,,,,0.0,0.0,,,,,,No,No,No,No,No,No,No,No,No,0,37386.32128206228,District Water Body Atlas
Phase 2,Uttarakhand,Haridwar,Hardwar,Meerpur Muwazarpur,UK2AHRD0063,29.96042443,78.00391393,Ganga,Above Ramganga Confluence,Solani,Lakes/Pond,1.66090193,16609.019324378365,475.67460443740947,,NWIC,103,103,2407.0,05,050,0354,56661,2A,2A,ARA,ARA,WS2AARA033,,01,,,,,,,,0.0,0.0,,,,,,Yes,No,Yes,No,Yes,No,Yes,Yes,No,0,475.67460443740947,District Water Body Atlas
Phase 2,Uttarakhand,Haridwar,Hardwar,Ranipur,UK2AHRD0064,29.927847290000003,78.07218425,Ganga,Above Ramganga Confluence,Solani,Lakes/Pond,6.721675780000001,67216.75780005922,1187.9939556680342,,NWIC,104,104,2408.0,05,050,0354,56677,2A,2A,ARA,ARA,WS2AARA034,,01,,,,,,,,0.0,0.0,,,,,,No,No,No,No,No,No,No,No,No,0,1187.9939556680342,District Water Body Atlas
Phase 2,Uttarakhand,Haridwar,Hardwar,Bharat Heavy Electricals Limited Ranipur Its,UK2AHRD0065,29.93813994,78.06724022,Ganga,Above Ramganga Confluence,Solani,Lakes/Pond,1.55567156,15556.715598296023,491.8344877720441,,NWIC,105,105,2409.0,05,050,0354,0,2A,2A,ARA,ARA,WS2AARA034,,01,,,,,,,,0.0,0.0,,,,,,No,No,No,No,No,No,No,No,No,0,491.8344877720441,District Water Body Atlas
Phase 2,Uttarakhand,Haridwar,Hardwar,Bharat Heavy Electricals Limited Ranipur Its,UK2AHRD0066,29.94027976,78.06766286999999,Ganga,Above Ramganga Confluence,Solani,Lakes/Pond,1.240482,12404.819967392692,413.26837669712046,,NWIC,106,106,2410.0,05,050,0354,0,2A,2A,ARA,ARA,WS2AARA034,,01,,,,,,,,0.0,0.0,,,,,,No,No,Yes,No,No,No,No,No,No,0,413.26837669712046,District Water Body Atlas
Phase 2,Uttarakhand,Haridwar,Hardwar,Rasoolpur,UK2AHRD0067,29.94998055,77.99475473999999,Ganga,Above Ramganga Confluence,Solani,Lakes/Pond,1.29603719,12960.371907630526,455.0580338442692,,NWIC,107,107,2411.0,05,050,0354,56670,2A,2A,ARA,ARA,WS2AARA033,,01,,,,,,,,0.0,0.0,,,,,,Yes,Yes,Yes,No,Yes,Yes,Yes,Yes,No,0,455.0580338442692,District Water Body Atlas
Phase 2,Uttarakhand,Haridwar,Roorkee,Raipur,UK2AHRD0068,29.949114140000002,77.78939531,Ganga,Yamuna Upper,Kali West,Lakes/Pond,5.629827700000001,56298.27700448899,881.8714822653911,,NWIC,108,108,2412.0,05,050,0353,56353,2A,2A,YAU,YAU,WS2AYAU041,,01,,,,,,,,0.0,0.0,,,,,,No,No,No,No,No,No,No,No,No,0,881.8714822653911,District Water Body Atlas
Phase 2,Uttarakhand,Haridwar,Roorkee,Sirchandi,UK2AHRD0069,29.942488219999998,77.7568034,Ganga,Yamuna Upper,Kali West,Lakes/Pond,1.13648285,11364.828503679804,408.31963533205504,,NWIC,109,109,2413.0,05,050,0353,56376,2A,2A,YAU,YAU,WS2AYAU041,,01,,,,,,,,0.0,0.0,,,,,,Yes,No,Yes,No,No,No,No,No,No,0,408.31963533205504,District Water Body Atlas
Phase 2,Uttarakhand,Haridwar,Roorkee,Khanjarpur CT,UK2AHRD0070,29.86278801,77.91063405,Ganga,Above Ramganga Confluence,Solani,Lakes/Pond,4.54705322,45470.53220647229,826.3774416899558,,NWIC,110,110,2414.0,05,050,0353,56634,2A,2A,ARA,ARA,WS2AARA033,,01,,,,,,,,0.0,0.0,,,,,,Yes,No,No,No,Yes,Yes,Yes,No,Yes,0,826.3774416899558,District Water Body Atlas
Phase 2,Uttarakhand,Haridwar,Roorkee,Salempur Rajputan CT,UK2AHRD0071,29.879061160000003,77.87032038,Ganga,Above Ramganga Confluence,Solani,Lakes/Pond,1.83686462,18368.646164181107,575.2511607501622,,NWIC,111,111,2415.0,05,050,0353,56631,2A,2A,ARA,ARA,WS2AARA033,,01,,,,,,,,0.0,0.0,,,,,,No,No,No,No,No,No,No,No,No,0,575.2511607501622,District Water Body Atlas
Phase 2,Uttarakhand,Haridwar,Roorkee,Akbarpur Fazilpur,UK2AHRD0072,29.84949242,77.81303159000001,Ganga,Yamuna Upper,Kali West,Lakes/Pond,1.13166657,11316.665693469959,400.5173671369982,,NWIC,112,112,2416.0,05,050,0353,56469,2A,2A,YAU,YAU,WS2AYAU041,,01,,,,,,,,0.0,0.0,,,,,,No,No,No,No,No,No,No,No,No,0,400.5173671369982,District Water Body Atlas
Phase 2,Uttarakhand,Haridwar,Roorkee,Bijhauli,UK2AHRD0073,29.81909682,77.89599717,Ganga,Above Ramganga Confluence,Solani,Lakes/Pond,1.1293147,11293.146987149079,402.06597083080237,,NWIC,113,113,2417.0,05,050,0353,56524,2A,2A,ARA,ARA,WS2AARA034,,01,,,,,,,,0.0,0.0,,,,,,No,No,No,No,No,No,No,No,No,0,402.06597083080237,District Water Body Atlas
Phase 2,Uttarakhand,Haridwar,Laksar,Mukhyali Khurd,UK2AHRD0074,29.803986329999997,77.99457161000001,Ganga,Above Ramganga Confluence,Solani,Lakes/Pond,1.06995062,10699.506195456206,389.0312038325338,,NWIC,114,114,2418.0,05,050,0355,56782,2A,2A,ARA,ARA,WS2AARA034,,01,,,,,,,,0.0,0.0,,,,,,No,No,No,No,No,No,No,No,No,0,389.0312038325338,District Water Body Atlas
Phase 2,Uttarakhand,Haridwar,Laksar,Majri Akbarpur,UK2AHRD0075,29.79397124,77.98179102,Ganga,Above Ramganga Confluence,Solani,Lakes/Pond,2.60294027,26029.402704625154,638.7058679890877,,NWIC,115,115,2419.0,05,050,0355,56788,2A,2A,ARA,ARA,WS2AARA034,,01,,,,,,,,0.0,0.0,,,,,,No,No,Yes,No,Yes,No,Yes,No,No,0,638.7058679890877,District Water Body Atlas
Phase 2,Uttarakhand,Haridwar,Roorkee,Thithiki Qavadpur,UK2AHRD0076,29.80959031,77.84837331,Ganga,Yamuna Upper,Kali West,Lakes/Pond,1.35472918,13547.2918065796,512.6192327065021,,NWIC,116,116,2420.0,05,050,0353,56535,2A,2A,YAU,YAU,WS2AYAU041,,01,,,,,,,,0.0,0.0,,,,,,Yes,Yes,Yes,No,Yes,Yes,Yes,No,Yes,0,512.6192327065021,District Water Body Atlas
Phase 2,Uttarakhand,Haridwar,Roorkee,Hasampur,UK2AHRD0077,29.77073356,77.79481693,Ganga,Yamuna Upper,Kali West,Lakes/Pond,1.04245278,10424.527788374968,378.262167936638,,NWIC,117,117,2421.0,05,050,0353,56550,2A,2A,YAU,YAU,WS2AYAU041,,01,,,,,,,,0.0,0.0,,,,,,No,No,No,No,No,No,No,No,No,0,378.262167936638,District Water Body Atlas
Phase 2,Uttarakhand,Haridwar,Roorkee,Sadauli,UK2AHRD0078,29.77126072,77.80841836,Ganga,Yamuna Upper,Kali West,Lakes/Pond,1.01974979,10197.4978734343,392.35000132180494,,NWIC,118,118,2422.0,05,050,0353,56551,2A,2A,YAU,YAU,WS2AYAU041,,01,,,,,,,,0.0,0.0,,,,,,No,No,No,No,No,No,No,No,No,0,392.35000132180494,District Water Body Atlas
Phase 2,Uttarakhand,Haridwar,Laksar,Salempur Bakkal,UK2AHRD0079,29.76082441,78.04091263999999,Ganga,Above Ramganga Confluence,Solani,Lakes/Pond,1.45833621,14583.362057608449,529.9617890755666,,NWIC,119,119,2423.0,05,050,0355,56819,2A,2A,ARA,ARA,WS2AARA034,,01,,,,,,,,0.0,0.0,,,,,,No,No,No,No,No,No,Yes,Yes,Yes,0,529.9617890755666,District Water Body Atlas
Phase 2,Uttarakhand,Haridwar,Laksar,Bhikkampur Jeetpur,UK2AHRD0080,29.73047166,78.15494395,Ganga,Above Ramganga Confluence,Ganga,Lakes/Pond,1.19287822,11928.782181186025,460.6298019121965,,NWIC,120,120,2424.0,05,050,0355,56886,2A,2A,ARA,ARA,WS2AARA036,,01,,,,,,,,0.0,0.0,,,,,,No,No,No,No,No,No,No,No,No,0,460.6298019121965,District Water Body Atlas
Phase 2,Uttarakhand,Haridwar,Roorkee,Narsan Kalan,UK2AHRD0081,29.70448254,77.83604275,Ganga,Yamuna Upper,Kali West,Lakes/Pond,1.14740295,11474.0295066153,409.992071083676,,NWIC,121,121,2425.0,05,050,0353,56566,2A,2A,YAU,YAU,WS2AYAU042,,01,,,,,,,,0.0,0.0,,,,,,No,No,No,No,No,Yes,No,Yes,No,0,409.992071083676,District Water Body Atlas
Phase 2,Uttarakhand,Haridwar,Laksar,Prehladpur,UK2AHRD0082,29.68166601,77.99419784,Ganga,Above Ramganga Confluence,Solani,Lakes/Pond,1.49316997,14931.69965077482,551.1714019659482,,NWIC,122,122,2426.0,05,050,0355,56911,2A,2A,ARA,ARA,WS2AARA034,,01,,,,,,,,0.0,0.0,,,,,,Yes,Yes,No,No,Yes,Yes,No,No,No,0,551.1714019659482,District Water Body Atlas
Phase 2,Uttarakhand,Haridwar,Laksar,Mahrajpur Khurd,UK2AHRD0083,29.682882590000002,78.09401998999999,Ganga,Above Ramganga Confluence,Ganga,Lakes/Pond,2.3464984,23464.98400862275,692.7591567748054,,NWIC,123,123,2427.0,05,050,0355,56867,2A,2A,ARA,ARA,WS2AARA036,,01,,,,,,,,0.0,0.0,,,,,,Yes,No,No,No,No,No,No,No,No,0,692.7591567748054,District Water Body Atlas
