SlNo,Station,Agency,State LGD Code,State,District LGD Code,District,Tehsil,Block,Village,River,Basin,Tributary,Subtributary,SubSubtributary,Local River,Latitude,Longitude,Data Acquisition Time,Manual Daily Rainfall (mm)
1,Nandadih,Damodar Valley Corporation(DVC),10,Bihar,210,NAWADA,GOBINDPUR,-,-,Ganga,Ganga,Damodar,Barakar,-,Barakar,23.75972222,80.01111111,2021-02-06 08:30:00,7.0
2,Nandadih,Damodar Valley Corporation(DVC),10,Bihar,210,NAWADA,GOBINDPUR,-,-,Ganga,Ganga,Damodar,Barakar,-,Barakar,23.75972222,80.01111111,2021-09-06 08:30:00,21.6
3,Nandadih,Damodar Valley Corporation(DVC),10,Bihar,210,NAWADA,GOBINDPUR,-,-,Ganga,Ganga,Damodar,Barakar,-,Barakar,23.75972222,80.01111111,2021-10-06 08:30:00,3.6
4,Nandadih,Damodar Valley Corporation(DVC),10,Bihar,210,NAWADA,GOBINDPUR,-,-,Ganga,Ganga,Damodar,Barakar,-,Barakar,23.75972222,80.01111111,2021-11-06 08:30:00,10.2
5,Nandadih,Damodar Valley Corporation(DVC),10,Bihar,210,NAWADA,GOBINDPUR,-,-,Ganga,Ganga,Damodar,Barakar,-,Barakar,23.75972222,80.01111111,2021-12-06 08:30:00,6.2
6,Nandadih,Damodar Valley Corporation(DVC),10,Bihar,210,NAWADA,GOBINDPUR,-,-,Ganga,Ganga,Damodar,Barakar,-,Barakar,23.75972222,80.01111111,2021-06-13 08:30:00,3.2
7,Nandadih,Damodar Valley Corporation(DVC),10,Bihar,210,NAWADA,GOBINDPUR,-,-,Ganga,Ganga,Damodar,Barakar,-,Barakar,23.75972222,80.01111111,2021-06-14 08:30:00,6.4
8,Nandadih,Damodar Valley Corporation(DVC),10,Bihar,210,NAWADA,GOBINDPUR,-,-,Ganga,Ganga,Damodar,Barakar,-,Barakar,23.75972222,80.01111111,2021-06-15 08:30:00,1.8
9,Nandadih,Damodar Valley Corporation(DVC),10,Bihar,210,NAWADA,GOBINDPUR,-,-,Ganga,Ganga,Damodar,Barakar,-,Barakar,23.75972222,80.01111111,2021-06-16 08:30:00,57.8
10,Nandadih,Damodar Valley Corporation(DVC),10,Bihar,210,NAWADA,GOBINDPUR,-,-,Ganga,Ganga,Damodar,Barakar,-,Barakar,23.75972222,80.01111111,2021-06-17 08:30:00,65.4
11,Nandadih,Damodar Valley Corporation(DVC),10,Bihar,210,NAWADA,GOBINDPUR,-,-,Ganga,Ganga,Damodar,Barakar,-,Barakar,23.75972222,80.01111111,2021-06-18 08:30:00,107.6
12,Nandadih,Damodar Valley Corporation(DVC),10,Bihar,210,NAWADA,GOBINDPUR,-,-,Ganga,Ganga,Damodar,Barakar,-,Barakar,23.75972222,80.01111111,2021-06-19 08:30:00,21.4
13,Nandadih,Damodar Valley Corporation(DVC),10,Bihar,210,NAWADA,GOBINDPUR,-,-,Ganga,Ganga,Damodar,Barakar,-,Barakar,23.75972222,80.01111111,2021-06-20 08:30:00,56.4
14,Nandadih,Damodar Valley Corporation(DVC),10,Bihar,210,NAWADA,GOBINDPUR,-,-,Ganga,Ganga,Damodar,Barakar,-,Barakar,23.75972222,80.01111111,2021-06-21 08:30:00,21.8
15,Nandadih,Damodar Valley Corporation(DVC),10,Bihar,210,NAWADA,GOBINDPUR,-,-,Ganga,Ganga,Damodar,Barakar,-,Barakar,23.75972222,80.01111111,2021-06-22 08:30:00,15.8
16,Nandadih,Damodar Valley Corporation(DVC),10,Bihar,210,NAWADA,GOBINDPUR,-,-,Ganga,Ganga,Damodar,Barakar,-,Barakar,23.75972222,80.01111111,2021-06-23 08:30:00,15.2
17,Nandadih,Damodar Valley Corporation(DVC),10,Bihar,210,NAWADA,GOBINDPUR,-,-,Ganga,Ganga,Damodar,Barakar,-,Barakar,23.75972222,80.01111111,2021-06-25 08:30:00,13.6
18,Nandadih,Damodar Valley Corporation(DVC),10,Bihar,210,NAWADA,GOBINDPUR,-,-,Ganga,Ganga,Damodar,Barakar,-,Barakar,23.75972222,80.01111111,2021-06-26 08:30:00,0.6
19,Nandadih,Damodar Valley Corporation(DVC),10,Bihar,210,NAWADA,GOBINDPUR,-,-,Ganga,Ganga,Damodar,Barakar,-,Barakar,23.75972222,80.01111111,2021-06-27 08:30:00,6.0
20,Nandadih,Damodar Valley Corporation(DVC),10,Bihar,210,NAWADA,GOBINDPUR,-,-,Ganga,Ganga,Damodar,Barakar,-,Barakar,23.75972222,80.01111111,2021-03-07 08:30:00,6.2
21,Nandadih,Damodar Valley Corporation(DVC),10,Bihar,210,NAWADA,GOBINDPUR,-,-,Ganga,Ganga,Damodar,Barakar,-,Barakar,23.75972222,80.01111111,2021-06-07 08:30:00,45.6
22,Nandadih,Damodar Valley Corporation(DVC),10,Bihar,210,NAWADA,GOBINDPUR,-,-,Ganga,Ganga,Damodar,Barakar,-,Barakar,23.75972222,80.01111111,2021-08-07 08:30:00,0.8
23,Nandadih,Damodar Valley Corporation(DVC),10,Bihar,210,NAWADA,GOBINDPUR,-,-,Ganga,Ganga,Damodar,Barakar,-,Barakar,23.75972222,80.01111111,2021-09-07 08:30:00,3.6
24,Nandadih,Damodar Valley Corporation(DVC),10,Bihar,210,NAWADA,GOBINDPUR,-,-,Ganga,Ganga,Damodar,Barakar,-,Barakar,23.75972222,80.01111111,2021-10-07 08:30:00,6.2
25,Nandadih,Damodar Valley Corporation(DVC),10,Bihar,210,NAWADA,GOBINDPUR,-,-,Ganga,Ganga,Damodar,Barakar,-,Barakar,23.75972222,80.01111111,2021-11-07 08:30:00,1.2
26,Nandadih,Damodar Valley Corporation(DVC),10,Bihar,210,NAWADA,GOBINDPUR,-,-,Ganga,Ganga,Damodar,Barakar,-,Barakar,23.75972222,80.01111111,2021-07-15 08:30:00,0.6
27,Nandadih,Damodar Valley Corporation(DVC),10,Bihar,210,NAWADA,GOBINDPUR,-,-,Ganga,Ganga,Damodar,Barakar,-,Barakar,23.75972222,80.01111111,2021-07-18 08:30:00,8.2
28,Nandadih,Damodar Valley Corporation(DVC),10,Bihar,210,NAWADA,GOBINDPUR,-,-,Ganga,Ganga,Damodar,Barakar,-,Barakar,23.75972222,80.01111111,2021-07-20 08:30:00,19.2
29,Nandadih,Damodar Valley Corporation(DVC),10,Bihar,210,NAWADA,GOBINDPUR,-,-,Ganga,Ganga,Damodar,Barakar,-,Barakar,23.75972222,80.01111111,2021-07-21 08:30:00,1.2
30,Nandadih,Damodar Valley Corporation(DVC),10,Bihar,210,NAWADA,GOBINDPUR,-,-,Ganga,Ganga,Damodar,Barakar,-,Barakar,23.75972222,80.01111111,2021-07-24 08:30:00,12.6
31,Nandadih,Damodar Valley Corporation(DVC),10,Bihar,210,NAWADA,GOBINDPUR,-,-,Ganga,Ganga,Damodar,Barakar,-,Barakar,23.75972222,80.01111111,2021-07-25 08:30:00,1.2
32,Nandadih,Damodar Valley Corporation(DVC),10,Bihar,210,NAWADA,GOBINDPUR,-,-,Ganga,Ganga,Damodar,Barakar,-,Barakar,23.75972222,80.01111111,2021-07-26 08:30:00,7.6
33,Nandadih,Damodar Valley Corporation(DVC),10,Bihar,210,NAWADA,GOBINDPUR,-,-,Ganga,Ganga,Damodar,Barakar,-,Barakar,23.75972222,80.01111111,2021-07-27 08:30:00,8.4
34,Nandadih,Damodar Valley Corporation(DVC),10,Bihar,210,NAWADA,GOBINDPUR,-,-,Ganga,Ganga,Damodar,Barakar,-,Barakar,23.75972222,80.01111111,2021-07-29 08:30:00,26.8
35,Nandadih,Damodar Valley Corporation(DVC),10,Bihar,210,NAWADA,GOBINDPUR,-,-,Ganga,Ganga,Damodar,Barakar,-,Barakar,23.75972222,80.01111111,2021-07-30 08:30:00,79.2
36,Nandadih,Damodar Valley Corporation(DVC),10,Bihar,210,NAWADA,GOBINDPUR,-,-,Ganga,Ganga,Damodar,Barakar,-,Barakar,23.75972222,80.01111111,2021-07-31 08:30:00,123.6
37,Nandadih,Damodar Valley Corporation(DVC),10,Bihar,210,NAWADA,GOBINDPUR,-,-,Ganga,Ganga,Damodar,Barakar,-,Barakar,23.75972222,80.01111111,2021-04-08 08:30:00,5.0
38,Nandadih,Damodar Valley Corporation(DVC),10,Bihar,210,NAWADA,GOBINDPUR,-,-,Ganga,Ganga,Damodar,Barakar,-,Barakar,23.75972222,80.01111111,2021-05-08 08:30:00,8.2
39,Nandadih,Damodar Valley Corporation(DVC),10,Bihar,210,NAWADA,GOBINDPUR,-,-,Ganga,Ganga,Damodar,Barakar,-,Barakar,23.75972222,80.01111111,2021-08-08 08:30:00,41.2
40,Nandadih,Damodar Valley Corporation(DVC),10,Bihar,210,NAWADA,GOBINDPUR,-,-,Ganga,Ganga,Damodar,Barakar,-,Barakar,23.75972222,80.01111111,2021-09-08 08:30:00,0.2
41,Nandadih,Damodar Valley Corporation(DVC),10,Bihar,210,NAWADA,GOBINDPUR,-,-,Ganga,Ganga,Damodar,Barakar,-,Barakar,23.75972222,80.01111111,2021-10-08 08:30:00,5.2
42,Nandadih,Damodar Valley Corporation(DVC),10,Bihar,210,NAWADA,GOBINDPUR,-,-,Ganga,Ganga,Damodar,Barakar,-,Barakar,23.75972222,80.01111111,2021-11-08 08:30:00,4.2
43,Nandadih,Damodar Valley Corporation(DVC),10,Bihar,210,NAWADA,GOBINDPUR,-,-,Ganga,Ganga,Damodar,Barakar,-,Barakar,23.75972222,80.01111111,2021-08-13 08:30:00,20.2
44,Nandadih,Damodar Valley Corporation(DVC),10,Bihar,210,NAWADA,GOBINDPUR,-,-,Ganga,Ganga,Damodar,Barakar,-,Barakar,23.75972222,80.01111111,2021-08-14 08:30:00,5.2
45,Nandadih,Damodar Valley Corporation(DVC),10,Bihar,210,NAWADA,GOBINDPUR,-,-,Ganga,Ganga,Damodar,Barakar,-,Barakar,23.75972222,80.01111111,2021-08-17 08:30:00,2.2
46,Nandadih,Damodar Valley Corporation(DVC),10,Bihar,210,NAWADA,GOBINDPUR,-,-,Ganga,Ganga,Damodar,Barakar,-,Barakar,23.75972222,80.01111111,2021-08-19 08:30:00,3.6
47,Nandadih,Damodar Valley Corporation(DVC),10,Bihar,210,NAWADA,GOBINDPUR,-,-,Ganga,Ganga,Damodar,Barakar,-,Barakar,23.75972222,80.01111111,2021-08-26 08:30:00,1.2
48,Nandadih,Damodar Valley Corporation(DVC),10,Bihar,210,NAWADA,GOBINDPUR,-,-,Ganga,Ganga,Damodar,Barakar,-,Barakar,23.75972222,80.01111111,2021-08-28 08:30:00,11.4
49,Nandadih,Damodar Valley Corporation(DVC),10,Bihar,210,NAWADA,GOBINDPUR,-,-,Ganga,Ganga,Damodar,Barakar,-,Barakar,23.75972222,80.01111111,2021-08-29 08:30:00,1.2
50,Nandadih,Damodar Valley Corporation(DVC),10,Bihar,210,NAWADA,GOBINDPUR,-,-,Ganga,Ganga,Damodar,Barakar,-,Barakar,23.75972222,80.01111111,2021-08-30 08:30:00,21.6
51,Nandadih,Damodar Valley Corporation(DVC),10,Bihar,210,NAWADA,GOBINDPUR,-,-,Ganga,Ganga,Damodar,Barakar,-,Barakar,23.75972222,80.01111111,2021-08-31 08:30:00,6.2
52,Nandadih,Damodar Valley Corporation(DVC),10,Bihar,210,NAWADA,GOBINDPUR,-,-,Ganga,Ganga,Damodar,Barakar,-,Barakar,23.75972222,80.01111111,2021-01-09 08:30:00,6.2
53,Nandadih,Damodar Valley Corporation(DVC),10,Bihar,210,NAWADA,GOBINDPUR,-,-,Ganga,Ganga,Damodar,Barakar,-,Barakar,23.75972222,80.01111111,2021-03-09 08:30:00,1.2
54,Nandadih,Damodar Valley Corporation(DVC),10,Bihar,210,NAWADA,GOBINDPUR,-,-,Ganga,Ganga,Damodar,Barakar,-,Barakar,23.75972222,80.01111111,2021-04-09 08:30:00,8.0
55,Nandadih,Damodar Valley Corporation(DVC),10,Bihar,210,NAWADA,GOBINDPUR,-,-,Ganga,Ganga,Damodar,Barakar,-,Barakar,23.75972222,80.01111111,2021-07-09 08:30:00,3.2
56,Nandadih,Damodar Valley Corporation(DVC),10,Bihar,210,NAWADA,GOBINDPUR,-,-,Ganga,Ganga,Damodar,Barakar,-,Barakar,23.75972222,80.01111111,2021-08-09 08:30:00,7.0
57,Nandadih,Damodar Valley Corporation(DVC),10,Bihar,210,NAWADA,GOBINDPUR,-,-,Ganga,Ganga,Damodar,Barakar,-,Barakar,23.75972222,80.01111111,2021-12-09 08:30:00,1.2
58,Nandadih,Damodar Valley Corporation(DVC),10,Bihar,210,NAWADA,GOBINDPUR,-,-,Ganga,Ganga,Damodar,Barakar,-,Barakar,23.75972222,80.01111111,2021-09-13 08:30:00,2.2
59,Nandadih,Damodar Valley Corporation(DVC),10,Bihar,210,NAWADA,GOBINDPUR,-,-,Ganga,Ganga,Damodar,Barakar,-,Barakar,23.75972222,80.01111111,2021-09-14 08:30:00,33.6
60,Nandadih,Damodar Valley Corporation(DVC),10,Bihar,210,NAWADA,GOBINDPUR,-,-,Ganga,Ganga,Damodar,Barakar,-,Barakar,23.75972222,80.01111111,2021-09-15 08:30:00,23.2
61,Nandadih,Damodar Valley Corporation(DVC),10,Bihar,210,NAWADA,GOBINDPUR,-,-,Ganga,Ganga,Damodar,Barakar,-,Barakar,23.75972222,80.01111111,2021-09-22 08:30:00,1.2
62,Nandadih,Damodar Valley Corporation(DVC),10,Bihar,210,NAWADA,GOBINDPUR,-,-,Ganga,Ganga,Damodar,Barakar,-,Barakar,23.75972222,80.01111111,2021-09-23 08:30:00,2.4
63,Nandadih,Damodar Valley Corporation(DVC),10,Bihar,210,NAWADA,GOBINDPUR,-,-,Ganga,Ganga,Damodar,Barakar,-,Barakar,23.75972222,80.01111111,2021-09-28 08:30:00,2.0
64,Nandadih,Damodar Valley Corporation(DVC),10,Bihar,210,NAWADA,GOBINDPUR,-,-,Ganga,Ganga,Damodar,Barakar,-,Barakar,23.75972222,80.01111111,2021-09-29 08:30:00,1.2
65,Nandadih,Damodar Valley Corporation(DVC),10,Bihar,210,NAWADA,GOBINDPUR,-,-,Ganga,Ganga,Damodar,Barakar,-,Barakar,23.75972222,80.01111111,2021-09-30 08:30:00,145.6
66,Nandadih,Damodar Valley Corporation(DVC),10,Bihar,210,NAWADA,GOBINDPUR,-,-,Ganga,Ganga,Damodar,Barakar,-,Barakar,23.75972222,80.01111111,2021-01-10 08:30:00,95.6
67,Nandadih,Damodar Valley Corporation(DVC),10,Bihar,210,NAWADA,GOBINDPUR,-,-,Ganga,Ganga,Damodar,Barakar,-,Barakar,23.75972222,80.01111111,2021-02-10 08:30:00,15.2
68,Nandadih,Damodar Valley Corporation(DVC),10,Bihar,210,NAWADA,GOBINDPUR,-,-,Ganga,Ganga,Damodar,Barakar,-,Barakar,23.75972222,80.01111111,2021-03-10 08:30:00,1.2
69,Nandadih,Damodar Valley Corporation(DVC),10,Bihar,210,NAWADA,GOBINDPUR,-,-,Ganga,Ganga,Damodar,Barakar,-,Barakar,23.75972222,80.01111111,2021-06-10 08:30:00,10.6
70,Nandadih,Damodar Valley Corporation(DVC),10,Bihar,210,NAWADA,GOBINDPUR,-,-,Ganga,Ganga,Damodar,Barakar,-,Barakar,23.75972222,80.01111111,2021-07-10 08:30:00,3.6
71,Nandadih,Damodar Valley Corporation(DVC),10,Bihar,210,NAWADA,GOBINDPUR,-,-,Ganga,Ganga,Damodar,Barakar,-,Barakar,23.75972222,80.01111111,2021-10-17 08:30:00,8.6
72,Nandadih,Damodar Valley Corporation(DVC),10,Bihar,210,NAWADA,GOBINDPUR,-,-,Ganga,Ganga,Damodar,Barakar,-,Barakar,23.75972222,80.01111111,2021-10-18 08:30:00,10.0
73,Nandadih,Damodar Valley Corporation(DVC),10,Bihar,210,NAWADA,GOBINDPUR,-,-,Ganga,Ganga,Damodar,Barakar,-,Barakar,23.75972222,80.01111111,2021-10-19 08:30:00,54.6
74,Nandadih,Damodar Valley Corporation(DVC),10,Bihar,210,NAWADA,GOBINDPUR,-,-,Ganga,Ganga,Damodar,Barakar,-,Barakar,23.75972222,80.01111111,2021-10-20 08:30:00,5.0
75,Nandadih,Damodar Valley Corporation(DVC),10,Bihar,210,NAWADA,GOBINDPUR,-,-,Ganga,Ganga,Damodar,Barakar,-,Barakar,23.75972222,80.01111111,2022-02-06 08:30:00,12.2
76,Nandadih,Damodar Valley Corporation(DVC),10,Bihar,210,NAWADA,GOBINDPUR,-,-,Ganga,Ganga,Damodar,Barakar,-,Barakar,23.75972222,80.01111111,2022-03-06 08:30:00,12.0
77,Nandadih,Damodar Valley Corporation(DVC),10,Bihar,210,NAWADA,GOBINDPUR,-,-,Ganga,Ganga,Damodar,Barakar,-,Barakar,23.75972222,80.01111111,2022-05-06 08:30:00,3.6
78,Nandadih,Damodar Valley Corporation(DVC),10,Bihar,210,NAWADA,GOBINDPUR,-,-,Ganga,Ganga,Damodar,Barakar,-,Barakar,23.75972222,80.01111111,2022-08-06 08:30:00,12.0
79,Nandadih,Damodar Valley Corporation(DVC),10,Bihar,210,NAWADA,GOBINDPUR,-,-,Ganga,Ganga,Damodar,Barakar,-,Barakar,23.75972222,80.01111111,2022-10-06 08:30:00,32.2
80,Nandadih,Damodar Valley Corporation(DVC),10,Bihar,210,NAWADA,GOBINDPUR,-,-,Ganga,Ganga,Damodar,Barakar,-,Barakar,23.75972222,80.01111111,2022-11-06 08:30:00,13.2
81,Nandadih,Damodar Valley Corporation(DVC),10,Bihar,210,NAWADA,GOBINDPUR,-,-,Ganga,Ganga,Damodar,Barakar,-,Barakar,23.75972222,80.01111111,2022-06-15 08:30:00,4.6
82,Nandadih,Damodar Valley Corporation(DVC),10,Bihar,210,NAWADA,GOBINDPUR,-,-,Ganga,Ganga,Damodar,Barakar,-,Barakar,23.75972222,80.01111111,2022-06-17 08:30:00,8.2
83,Nandadih,Damodar Valley Corporation(DVC),10,Bihar,210,NAWADA,GOBINDPUR,-,-,Ganga,Ganga,Damodar,Barakar,-,Barakar,23.75972222,80.01111111,2022-06-18 08:30:00,38.4
84,Nandadih,Damodar Valley Corporation(DVC),10,Bihar,210,NAWADA,GOBINDPUR,-,-,Ganga,Ganga,Damodar,Barakar,-,Barakar,23.75972222,80.01111111,2022-06-20 08:30:00,3.8
85,Nandadih,Damodar Valley Corporation(DVC),10,Bihar,210,NAWADA,GOBINDPUR,-,-,Ganga,Ganga,Damodar,Barakar,-,Barakar,23.75972222,80.01111111,2022-06-21 08:30:00,1.2
86,Nandadih,Damodar Valley Corporation(DVC),10,Bihar,210,NAWADA,GOBINDPUR,-,-,Ganga,Ganga,Damodar,Barakar,-,Barakar,23.75972222,80.01111111,2022-06-22 08:30:00,13.2
87,Nandadih,Damodar Valley Corporation(DVC),10,Bihar,210,NAWADA,GOBINDPUR,-,-,Ganga,Ganga,Damodar,Barakar,-,Barakar,23.75972222,80.01111111,2022-06-30 08:30:00,1.2
88,Nandadih,Damodar Valley Corporation(DVC),10,Bihar,210,NAWADA,GOBINDPUR,-,-,Ganga,Ganga,Damodar,Barakar,-,Barakar,23.75972222,80.01111111,2022-02-07 08:30:00,3.6
89,Nandadih,Damodar Valley Corporation(DVC),10,Bihar,210,NAWADA,GOBINDPUR,-,-,Ganga,Ganga,Damodar,Barakar,-,Barakar,23.75972222,80.01111111,2022-03-07 08:30:00,5.6
90,Nandadih,Damodar Valley Corporation(DVC),10,Bihar,210,NAWADA,GOBINDPUR,-,-,Ganga,Ganga,Damodar,Barakar,-,Barakar,23.75972222,80.01111111,2022-04-07 08:30:00,6.2
91,Nandadih,Damodar Valley Corporation(DVC),10,Bihar,210,NAWADA,GOBINDPUR,-,-,Ganga,Ganga,Damodar,Barakar,-,Barakar,23.75972222,80.01111111,2022-05-07 08:30:00,25.0
92,Nandadih,Damodar Valley Corporation(DVC),10,Bihar,210,NAWADA,GOBINDPUR,-,-,Ganga,Ganga,Damodar,Barakar,-,Barakar,23.75972222,80.01111111,2022-07-07 08:30:00,2.8
93,Nandadih,Damodar Valley Corporation(DVC),10,Bihar,210,NAWADA,GOBINDPUR,-,-,Ganga,Ganga,Damodar,Barakar,-,Barakar,23.75972222,80.01111111,2022-09-07 08:30:00,0.6
94,Nandadih,Damodar Valley Corporation(DVC),10,Bihar,210,NAWADA,GOBINDPUR,-,-,Ganga,Ganga,Damodar,Barakar,-,Barakar,23.75972222,80.01111111,2022-07-18 08:30:00,3.4
95,Nandadih,Damodar Valley Corporation(DVC),10,Bihar,210,NAWADA,GOBINDPUR,-,-,Ganga,Ganga,Damodar,Barakar,-,Barakar,23.75972222,80.01111111,2022-07-22 08:30:00,4.6
96,Nandadih,Damodar Valley Corporation(DVC),10,Bihar,210,NAWADA,GOBINDPUR,-,-,Ganga,Ganga,Damodar,Barakar,-,Barakar,23.75972222,80.01111111,2022-07-23 08:30:00,16.2
97,Nandadih,Damodar Valley Corporation(DVC),10,Bihar,210,NAWADA,GOBINDPUR,-,-,Ganga,Ganga,Damodar,Barakar,-,Barakar,23.75972222,80.01111111,2022-07-24 08:30:00,2.0
98,Nandadih,Damodar Valley Corporation(DVC),10,Bihar,210,NAWADA,GOBINDPUR,-,-,Ganga,Ganga,Damodar,Barakar,-,Barakar,23.75972222,80.01111111,2022-07-25 08:30:00,4.6
99,Nandadih,Damodar Valley Corporation(DVC),10,Bihar,210,NAWADA,GOBINDPUR,-,-,Ganga,Ganga,Damodar,Barakar,-,Barakar,23.75972222,80.01111111,2022-07-30 08:30:00,54.4
100,Nandadih,Damodar Valley Corporation(DVC),10,Bihar,210,NAWADA,GOBINDPUR,-,-,Ganga,Ganga,Damodar,Barakar,-,Barakar,23.75972222,80.01111111,2022-01-08 08:30:00,2.2
101,Nandadih,Damodar Valley Corporation(DVC),10,Bihar,210,NAWADA,GOBINDPUR,-,-,Ganga,Ganga,Damodar,Barakar,-,Barakar,23.75972222,80.01111111,2022-02-08 08:30:00,0.8
102,Nandadih,Damodar Valley Corporation(DVC),10,Bihar,210,NAWADA,GOBINDPUR,-,-,Ganga,Ganga,Damodar,Barakar,-,Barakar,23.75972222,80.01111111,2022-03-08 08:30:00,11.2
103,Nandadih,Damodar Valley Corporation(DVC),10,Bihar,210,NAWADA,GOBINDPUR,-,-,Ganga,Ganga,Damodar,Barakar,-,Barakar,23.75972222,80.01111111,2022-04-08 08:30:00,1.6
104,Nandadih,Damodar Valley Corporation(DVC),10,Bihar,210,NAWADA,GOBINDPUR,-,-,Ganga,Ganga,Damodar,Barakar,-,Barakar,23.75972222,80.01111111,2022-05-08 08:30:00,4.6
105,Nandadih,Damodar Valley Corporation(DVC),10,Bihar,210,NAWADA,GOBINDPUR,-,-,Ganga,Ganga,Damodar,Barakar,-,Barakar,23.75972222,80.01111111,2022-09-08 08:30:00,2.2
106,Nandadih,Damodar Valley Corporation(DVC),10,Bihar,210,NAWADA,GOBINDPUR,-,-,Ganga,Ganga,Damodar,Barakar,-,Barakar,23.75972222,80.01111111,2022-10-08 08:30:00,1.2
107,Nandadih,Damodar Valley Corporation(DVC),10,Bihar,210,NAWADA,GOBINDPUR,-,-,Ganga,Ganga,Damodar,Barakar,-,Barakar,23.75972222,80.01111111,2022-11-08 08:30:00,10.2
108,Nandadih,Damodar Valley Corporation(DVC),10,Bihar,210,NAWADA,GOBINDPUR,-,-,Ganga,Ganga,Damodar,Barakar,-,Barakar,23.75972222,80.01111111,2022-12-08 08:30:00,4.8
109,Nandadih,Damodar Valley Corporation(DVC),10,Bihar,210,NAWADA,GOBINDPUR,-,-,Ganga,Ganga,Damodar,Barakar,-,Barakar,23.75972222,80.01111111,2022-08-14 08:30:00,0.8
110,Nandadih,Damodar Valley Corporation(DVC),10,Bihar,210,NAWADA,GOBINDPUR,-,-,Ganga,Ganga,Damodar,Barakar,-,Barakar,23.75972222,80.01111111,2022-08-15 08:30:00,12.0
111,Nandadih,Damodar Valley Corporation(DVC),10,Bihar,210,NAWADA,GOBINDPUR,-,-,Ganga,Ganga,Damodar,Barakar,-,Barakar,23.75972222,80.01111111,2022-08-16 08:30:00,28.0
112,Nandadih,Damodar Valley Corporation(DVC),10,Bihar,210,NAWADA,GOBINDPUR,-,-,Ganga,Ganga,Damodar,Barakar,-,Barakar,23.75972222,80.01111111,2022-08-19 08:30:00,34.2
113,Nandadih,Damodar Valley Corporation(DVC),10,Bihar,210,NAWADA,GOBINDPUR,-,-,Ganga,Ganga,Damodar,Barakar,-,Barakar,23.75972222,80.01111111,2022-08-20 08:30:00,18.2
114,Nandadih,Damodar Valley Corporation(DVC),10,Bihar,210,NAWADA,GOBINDPUR,-,-,Ganga,Ganga,Damodar,Barakar,-,Barakar,23.75972222,80.01111111,2022-08-22 08:30:00,3.2
115,Nandadih,Damodar Valley Corporation(DVC),10,Bihar,210,NAWADA,GOBINDPUR,-,-,Ganga,Ganga,Damodar,Barakar,-,Barakar,23.75972222,80.01111111,2022-08-24 08:30:00,1.2
116,Nandadih,Damodar Valley Corporation(DVC),10,Bihar,210,NAWADA,GOBINDPUR,-,-,Ganga,Ganga,Damodar,Barakar,-,Barakar,23.75972222,80.01111111,2022-08-25 08:30:00,9.6
117,Nandadih,Damodar Valley Corporation(DVC),10,Bihar,210,NAWADA,GOBINDPUR,-,-,Ganga,Ganga,Damodar,Barakar,-,Barakar,23.75972222,80.01111111,2022-08-29 08:30:00,18.6
118,Nandadih,Damodar Valley Corporation(DVC),10,Bihar,210,NAWADA,GOBINDPUR,-,-,Ganga,Ganga,Damodar,Barakar,-,Barakar,23.75972222,80.01111111,2022-01-09 08:30:00,20.6
119,Nandadih,Damodar Valley Corporation(DVC),10,Bihar,210,NAWADA,GOBINDPUR,-,-,Ganga,Ganga,Damodar,Barakar,-,Barakar,23.75972222,80.01111111,2022-02-09 08:30:00,11.2
120,Nandadih,Damodar Valley Corporation(DVC),10,Bihar,210,NAWADA,GOBINDPUR,-,-,Ganga,Ganga,Damodar,Barakar,-,Barakar,23.75972222,80.01111111,2022-04-09 08:30:00,46.8
121,Nandadih,Damodar Valley Corporation(DVC),10,Bihar,210,NAWADA,GOBINDPUR,-,-,Ganga,Ganga,Damodar,Barakar,-,Barakar,23.75972222,80.01111111,2022-05-09 08:30:00,4.2
122,Nandadih,Damodar Valley Corporation(DVC),10,Bihar,210,NAWADA,GOBINDPUR,-,-,Ganga,Ganga,Damodar,Barakar,-,Barakar,23.75972222,80.01111111,2022-08-09 08:30:00,0.4
123,Nandadih,Damodar Valley Corporation(DVC),10,Bihar,210,NAWADA,GOBINDPUR,-,-,Ganga,Ganga,Damodar,Barakar,-,Barakar,23.75972222,80.01111111,2022-12-09 08:30:00,11.4
124,Nandadih,Damodar Valley Corporation(DVC),10,Bihar,210,NAWADA,GOBINDPUR,-,-,Ganga,Ganga,Damodar,Barakar,-,Barakar,23.75972222,80.01111111,2022-09-13 08:30:00,17.8
125,Nandadih,Damodar Valley Corporation(DVC),10,Bihar,210,NAWADA,GOBINDPUR,-,-,Ganga,Ganga,Damodar,Barakar,-,Barakar,23.75972222,80.01111111,2022-09-14 08:30:00,2.8
126,Nandadih,Damodar Valley Corporation(DVC),10,Bihar,210,NAWADA,GOBINDPUR,-,-,Ganga,Ganga,Damodar,Barakar,-,Barakar,23.75972222,80.01111111,2022-09-15 08:30:00,4.2
127,Nandadih,Damodar Valley Corporation(DVC),10,Bihar,210,NAWADA,GOBINDPUR,-,-,Ganga,Ganga,Damodar,Barakar,-,Barakar,23.75972222,80.01111111,2022-09-16 08:30:00,14.6
128,Nandadih,Damodar Valley Corporation(DVC),10,Bihar,210,NAWADA,GOBINDPUR,-,-,Ganga,Ganga,Damodar,Barakar,-,Barakar,23.75972222,80.01111111,2022-09-20 08:30:00,18.6
129,Nandadih,Damodar Valley Corporation(DVC),10,Bihar,210,NAWADA,GOBINDPUR,-,-,Ganga,Ganga,Damodar,Barakar,-,Barakar,23.75972222,80.01111111,2022-09-21 08:30:00,6.8
130,Nandadih,Damodar Valley Corporation(DVC),10,Bihar,210,NAWADA,GOBINDPUR,-,-,Ganga,Ganga,Damodar,Barakar,-,Barakar,23.75972222,80.01111111,2022-09-22 08:30:00,4.2
131,Nandadih,Damodar Valley Corporation(DVC),10,Bihar,210,NAWADA,GOBINDPUR,-,-,Ganga,Ganga,Damodar,Barakar,-,Barakar,23.75972222,80.01111111,2022-09-28 08:30:00,7.2
132,Nandadih,Damodar Valley Corporation(DVC),10,Bihar,210,NAWADA,GOBINDPUR,-,-,Ganga,Ganga,Damodar,Barakar,-,Barakar,23.75972222,80.01111111,2022-09-30 08:30:00,2.6
133,Nandadih,Damodar Valley Corporation(DVC),10,Bihar,210,NAWADA,GOBINDPUR,-,-,Ganga,Ganga,Damodar,Barakar,-,Barakar,23.75972222,80.01111111,2022-03-10 08:30:00,27.2
134,Nandadih,Damodar Valley Corporation(DVC),10,Bihar,210,NAWADA,GOBINDPUR,-,-,Ganga,Ganga,Damodar,Barakar,-,Barakar,23.75972222,80.01111111,2022-04-10 08:30:00,61.4
135,Nandadih,Damodar Valley Corporation(DVC),10,Bihar,210,NAWADA,GOBINDPUR,-,-,Ganga,Ganga,Damodar,Barakar,-,Barakar,23.75972222,80.01111111,2022-05-10 08:30:00,16.4
136,Nandadih,Damodar Valley Corporation(DVC),10,Bihar,210,NAWADA,GOBINDPUR,-,-,Ganga,Ganga,Damodar,Barakar,-,Barakar,23.75972222,80.01111111,2022-06-10 08:30:00,7.2
137,Nandadih,Damodar Valley Corporation(DVC),10,Bihar,210,NAWADA,GOBINDPUR,-,-,Ganga,Ganga,Damodar,Barakar,-,Barakar,23.75972222,80.01111111,2022-12-10 08:30:00,7.6
138,Nandadih,Damodar Valley Corporation(DVC),10,Bihar,210,NAWADA,GOBINDPUR,-,-,Ganga,Ganga,Damodar,Barakar,-,Barakar,23.75972222,80.01111111,2022-10-25 08:30:00,3.2
139,Nandadih,Damodar Valley Corporation(DVC),10,Bihar,210,NAWADA,GOBINDPUR,-,-,Ganga,Ganga,Damodar,Barakar,-,Barakar,23.75972222,80.01111111,2023-06-19 08:30:00,5.0
140,Nandadih,Damodar Valley Corporation(DVC),10,Bihar,210,NAWADA,GOBINDPUR,-,-,Ganga,Ganga,Damodar,Barakar,-,Barakar,23.75972222,80.01111111,2023-06-21 08:30:00,3.0
141,Nandadih,Damodar Valley Corporation(DVC),10,Bihar,210,NAWADA,GOBINDPUR,-,-,Ganga,Ganga,Damodar,Barakar,-,Barakar,23.75972222,80.01111111,2023-06-22 08:30:00,7.2
142,Nandadih,Damodar Valley Corporation(DVC),10,Bihar,210,NAWADA,GOBINDPUR,-,-,Ganga,Ganga,Damodar,Barakar,-,Barakar,23.75972222,80.01111111,2023-06-26 08:30:00,5.4
143,Nandadih,Damodar Valley Corporation(DVC),10,Bihar,210,NAWADA,GOBINDPUR,-,-,Ganga,Ganga,Damodar,Barakar,-,Barakar,23.75972222,80.01111111,2023-06-27 08:30:00,12.2
144,Nandadih,Damodar Valley Corporation(DVC),10,Bihar,210,NAWADA,GOBINDPUR,-,-,Ganga,Ganga,Damodar,Barakar,-,Barakar,23.75972222,80.01111111,2023-06-28 08:30:00,6.8
145,Nandadih,Damodar Valley Corporation(DVC),10,Bihar,210,NAWADA,GOBINDPUR,-,-,Ganga,Ganga,Damodar,Barakar,-,Barakar,23.75972222,80.01111111,2023-06-29 08:30:00,2.8
146,Nandadih,Damodar Valley Corporation(DVC),10,Bihar,210,NAWADA,GOBINDPUR,-,-,Ganga,Ganga,Damodar,Barakar,-,Barakar,23.75972222,80.01111111,2023-06-30 08:30:00,15.8
147,Nandadih,Damodar Valley Corporation(DVC),10,Bihar,210,NAWADA,GOBINDPUR,-,-,Ganga,Ganga,Damodar,Barakar,-,Barakar,23.75972222,80.01111111,2023-02-07 08:30:00,4.2
148,Nandadih,Damodar Valley Corporation(DVC),10,Bihar,210,NAWADA,GOBINDPUR,-,-,Ganga,Ganga,Damodar,Barakar,-,Barakar,23.75972222,80.01111111,2023-03-07 08:30:00,19.2
149,Nandadih,Damodar Valley Corporation(DVC),10,Bihar,210,NAWADA,GOBINDPUR,-,-,Ganga,Ganga,Damodar,Barakar,-,Barakar,23.75972222,80.01111111,2023-05-07 08:30:00,25.6
150,Nandadih,Damodar Valley Corporation(DVC),10,Bihar,210,NAWADA,GOBINDPUR,-,-,Ganga,Ganga,Damodar,Barakar,-,Barakar,23.75972222,80.01111111,2023-07-07 08:30:00,0.8
151,Nandadih,Damodar Valley Corporation(DVC),10,Bihar,210,NAWADA,GOBINDPUR,-,-,Ganga,Ganga,Damodar,Barakar,-,Barakar,23.75972222,80.01111111,2023-09-07 08:30:00,8.2
152,Nandadih,Damodar Valley Corporation(DVC),10,Bihar,210,NAWADA,GOBINDPUR,-,-,Ganga,Ganga,Damodar,Barakar,-,Barakar,23.75972222,80.01111111,2023-07-15 08:30:00,5.2
153,Nandadih,Damodar Valley Corporation(DVC),10,Bihar,210,NAWADA,GOBINDPUR,-,-,Ganga,Ganga,Damodar,Barakar,-,Barakar,23.75972222,80.01111111,2023-07-17 08:30:00,17.8
154,Nandadih,Damodar Valley Corporation(DVC),10,Bihar,210,NAWADA,GOBINDPUR,-,-,Ganga,Ganga,Damodar,Barakar,-,Barakar,23.75972222,80.01111111,2023-07-19 08:30:00,0.6
155,Nandadih,Damodar Valley Corporation(DVC),10,Bihar,210,NAWADA,GOBINDPUR,-,-,Ganga,Ganga,Damodar,Barakar,-,Barakar,23.75972222,80.01111111,2023-07-21 08:30:00,2.8
156,Nandadih,Damodar Valley Corporation(DVC),10,Bihar,210,NAWADA,GOBINDPUR,-,-,Ganga,Ganga,Damodar,Barakar,-,Barakar,23.75972222,80.01111111,2023-07-22 08:30:00,21.6
157,Nandadih,Damodar Valley Corporation(DVC),10,Bihar,210,NAWADA,GOBINDPUR,-,-,Ganga,Ganga,Damodar,Barakar,-,Barakar,23.75972222,80.01111111,2023-07-23 08:30:00,0.8
158,Nandadih,Damodar Valley Corporation(DVC),10,Bihar,210,NAWADA,GOBINDPUR,-,-,Ganga,Ganga,Damodar,Barakar,-,Barakar,23.75972222,80.01111111,2023-07-24 08:30:00,10.8
159,Nandadih,Damodar Valley Corporation(DVC),10,Bihar,210,NAWADA,GOBINDPUR,-,-,Ganga,Ganga,Damodar,Barakar,-,Barakar,23.75972222,80.01111111,2023-07-27 08:30:00,19.2
160,Nandadih,Damodar Valley Corporation(DVC),10,Bihar,210,NAWADA,GOBINDPUR,-,-,Ganga,Ganga,Damodar,Barakar,-,Barakar,23.75972222,80.01111111,2023-07-30 08:30:00,6.2
161,Nandadih,Damodar Valley Corporation(DVC),10,Bihar,210,NAWADA,GOBINDPUR,-,-,Ganga,Ganga,Damodar,Barakar,-,Barakar,23.75972222,80.01111111,2023-07-31 08:30:00,54.2
162,Nandadih,Damodar Valley Corporation(DVC),10,Bihar,210,NAWADA,GOBINDPUR,-,-,Ganga,Ganga,Damodar,Barakar,-,Barakar,23.75972222,80.01111111,2023-01-08 08:30:00,31.4
163,Nandadih,Damodar Valley Corporation(DVC),10,Bihar,210,NAWADA,GOBINDPUR,-,-,Ganga,Ganga,Damodar,Barakar,-,Barakar,23.75972222,80.01111111,2023-02-08 08:30:00,21.6
164,Nandadih,Damodar Valley Corporation(DVC),10,Bihar,210,NAWADA,GOBINDPUR,-,-,Ganga,Ganga,Damodar,Barakar,-,Barakar,23.75972222,80.01111111,2023-03-08 08:30:00,25.4
165,Nandadih,Damodar Valley Corporation(DVC),10,Bihar,210,NAWADA,GOBINDPUR,-,-,Ganga,Ganga,Damodar,Barakar,-,Barakar,23.75972222,80.01111111,2023-07-08 08:30:00,3.8
166,Nandadih,Damodar Valley Corporation(DVC),10,Bihar,210,NAWADA,GOBINDPUR,-,-,Ganga,Ganga,Damodar,Barakar,-,Barakar,23.75972222,80.01111111,2023-08-08 08:30:00,1.4
167,Nandadih,Damodar Valley Corporation(DVC),10,Bihar,210,NAWADA,GOBINDPUR,-,-,Ganga,Ganga,Damodar,Barakar,-,Barakar,23.75972222,80.01111111,2023-09-08 08:30:00,1.0
168,Nandadih,Damodar Valley Corporation(DVC),10,Bihar,210,NAWADA,GOBINDPUR,-,-,Ganga,Ganga,Damodar,Barakar,-,Barakar,23.75972222,80.01111111,2023-10-08 08:30:00,2.2
169,Nandadih,Damodar Valley Corporation(DVC),10,Bihar,210,NAWADA,GOBINDPUR,-,-,Ganga,Ganga,Damodar,Barakar,-,Barakar,23.75972222,80.01111111,2023-11-08 08:30:00,1.4
170,Nandadih,Damodar Valley Corporation(DVC),10,Bihar,210,NAWADA,GOBINDPUR,-,-,Ganga,Ganga,Damodar,Barakar,-,Barakar,23.75972222,80.01111111,2023-08-13 08:30:00,43.8
171,Nandadih,Damodar Valley Corporation(DVC),10,Bihar,210,NAWADA,GOBINDPUR,-,-,Ganga,Ganga,Damodar,Barakar,-,Barakar,23.75972222,80.01111111,2023-08-14 08:30:00,7.2
172,Nandadih,Damodar Valley Corporation(DVC),10,Bihar,210,NAWADA,GOBINDPUR,-,-,Ganga,Ganga,Damodar,Barakar,-,Barakar,23.75972222,80.01111111,2023-08-15 08:30:00,10.2
173,Nandadih,Damodar Valley Corporation(DVC),10,Bihar,210,NAWADA,GOBINDPUR,-,-,Ganga,Ganga,Damodar,Barakar,-,Barakar,23.75972222,80.01111111,2023-08-17 08:30:00,16.8
174,Nandadih,Damodar Valley Corporation(DVC),10,Bihar,210,NAWADA,GOBINDPUR,-,-,Ganga,Ganga,Damodar,Barakar,-,Barakar,23.75972222,80.01111111,2023-08-18 08:30:00,15.4
175,Nandadih,Damodar Valley Corporation(DVC),10,Bihar,210,NAWADA,GOBINDPUR,-,-,Ganga,Ganga,Damodar,Barakar,-,Barakar,23.75972222,80.01111111,2023-08-19 08:30:00,4.6
176,Nandadih,Damodar Valley Corporation(DVC),10,Bihar,210,NAWADA,GOBINDPUR,-,-,Ganga,Ganga,Damodar,Barakar,-,Barakar,23.75972222,80.01111111,2023-08-20 08:30:00,4.2
177,Nandadih,Damodar Valley Corporation(DVC),10,Bihar,210,NAWADA,GOBINDPUR,-,-,Ganga,Ganga,Damodar,Barakar,-,Barakar,23.75972222,80.01111111,2023-08-23 08:30:00,4.0
178,Nandadih,Damodar Valley Corporation(DVC),10,Bihar,210,NAWADA,GOBINDPUR,-,-,Ganga,Ganga,Damodar,Barakar,-,Barakar,23.75972222,80.01111111,2023-08-24 08:30:00,1.6
179,Nandadih,Damodar Valley Corporation(DVC),10,Bihar,210,NAWADA,GOBINDPUR,-,-,Ganga,Ganga,Damodar,Barakar,-,Barakar,23.75972222,80.01111111,2023-08-25 08:30:00,25.2
180,Nandadih,Damodar Valley Corporation(DVC),10,Bihar,210,NAWADA,GOBINDPUR,-,-,Ganga,Ganga,Damodar,Barakar,-,Barakar,23.75972222,80.01111111,2023-08-26 08:30:00,1.2
181,Nandadih,Damodar Valley Corporation(DVC),10,Bihar,210,NAWADA,GOBINDPUR,-,-,Ganga,Ganga,Damodar,Barakar,-,Barakar,23.75972222,80.01111111,2023-04-09 08:30:00,41.2
182,Nandadih,Damodar Valley Corporation(DVC),10,Bihar,210,NAWADA,GOBINDPUR,-,-,Ganga,Ganga,Damodar,Barakar,-,Barakar,23.75972222,80.01111111,2023-05-09 08:30:00,16.4
183,Nandadih,Damodar Valley Corporation(DVC),10,Bihar,210,NAWADA,GOBINDPUR,-,-,Ganga,Ganga,Damodar,Barakar,-,Barakar,23.75972222,80.01111111,2023-06-09 08:30:00,31.2
184,Nandadih,Damodar Valley Corporation(DVC),10,Bihar,210,NAWADA,GOBINDPUR,-,-,Ganga,Ganga,Damodar,Barakar,-,Barakar,23.75972222,80.01111111,2023-07-09 08:30:00,6.2
185,Nandadih,Damodar Valley Corporation(DVC),10,Bihar,210,NAWADA,GOBINDPUR,-,-,Ganga,Ganga,Damodar,Barakar,-,Barakar,23.75972222,80.01111111,2023-08-09 08:30:00,99.2
186,Nandadih,Damodar Valley Corporation(DVC),10,Bihar,210,NAWADA,GOBINDPUR,-,-,Ganga,Ganga,Damodar,Barakar,-,Barakar,23.75972222,80.01111111,2023-09-09 08:30:00,154.6
187,Nandadih,Damodar Valley Corporation(DVC),10,Bihar,210,NAWADA,GOBINDPUR,-,-,Ganga,Ganga,Damodar,Barakar,-,Barakar,23.75972222,80.01111111,2023-10-09 08:30:00,1.4
188,Nandadih,Damodar Valley Corporation(DVC),10,Bihar,210,NAWADA,GOBINDPUR,-,-,Ganga,Ganga,Damodar,Barakar,-,Barakar,23.75972222,80.01111111,2023-09-15 08:30:00,28.4
189,Nandadih,Damodar Valley Corporation(DVC),10,Bihar,210,NAWADA,GOBINDPUR,-,-,Ganga,Ganga,Damodar,Barakar,-,Barakar,23.75972222,80.01111111,2023-09-19 08:30:00,22.2
190,Nandadih,Damodar Valley Corporation(DVC),10,Bihar,210,NAWADA,GOBINDPUR,-,-,Ganga,Ganga,Damodar,Barakar,-,Barakar,23.75972222,80.01111111,2023-09-20 08:30:00,15.6
191,Nandadih,Damodar Valley Corporation(DVC),10,Bihar,210,NAWADA,GOBINDPUR,-,-,Ganga,Ganga,Damodar,Barakar,-,Barakar,23.75972222,80.01111111,2023-09-21 08:30:00,22.2
192,Nandadih,Damodar Valley Corporation(DVC),10,Bihar,210,NAWADA,GOBINDPUR,-,-,Ganga,Ganga,Damodar,Barakar,-,Barakar,23.75972222,80.01111111,2023-09-22 08:30:00,25.4
193,Nandadih,Damodar Valley Corporation(DVC),10,Bihar,210,NAWADA,GOBINDPUR,-,-,Ganga,Ganga,Damodar,Barakar,-,Barakar,23.75972222,80.01111111,2023-09-23 08:30:00,2.2
194,Nandadih,Damodar Valley Corporation(DVC),10,Bihar,210,NAWADA,GOBINDPUR,-,-,Ganga,Ganga,Damodar,Barakar,-,Barakar,23.75972222,80.01111111,2023-09-24 08:30:00,9.4
195,Nandadih,Damodar Valley Corporation(DVC),10,Bihar,210,NAWADA,GOBINDPUR,-,-,Ganga,Ganga,Damodar,Barakar,-,Barakar,23.75972222,80.01111111,2023-09-25 08:30:00,3.4
196,Nandadih,Damodar Valley Corporation(DVC),10,Bihar,210,NAWADA,GOBINDPUR,-,-,Ganga,Ganga,Damodar,Barakar,-,Barakar,23.75972222,80.01111111,2023-09-30 08:30:00,27.6
197,Nandadih,Damodar Valley Corporation(DVC),10,Bihar,210,NAWADA,GOBINDPUR,-,-,Ganga,Ganga,Damodar,Barakar,-,Barakar,23.75972222,80.01111111,2023-01-10 08:30:00,93.2
198,Nandadih,Damodar Valley Corporation(DVC),10,Bihar,210,NAWADA,GOBINDPUR,-,-,Ganga,Ganga,Damodar,Barakar,-,Barakar,23.75972222,80.01111111,2023-02-10 08:30:00,59.0
199,Nandadih,Damodar Valley Corporation(DVC),10,Bihar,210,NAWADA,GOBINDPUR,-,-,Ganga,Ganga,Damodar,Barakar,-,Barakar,23.75972222,80.01111111,2023-03-10 08:30:00,11.6
200,Nandadih,Damodar Valley Corporation(DVC),10,Bihar,210,NAWADA,GOBINDPUR,-,-,Ganga,Ganga,Damodar,Barakar,-,Barakar,23.75972222,80.01111111,2023-04-10 08:30:00,23.2
201,Nandadih,Damodar Valley Corporation(DVC),10,Bihar,210,NAWADA,GOBINDPUR,-,-,Ganga,Ganga,Damodar,Barakar,-,Barakar,23.75972222,80.01111111,2023-05-10 08:30:00,17.0
202,Nandadih,Damodar Valley Corporation(DVC),10,Bihar,210,NAWADA,GOBINDPUR,-,-,Ganga,Ganga,Damodar,Barakar,-,Barakar,23.75972222,80.01111111,2023-06-10 08:30:00,5.2
203,Nandadih,Damodar Valley Corporation(DVC),10,Bihar,210,NAWADA,GOBINDPUR,-,-,Ganga,Ganga,Damodar,Barakar,-,Barakar,23.75972222,80.01111111,2023-09-10 08:30:00,1.8
