SlNo,Station,Agency,State LGD Code,State,District LGD Code,District,Tehsil,Block,Village,River,Basin,Tributary,Subtributary,SubSubtributary,Local River,Latitude,Longitude,RL_MSL,Data Acquisition Time,Groundwater Level Telemetry Quadridaily (meter)
1,Baurhai Khurd_1,CGWB,3,Punjab,43,SANGRUR,-,-,-,-,-,-,-,-,-,30.62555556,76.84944444,,2000-01-01 00:02:00,39.972
2,Baurhai Khurd_1,CGWB,3,Punjab,43,SANGRUR,-,-,-,-,-,-,-,-,-,30.62555556,76.84944444,,2000-01-01 00:03:00,39.975
3,Baurhai Khurd_1,CGWB,3,Punjab,43,SANGRUR,-,-,-,-,-,-,-,-,-,30.62555556,76.84944444,,2000-01-01 00:04:00,39.967
4,Baurhai Khurd_1,CGWB,3,Punjab,43,SANGRUR,-,-,-,-,-,-,-,-,-,30.62555556,76.84944444,,2000-01-01 00:05:00,39.972
5,Baurhai Khurd_1,CGWB,3,Punjab,43,SANGRUR,-,-,-,-,-,-,-,-,-,30.62555556,76.84944444,,2000-01-01 00:06:00,39.98
6,Baurhai Khurd_1,CGWB,3,Punjab,43,SANGRUR,-,-,-,-,-,-,-,-,-,30.62555556,76.84944444,,2000-01-01 00:07:00,39.983
7,Baurhai Khurd_1,CGWB,3,Punjab,43,SANGRUR,-,-,-,-,-,-,-,-,-,30.62555556,76.84944444,,2000-01-01 00:08:00,39.985
8,Baurhai Khurd_1,CGWB,3,Punjab,43,SANGRUR,-,-,-,-,-,-,-,-,-,30.62555556,76.84944444,,2000-01-01 00:09:00,39.985
9,Baurhai Khurd_1,CGWB,3,Punjab,43,SANGRUR,-,-,-,-,-,-,-,-,-,30.62555556,76.84944444,,2000-01-01 00:10:00,39.983
10,Baurhai Khurd_1,CGWB,3,Punjab,43,SANGRUR,-,-,-,-,-,-,-,-,-,30.62555556,76.84944444,,2000-01-01 00:11:00,39.99
11,Baurhai Khurd_1,CGWB,3,Punjab,43,SANGRUR,-,-,-,-,-,-,-,-,-,30.62555556,76.84944444,,2000-01-01 00:12:00,39.988
12,Baurhai Khurd_1,CGWB,3,Punjab,43,SANGRUR,-,-,-,-,-,-,-,-,-,30.62555556,76.84944444,,2000-01-01 00:13:00,39.99
13,Baurhai Khurd_1,CGWB,3,Punjab,43,SANGRUR,-,-,-,-,-,-,-,-,-,30.62555556,76.84944444,,2000-01-01 00:14:00,39.992
14,Baurhai Khurd_1,CGWB,3,Punjab,43,SANGRUR,-,-,-,-,-,-,-,-,-,30.62555556,76.84944444,,2000-01-01 00:15:00,39.987
15,Baurhai Khurd_1,CGWB,3,Punjab,43,SANGRUR,-,-,-,-,-,-,-,-,-,30.62555556,76.84944444,,2000-01-01 00:16:00,39.99
16,Baurhai Khurd_1,CGWB,3,Punjab,43,SANGRUR,-,-,-,-,-,-,-,-,-,30.62555556,76.84944444,,2000-01-01 00:17:00,39.995
17,Baurhai Khurd_1,CGWB,3,Punjab,43,SANGRUR,-,-,-,-,-,-,-,-,-,30.62555556,76.84944444,,2000-01-01 00:18:00,39.99
18,Baurhai Khurd_1,CGWB,3,Punjab,43,SANGRUR,-,-,-,-,-,-,-,-,-,30.62555556,76.84944444,,2000-01-01 00:19:00,39.985
19,Baurhai Khurd_1,CGWB,3,Punjab,43,SANGRUR,-,-,-,-,-,-,-,-,-,30.62555556,76.84944444,,2000-01-01 00:20:00,39.99
20,Baurhai Khurd_1,CGWB,3,Punjab,43,SANGRUR,-,-,-,-,-,-,-,-,-,30.62555556,76.84944444,,2000-01-01 00:21:00,39.992
21,Baurhai Khurd_1,CGWB,3,Punjab,43,SANGRUR,-,-,-,-,-,-,-,-,-,30.62555556,76.84944444,,2000-01-01 00:22:00,39.99
22,Baurhai Khurd_1,CGWB,3,Punjab,43,SANGRUR,-,-,-,-,-,-,-,-,-,30.62555556,76.84944444,,2000-01-01 00:23:00,39.99
23,Baurhai Khurd_1,CGWB,3,Punjab,43,SANGRUR,-,-,-,-,-,-,-,-,-,30.62555556,76.84944444,,2000-01-01 00:24:00,39.992
24,Baurhai Khurd_1,CGWB,3,Punjab,43,SANGRUR,-,-,-,-,-,-,-,-,-,30.62555556,76.84944444,,2000-01-01 00:25:00,39.995
25,Baurhai Khurd_1,CGWB,3,Punjab,43,SANGRUR,-,-,-,-,-,-,-,-,-,30.62555556,76.84944444,,2000-01-01 00:26:00,39.995
26,Baurhai Khurd_1,CGWB,3,Punjab,43,SANGRUR,-,-,-,-,-,-,-,-,-,30.62555556,76.84944444,,2000-01-01 00:27:00,40.0
27,Baurhai Khurd_1,CGWB,3,Punjab,43,SANGRUR,-,-,-,-,-,-,-,-,-,30.62555556,76.84944444,,2000-01-01 00:28:00,40.0
28,Baurhai Khurd_1,CGWB,3,Punjab,43,SANGRUR,-,-,-,-,-,-,-,-,-,30.62555556,76.84944444,,2000-01-01 00:29:00,39.995
29,Baurhai Khurd_1,CGWB,3,Punjab,43,SANGRUR,-,-,-,-,-,-,-,-,-,30.62555556,76.84944444,,2000-01-01 00:30:00,40.003
30,Baurhai Khurd_1,CGWB,3,Punjab,43,SANGRUR,-,-,-,-,-,-,-,-,-,30.62555556,76.84944444,,2000-01-01 00:31:00,40.003
31,Baurhai Khurd_1,CGWB,3,Punjab,43,SANGRUR,-,-,-,-,-,-,-,-,-,30.62555556,76.84944444,,2000-01-01 00:32:00,40.0
32,Baurhai Khurd_1,CGWB,3,Punjab,43,SANGRUR,-,-,-,-,-,-,-,-,-,30.62555556,76.84944444,,2000-01-01 00:33:00,40.0
33,Baurhai Khurd_1,CGWB,3,Punjab,43,SANGRUR,-,-,-,-,-,-,-,-,-,30.62555556,76.84944444,,2000-01-01 00:34:00,40.005
34,Baurhai Khurd_1,CGWB,3,Punjab,43,SANGRUR,-,-,-,-,-,-,-,-,-,30.62555556,76.84944444,,2000-01-01 00:35:00,40.005
35,Baurhai Khurd_1,CGWB,3,Punjab,43,SANGRUR,-,-,-,-,-,-,-,-,-,30.62555556,76.84944444,,2000-01-01 00:36:00,40.007
36,Baurhai Khurd_1,CGWB,3,Punjab,43,SANGRUR,-,-,-,-,-,-,-,-,-,30.62555556,76.84944444,,2000-01-01 00:37:00,40.007
37,Baurhai Khurd_1,CGWB,3,Punjab,43,SANGRUR,-,-,-,-,-,-,-,-,-,30.62555556,76.84944444,,2000-01-01 00:38:00,40.01
38,Baurhai Khurd_1,CGWB,3,Punjab,43,SANGRUR,-,-,-,-,-,-,-,-,-,30.62555556,76.84944444,,2000-01-01 00:39:00,40.002
39,Baurhai Khurd_1,CGWB,3,Punjab,43,SANGRUR,-,-,-,-,-,-,-,-,-,30.62555556,76.84944444,,2000-01-01 00:40:00,40.005
40,Baurhai Khurd_1,CGWB,3,Punjab,43,SANGRUR,-,-,-,-,-,-,-,-,-,30.62555556,76.84944444,,2000-01-01 00:41:00,40.007
41,Baurhai Khurd_1,CGWB,3,Punjab,43,SANGRUR,-,-,-,-,-,-,-,-,-,30.62555556,76.84944444,,2000-01-01 00:42:00,40.007
42,Baurhai Khurd_1,CGWB,3,Punjab,43,SANGRUR,-,-,-,-,-,-,-,-,-,30.62555556,76.84944444,,2000-01-01 00:43:00,40.012
43,Baurhai Khurd_1,CGWB,3,Punjab,43,SANGRUR,-,-,-,-,-,-,-,-,-,30.62555556,76.84944444,,2000-01-01 00:44:00,40.009
44,Baurhai Khurd_1,CGWB,3,Punjab,43,SANGRUR,-,-,-,-,-,-,-,-,-,30.62555556,76.84944444,,2000-01-01 00:45:00,40.009
45,Baurhai Khurd_1,CGWB,3,Punjab,43,SANGRUR,-,-,-,-,-,-,-,-,-,30.62555556,76.84944444,,2000-01-01 00:46:00,40.009
46,Baurhai Khurd_1,CGWB,3,Punjab,43,SANGRUR,-,-,-,-,-,-,-,-,-,30.62555556,76.84944444,,2000-01-01 00:47:00,40.009
47,Baurhai Khurd_1,CGWB,3,Punjab,43,SANGRUR,-,-,-,-,-,-,-,-,-,30.62555556,76.84944444,,2000-01-01 00:48:00,40.012
48,Baurhai Khurd_1,CGWB,3,Punjab,43,SANGRUR,-,-,-,-,-,-,-,-,-,30.62555556,76.84944444,,2000-01-01 00:49:00,40.014
49,Baurhai Khurd_1,CGWB,3,Punjab,43,SANGRUR,-,-,-,-,-,-,-,-,-,30.62555556,76.84944444,,2000-01-01 00:50:00,40.012
50,Baurhai Khurd_1,CGWB,3,Punjab,43,SANGRUR,-,-,-,-,-,-,-,-,-,30.62555556,76.84944444,,2000-01-01 00:51:00,40.014
51,Baurhai Khurd_1,CGWB,3,Punjab,43,SANGRUR,-,-,-,-,-,-,-,-,-,30.62555556,76.84944444,,2000-01-01 00:52:00,40.004
52,Baurhai Khurd_1,CGWB,3,Punjab,43,SANGRUR,-,-,-,-,-,-,-,-,-,30.62555556,76.84944444,,2000-01-01 00:53:00,40.012
53,Baurhai Khurd_1,CGWB,3,Punjab,43,SANGRUR,-,-,-,-,-,-,-,-,-,30.62555556,76.84944444,,2000-01-01 00:54:00,40.012
54,Baurhai Khurd_1,CGWB,3,Punjab,43,SANGRUR,-,-,-,-,-,-,-,-,-,30.62555556,76.84944444,,2000-01-01 00:55:00,40.006
55,Baurhai Khurd_1,CGWB,3,Punjab,43,SANGRUR,-,-,-,-,-,-,-,-,-,30.62555556,76.84944444,,2000-01-01 00:56:00,40.003
56,Baurhai Khurd_1,CGWB,3,Punjab,43,SANGRUR,-,-,-,-,-,-,-,-,-,30.62555556,76.84944444,,2000-01-01 00:57:00,40.004
57,Baurhai Khurd_1,CGWB,3,Punjab,43,SANGRUR,-,-,-,-,-,-,-,-,-,30.62555556,76.84944444,,2000-01-01 00:58:00,40.0
58,Baurhai Khurd_1,CGWB,3,Punjab,43,SANGRUR,-,-,-,-,-,-,-,-,-,30.62555556,76.84944444,,2000-01-01 00:59:00,40.003
59,Baurhai Khurd_1,CGWB,3,Punjab,43,SANGRUR,-,-,-,-,-,-,-,-,-,30.62555556,76.84944444,,2000-01-01 01:00:00,40.007
60,Baurhai Khurd_1,CGWB,3,Punjab,43,SANGRUR,-,-,-,-,-,-,-,-,-,30.62555556,76.84944444,,2000-01-01 01:01:00,40.009
61,Baurhai Khurd_1,CGWB,3,Punjab,43,SANGRUR,-,-,-,-,-,-,-,-,-,30.62555556,76.84944444,,2000-01-01 01:02:00,40.002
62,Baurhai Khurd_1,CGWB,3,Punjab,43,SANGRUR,-,-,-,-,-,-,-,-,-,30.62555556,76.84944444,,2000-01-01 01:03:00,40.002
63,Baurhai Khurd_1,CGWB,3,Punjab,43,SANGRUR,-,-,-,-,-,-,-,-,-,30.62555556,76.84944444,,2000-01-01 01:04:00,40.002
64,Baurhai Khurd_1,CGWB,3,Punjab,43,SANGRUR,-,-,-,-,-,-,-,-,-,30.62555556,76.84944444,,2000-01-01 01:05:00,40.005
65,Baurhai Khurd_1,CGWB,3,Punjab,43,SANGRUR,-,-,-,-,-,-,-,-,-,30.62555556,76.84944444,,2000-01-01 01:06:00,40.013
66,Baurhai Khurd_1,CGWB,3,Punjab,43,SANGRUR,-,-,-,-,-,-,-,-,-,30.62555556,76.84944444,,2000-01-01 01:07:00,39.995
67,Baurhai Khurd_1,CGWB,3,Punjab,43,SANGRUR,-,-,-,-,-,-,-,-,-,30.62555556,76.84944444,,2000-01-01 01:08:00,39.982
68,Baurhai Khurd_1,CGWB,3,Punjab,43,SANGRUR,-,-,-,-,-,-,-,-,-,30.62555556,76.84944444,,2000-01-01 01:09:00,39.973
69,Baurhai Khurd_1,CGWB,3,Punjab,43,SANGRUR,-,-,-,-,-,-,-,-,-,30.62555556,76.84944444,,2000-01-01 01:20:00,30.72
70,Baurhai Khurd_1,CGWB,3,Punjab,43,SANGRUR,-,-,-,-,-,-,-,-,-,30.62555556,76.84944444,,2000-01-01 06:00:00,30.592
71,Baurhai Khurd_1,CGWB,3,Punjab,43,SANGRUR,-,-,-,-,-,-,-,-,-,30.62555556,76.84944444,,2000-02-01 00:00:00,31.079
72,Baurhai Khurd_1,CGWB,3,Punjab,43,SANGRUR,-,-,-,-,-,-,-,-,-,30.62555556,76.84944444,,2000-03-01 00:00:00,31.056
73,Baurhai Khurd_1,CGWB,3,Punjab,43,SANGRUR,-,-,-,-,-,-,-,-,-,30.62555556,76.84944444,,2000-07-01 00:00:00,30.769
74,Baurhai Khurd_1,CGWB,3,Punjab,43,SANGRUR,-,-,-,-,-,-,-,-,-,30.62555556,76.84944444,,2000-08-01 00:00:00,30.8
75,Baurhai Khurd_1,CGWB,3,Punjab,43,SANGRUR,-,-,-,-,-,-,-,-,-,30.62555556,76.84944444,,2000-09-01 00:00:00,30.285
76,Baurhai Khurd_1,CGWB,3,Punjab,43,SANGRUR,-,-,-,-,-,-,-,-,-,30.62555556,76.84944444,,2000-11-01 00:00:00,31.023
77,Baurhai Khurd_1,CGWB,3,Punjab,43,SANGRUR,-,-,-,-,-,-,-,-,-,30.62555556,76.84944444,,2000-01-17 00:00:00,31.414
78,Baurhai Khurd_1,CGWB,3,Punjab,43,SANGRUR,-,-,-,-,-,-,-,-,-,30.62555556,76.84944444,,2000-01-19 00:00:00,31.573
79,Baurhai Khurd_1,CGWB,3,Punjab,43,SANGRUR,-,-,-,-,-,-,-,-,-,30.62555556,76.84944444,,2000-01-20 00:00:00,31.662
80,Baurhai Khurd_1,CGWB,3,Punjab,43,SANGRUR,-,-,-,-,-,-,-,-,-,30.62555556,76.84944444,,2000-01-25 00:00:00,32.035
81,Baurhai Khurd_1,CGWB,3,Punjab,43,SANGRUR,-,-,-,-,-,-,-,-,-,30.62555556,76.84944444,,2000-01-26 00:00:00,32.02
82,Baurhai Khurd_1,CGWB,3,Punjab,43,SANGRUR,-,-,-,-,-,-,-,-,-,30.62555556,76.84944444,,2000-01-27 00:00:00,32.099
83,Baurhai Khurd_1,CGWB,3,Punjab,43,SANGRUR,-,-,-,-,-,-,-,-,-,30.62555556,76.84944444,,2000-01-28 00:00:00,31.7
84,Baurhai Khurd_1,CGWB,3,Punjab,43,SANGRUR,-,-,-,-,-,-,-,-,-,30.62555556,76.84944444,,2000-01-29 00:00:00,32.289
85,Baurhai Khurd_1,CGWB,3,Punjab,43,SANGRUR,-,-,-,-,-,-,-,-,-,30.62555556,76.84944444,,2000-01-29 06:00:00,31.807
86,Baurhai Khurd_1,CGWB,3,Punjab,43,SANGRUR,-,-,-,-,-,-,-,-,-,30.62555556,76.84944444,,2000-01-30 00:00:00,32.363
87,Baurhai Khurd_1,CGWB,3,Punjab,43,SANGRUR,-,-,-,-,-,-,-,-,-,30.62555556,76.84944444,,2000-01-31 00:00:00,32.418
88,Baurhai Khurd_1,CGWB,3,Punjab,43,SANGRUR,-,-,-,-,-,-,-,-,-,30.62555556,76.84944444,,2000-01-02 00:00:00,32.182
89,Baurhai Khurd_1,CGWB,3,Punjab,43,SANGRUR,-,-,-,-,-,-,-,-,-,30.62555556,76.84944444,,2000-02-02 00:00:00,32.517
90,Baurhai Khurd_1,CGWB,3,Punjab,43,SANGRUR,-,-,-,-,-,-,-,-,-,30.62555556,76.84944444,,2000-04-02 00:00:00,32.624
91,Baurhai Khurd_1,CGWB,3,Punjab,43,SANGRUR,-,-,-,-,-,-,-,-,-,30.62555556,76.84944444,,2000-05-02 00:00:00,32.626
92,Baurhai Khurd_1,CGWB,3,Punjab,43,SANGRUR,-,-,-,-,-,-,-,-,-,30.62555556,76.84944444,,2000-06-02 00:00:00,32.593
93,Baurhai Khurd_1,CGWB,3,Punjab,43,SANGRUR,-,-,-,-,-,-,-,-,-,30.62555556,76.84944444,,2000-07-02 00:00:00,32.631
94,Baurhai Khurd_1,CGWB,3,Punjab,43,SANGRUR,-,-,-,-,-,-,-,-,-,30.62555556,76.84944444,,2000-08-02 00:00:00,32.705
95,Baurhai Khurd_1,CGWB,3,Punjab,43,SANGRUR,-,-,-,-,-,-,-,-,-,30.62555556,76.84944444,,2000-09-02 00:00:00,32.798
96,Baurhai Khurd_1,CGWB,3,Punjab,43,SANGRUR,-,-,-,-,-,-,-,-,-,30.62555556,76.84944444,,2000-10-02 00:00:00,32.836
97,Baurhai Khurd_1,CGWB,3,Punjab,43,SANGRUR,-,-,-,-,-,-,-,-,-,30.62555556,76.84944444,,2000-11-02 00:00:00,32.849
98,Baurhai Khurd_1,CGWB,3,Punjab,43,SANGRUR,-,-,-,-,-,-,-,-,-,30.62555556,76.84944444,,2000-12-02 00:00:00,32.918
99,Baurhai Khurd_1,CGWB,3,Punjab,43,SANGRUR,-,-,-,-,-,-,-,-,-,30.62555556,76.84944444,,2000-02-13 00:00:00,32.991
100,Baurhai Khurd_1,CGWB,3,Punjab,43,SANGRUR,-,-,-,-,-,-,-,-,-,30.62555556,76.84944444,,2000-02-14 00:00:00,32.562
101,Baurhai Khurd_1,CGWB,3,Punjab,43,SANGRUR,-,-,-,-,-,-,-,-,-,30.62555556,76.84944444,,2000-02-14 06:00:00,32.458
102,Baurhai Khurd_1,CGWB,3,Punjab,43,SANGRUR,-,-,-,-,-,-,-,-,-,30.62555556,76.84944444,,2000-02-16 00:00:00,33.04
103,Baurhai Khurd_1,CGWB,3,Punjab,43,SANGRUR,-,-,-,-,-,-,-,-,-,30.62555556,76.84944444,,2000-02-17 00:00:00,33.093
104,Baurhai Khurd_1,CGWB,3,Punjab,43,SANGRUR,-,-,-,-,-,-,-,-,-,30.62555556,76.84944444,,2000-02-17 06:00:00,32.684
105,Baurhai Khurd_1,CGWB,3,Punjab,43,SANGRUR,-,-,-,-,-,-,-,-,-,30.62555556,76.84944444,,2000-02-18 00:00:00,33.111
106,Baurhai Khurd_1,CGWB,3,Punjab,43,SANGRUR,-,-,-,-,-,-,-,-,-,30.62555556,76.84944444,,2000-02-19 00:00:00,33.05
107,Baurhai Khurd_1,CGWB,3,Punjab,43,SANGRUR,-,-,-,-,-,-,-,-,-,30.62555556,76.84944444,,2000-02-19 06:00:00,32.73
108,Baurhai Khurd_1,CGWB,3,Punjab,43,SANGRUR,-,-,-,-,-,-,-,-,-,30.62555556,76.84944444,,2000-02-19 12:00:00,32.842
109,ManewalS,CGWB,3,Punjab,36,LUDHIANA,-,-,-,-,-,-,-,-,-,30.93777778,76.16214167,,2000-01-01 00:02:00,36.185
110,ManewalS,CGWB,3,Punjab,36,LUDHIANA,-,-,-,-,-,-,-,-,-,30.93777778,76.16214167,,2000-01-01 00:03:00,36.182
111,ManewalS,CGWB,3,Punjab,36,LUDHIANA,-,-,-,-,-,-,-,-,-,30.93777778,76.16214167,,2000-01-01 00:04:00,36.18
112,ManewalS,CGWB,3,Punjab,36,LUDHIANA,-,-,-,-,-,-,-,-,-,30.93777778,76.16214167,,2000-01-01 00:05:00,36.175
113,ManewalS,CGWB,3,Punjab,36,LUDHIANA,-,-,-,-,-,-,-,-,-,30.93777778,76.16214167,,2000-01-01 00:06:00,36.175
114,ManewalS,CGWB,3,Punjab,36,LUDHIANA,-,-,-,-,-,-,-,-,-,30.93777778,76.16214167,,2000-01-01 00:07:00,36.175
115,ManewalS,CGWB,3,Punjab,36,LUDHIANA,-,-,-,-,-,-,-,-,-,30.93777778,76.16214167,,2000-01-01 00:08:00,36.175
116,ManewalS,CGWB,3,Punjab,36,LUDHIANA,-,-,-,-,-,-,-,-,-,30.93777778,76.16214167,,2000-01-01 00:09:00,36.177
117,Punjab PATIALA Nabha Dulladi S,CGWB,3,Punjab,41,PATIALA,NABHA,NABHA,Nabha,-,-,-,-,-,-,30.38279167,76.1342,,1999-01-12 06:00:00,-35.249
118,Punjab PATIALA Nabha Dulladi S,CGWB,3,Punjab,41,PATIALA,NABHA,NABHA,Nabha,-,-,-,-,-,-,30.38279167,76.1342,,1999-01-12 12:00:00,-35.12
119,Punjab PATIALA Nabha Dulladi S,CGWB,3,Punjab,41,PATIALA,NABHA,NABHA,Nabha,-,-,-,-,-,-,30.38279167,76.1342,,1999-01-12 18:00:00,-35.115
120,Punjab PATIALA Nabha Dulladi S,CGWB,3,Punjab,41,PATIALA,NABHA,NABHA,Nabha,-,-,-,-,-,-,30.38279167,76.1342,,1999-02-12 00:00:00,-35.163
121,Punjab PATIALA Nabha Dulladi S,CGWB,3,Punjab,41,PATIALA,NABHA,NABHA,Nabha,-,-,-,-,-,-,30.38279167,76.1342,,1999-02-12 06:00:00,-35.48
122,Punjab PATIALA Nabha Dulladi S,CGWB,3,Punjab,41,PATIALA,NABHA,NABHA,Nabha,-,-,-,-,-,-,30.38279167,76.1342,,1999-02-12 12:00:00,-35.186
123,Punjab PATIALA Nabha Dulladi S,CGWB,3,Punjab,41,PATIALA,NABHA,NABHA,Nabha,-,-,-,-,-,-,30.38279167,76.1342,,1999-02-12 18:00:00,-34.932
124,Punjab PATIALA Nabha Dulladi S,CGWB,3,Punjab,41,PATIALA,NABHA,NABHA,Nabha,-,-,-,-,-,-,30.38279167,76.1342,,1999-03-12 00:00:00,-35.492
125,Punjab PATIALA Nabha Dulladi S,CGWB,3,Punjab,41,PATIALA,NABHA,NABHA,Nabha,-,-,-,-,-,-,30.38279167,76.1342,,1999-03-12 06:00:00,-35.07
126,Punjab PATIALA Nabha Dulladi S,CGWB,3,Punjab,41,PATIALA,NABHA,NABHA,Nabha,-,-,-,-,-,-,30.38279167,76.1342,,1999-03-12 12:00:00,-34.98
127,Punjab PATIALA Nabha Dulladi S,CGWB,3,Punjab,41,PATIALA,NABHA,NABHA,Nabha,-,-,-,-,-,-,30.38279167,76.1342,,1999-03-12 18:00:00,-35.044
128,Punjab PATIALA Nabha Dulladi S,CGWB,3,Punjab,41,PATIALA,NABHA,NABHA,Nabha,-,-,-,-,-,-,30.38279167,76.1342,,1999-04-12 00:00:00,-34.96
129,Punjab PATIALA Nabha Dulladi S,CGWB,3,Punjab,41,PATIALA,NABHA,NABHA,Nabha,-,-,-,-,-,-,30.38279167,76.1342,,1999-04-12 06:00:00,-35.007
130,Punjab PATIALA Nabha Dulladi S,CGWB,3,Punjab,41,PATIALA,NABHA,NABHA,Nabha,-,-,-,-,-,-,30.38279167,76.1342,,1999-04-12 12:00:00,-35.154
131,Punjab PATIALA Nabha Dulladi S,CGWB,3,Punjab,41,PATIALA,NABHA,NABHA,Nabha,-,-,-,-,-,-,30.38279167,76.1342,,1999-04-12 18:00:00,-35.033
132,Punjab PATIALA Nabha Dulladi S,CGWB,3,Punjab,41,PATIALA,NABHA,NABHA,Nabha,-,-,-,-,-,-,30.38279167,76.1342,,1999-05-12 00:00:00,-34.97
133,Punjab PATIALA Nabha Dulladi S,CGWB,3,Punjab,41,PATIALA,NABHA,NABHA,Nabha,-,-,-,-,-,-,30.38279167,76.1342,,1999-05-12 06:00:00,-35.152
134,Punjab PATIALA Nabha Dulladi S,CGWB,3,Punjab,41,PATIALA,NABHA,NABHA,Nabha,-,-,-,-,-,-,30.38279167,76.1342,,1999-05-12 12:00:00,-35.132
135,Punjab PATIALA Nabha Dulladi S,CGWB,3,Punjab,41,PATIALA,NABHA,NABHA,Nabha,-,-,-,-,-,-,30.38279167,76.1342,,1999-05-12 18:00:00,-35.009
136,Punjab PATIALA Nabha Dulladi S,CGWB,3,Punjab,41,PATIALA,NABHA,NABHA,Nabha,-,-,-,-,-,-,30.38279167,76.1342,,1999-06-12 00:00:00,-35.052
137,Punjab PATIALA Nabha Dulladi S,CGWB,3,Punjab,41,PATIALA,NABHA,NABHA,Nabha,-,-,-,-,-,-,30.38279167,76.1342,,1999-06-12 06:00:00,-35.069
138,Punjab PATIALA Nabha Dulladi S,CGWB,3,Punjab,41,PATIALA,NABHA,NABHA,Nabha,-,-,-,-,-,-,30.38279167,76.1342,,1999-06-12 12:00:00,-35.073
139,Punjab PATIALA Nabha Dulladi S,CGWB,3,Punjab,41,PATIALA,NABHA,NABHA,Nabha,-,-,-,-,-,-,30.38279167,76.1342,,1999-06-12 18:00:00,-34.977
140,Punjab PATIALA Nabha Dulladi S,CGWB,3,Punjab,41,PATIALA,NABHA,NABHA,Nabha,-,-,-,-,-,-,30.38279167,76.1342,,1999-07-12 00:00:00,-35.009
141,Punjab PATIALA Nabha Dulladi S,CGWB,3,Punjab,41,PATIALA,NABHA,NABHA,Nabha,-,-,-,-,-,-,30.38279167,76.1342,,1999-07-12 06:00:00,-35.008
142,Punjab PATIALA Nabha Dulladi S,CGWB,3,Punjab,41,PATIALA,NABHA,NABHA,Nabha,-,-,-,-,-,-,30.38279167,76.1342,,1999-07-12 12:00:00,-34.998
143,Punjab PATIALA Nabha Dulladi S,CGWB,3,Punjab,41,PATIALA,NABHA,NABHA,Nabha,-,-,-,-,-,-,30.38279167,76.1342,,1999-07-12 18:00:00,-34.901
144,Punjab PATIALA Nabha Dulladi S,CGWB,3,Punjab,41,PATIALA,NABHA,NABHA,Nabha,-,-,-,-,-,-,30.38279167,76.1342,,1999-08-12 00:00:00,-34.965
145,Punjab PATIALA Nabha Dulladi S,CGWB,3,Punjab,41,PATIALA,NABHA,NABHA,Nabha,-,-,-,-,-,-,30.38279167,76.1342,,1999-08-12 06:00:00,-35.127
146,Punjab PATIALA Nabha Dulladi S,CGWB,3,Punjab,41,PATIALA,NABHA,NABHA,Nabha,-,-,-,-,-,-,30.38279167,76.1342,,1999-08-12 12:00:00,-35.035
147,Punjab PATIALA Nabha Dulladi S,CGWB,3,Punjab,41,PATIALA,NABHA,NABHA,Nabha,-,-,-,-,-,-,30.38279167,76.1342,,1999-08-12 18:00:00,-34.871
148,Punjab PATIALA Nabha Dulladi S,CGWB,3,Punjab,41,PATIALA,NABHA,NABHA,Nabha,-,-,-,-,-,-,30.38279167,76.1342,,1999-09-12 00:00:00,-35.015
149,Punjab PATIALA Nabha Dulladi S,CGWB,3,Punjab,41,PATIALA,NABHA,NABHA,Nabha,-,-,-,-,-,-,30.38279167,76.1342,,1999-09-12 06:00:00,-35.106
150,Punjab PATIALA Nabha Dulladi S,CGWB,3,Punjab,41,PATIALA,NABHA,NABHA,Nabha,-,-,-,-,-,-,30.38279167,76.1342,,1999-09-12 12:00:00,-35.017
151,Punjab PATIALA Nabha Dulladi S,CGWB,3,Punjab,41,PATIALA,NABHA,NABHA,Nabha,-,-,-,-,-,-,30.38279167,76.1342,,1999-09-12 18:00:00,-34.856
152,Punjab PATIALA Nabha Dulladi S,CGWB,3,Punjab,41,PATIALA,NABHA,NABHA,Nabha,-,-,-,-,-,-,30.38279167,76.1342,,1999-10-12 00:00:00,-35.008
153,Punjab PATIALA Nabha Dulladi S,CGWB,3,Punjab,41,PATIALA,NABHA,NABHA,Nabha,-,-,-,-,-,-,30.38279167,76.1342,,1999-10-12 06:00:00,-34.989
154,Punjab PATIALA Nabha Dulladi S,CGWB,3,Punjab,41,PATIALA,NABHA,NABHA,Nabha,-,-,-,-,-,-,30.38279167,76.1342,,1999-10-12 12:00:00,-35.01
155,Punjab SANGRUR DHURI Ghanauri Kalan-Pz,CGWB,3,Punjab,43,SANGRUR,DHURI,DHURI,Ghanauri Kalan-Pz,-,-,-,-,-,-,30.480831,75.936384,,2001-03-12 18:00:00,-45.676
156,Punjab SANGRUR DHURI Ghanauri Kalan-Pz,CGWB,3,Punjab,43,SANGRUR,DHURI,DHURI,Ghanauri Kalan-Pz,-,-,-,-,-,-,30.480831,75.936384,,2001-04-12 00:00:00,-45.605
157,Punjab SANGRUR DHURI Ghanauri Kalan-Pz,CGWB,3,Punjab,43,SANGRUR,DHURI,DHURI,Ghanauri Kalan-Pz,-,-,-,-,-,-,30.480831,75.936384,,2002-03-04 18:00:00,-49.591
158,Punjab SANGRUR DHURI Ghanauri Kalan-Pz,CGWB,3,Punjab,43,SANGRUR,DHURI,DHURI,Ghanauri Kalan-Pz,-,-,-,-,-,-,30.480831,75.936384,,2002-04-04 00:00:00,-51.69
159,Punjab SANGRUR DHURI Ghanauri Kalan-Pz,CGWB,3,Punjab,43,SANGRUR,DHURI,DHURI,Ghanauri Kalan-Pz,-,-,-,-,-,-,30.480831,75.936384,,2010-05-18 18:00:00,-49.623
160,Punjab SANGRUR DHURI Ghanauri Kalan-Pz,CGWB,3,Punjab,43,SANGRUR,DHURI,DHURI,Ghanauri Kalan-Pz,-,-,-,-,-,-,30.480831,75.936384,,2010-05-19 00:00:00,-50.29
