Station,State,District,Tehsil,Block,River,Basin,Latitude,Longitude,Acquisition_Time,Hourly_Rainfall_mm
Ganeshpura_1,Jammu & Kashmir,ANANTNAG,PAHALGAM,-,Jhelum,Indus,33.903889,75.281944,2026-01-01 14:30:00,0.5
Ganeshpura_1,Jammu & Kashmir,ANANTNAG,PAHALGAM,-,Jhelum,Indus,33.903889,75.281944,2026-01-02 10:30:00,163.0
Ganeshpura_1,Jammu & Kashmir,ANANTNAG,PAHALGAM,-,Jhelum,Indus,33.903889,75.281944,2026-01-12 00:30:00,144.0
Ganeshpura_1,Jammu & Kashmir,ANANTNAG,PAHALGAM,-,Jhelum,Indus,33.903889,75.281944,2026-01-12 18:30:00,168.5
Ganeshpura_1,Jammu & Kashmir,ANANTNAG,PAHALGAM,-,Jhelum,Indus,33.903889,75.281944,2026-01-29 06:30:00,192.0
Ganeshpura_1,Jammu & Kashmir,ANANTNAG,PAHALGAM,-,Jhelum,Indus,33.903889,75.281944,2026-02-03 20:30:00,197.0
Ganeshpura_1,Jammu & Kashmir,ANANTNAG,PAHALGAM,-,Jhelum,Indus,33.903889,75.281944,2026-02-21 03:30:00,80.0
Ganeshpura_1,Jammu & Kashmir,ANANTNAG,PAHALGAM,-,Jhelum,Indus,33.903889,75.281944,2026-02-22 08:30:00,400.0
Ganeshpura_1,Jammu & Kashmir,ANANTNAG,PAHALGAM,-,Jhelum,Indus,33.903889,75.281944,2026-03-01 06:30:00,0.5
Ganeshpura_1,Jammu & Kashmir,ANANTNAG,PAHALGAM,-,Jhelum,Indus,33.903889,75.281944,2026-03-19 04:30:00,0.5
Ganeshpura_1,Jammu & Kashmir,ANANTNAG,PAHALGAM,-,Jhelum,Indus,33.903889,75.281944,2026-03-29 06:30:00,1.0
Ganeshpura_1,Jammu & Kashmir,ANANTNAG,PAHALGAM,-,Jhelum,Indus,33.903889,75.281944,2026-04-09 20:30:00,10.0
Ganeshpura_1,Jammu & Kashmir,ANANTNAG,PAHALGAM,-,Jhelum,Indus,33.903889,75.281944,2026-04-10 19:30:00,184.0
Ganeshpura_1,Jammu & Kashmir,ANANTNAG,PAHALGAM,-,Jhelum,Indus,33.903889,75.281944,2026-04-11 18:30:00,0.5
Ganeshpura_1,Jammu & Kashmir,ANANTNAG,PAHALGAM,-,Jhelum,Indus,33.903889,75.281944,2026-04-11 20:30:00,1.5
Ganeshpura_1,Jammu & Kashmir,ANANTNAG,PAHALGAM,-,Jhelum,Indus,33.903889,75.281944,2026-04-15 03:30:00,0.5
Ganeshpura_1,Jammu & Kashmir,ANANTNAG,PAHALGAM,-,Jhelum,Indus,33.903889,75.281944,2026-04-17 17:30:00,1.0
Ganeshpura_1,Jammu & Kashmir,ANANTNAG,PAHALGAM,-,Jhelum,Indus,33.903889,75.281944,2026-04-18 01:30:00,0.5
Ganeshpura_1,Jammu & Kashmir,ANANTNAG,PAHALGAM,-,Jhelum,Indus,33.903889,75.281944,2026-04-18 02:30:00,2.5
Ganeshpura_1,Jammu & Kashmir,ANANTNAG,PAHALGAM,-,Jhelum,Indus,33.903889,75.281944,2026-04-18 15:00:00,0.5
Ganeshpura_1,Jammu & Kashmir,ANANTNAG,PAHALGAM,-,Jhelum,Indus,33.903889,75.281944,2026-04-19 12:30:00,1.0
Ganeshpura_1,Jammu & Kashmir,ANANTNAG,PAHALGAM,-,Jhelum,Indus,33.903889,75.281944,2026-04-24 21:30:00,0.5
Ganeshpura_1,Jammu & Kashmir,ANANTNAG,PAHALGAM,-,Jhelum,Indus,33.903889,75.281944,2026-04-25 18:30:00,99.0
Ganeshpura_1,Jammu & Kashmir,ANANTNAG,PAHALGAM,-,Jhelum,Indus,33.903889,75.281944,2026-04-28 02:30:00,187.0
Ganeshpura_1,Jammu & Kashmir,ANANTNAG,PAHALGAM,-,Jhelum,Indus,33.903889,75.281944,2026-04-28 15:30:00,0.5
Ganeshpura_1,Jammu & Kashmir,ANANTNAG,PAHALGAM,-,Jhelum,Indus,33.903889,75.281944,2026-04-29 16:30:00,1.0
Ganeshpura_1,Jammu & Kashmir,ANANTNAG,PAHALGAM,-,Jhelum,Indus,33.903889,75.281944,2026-04-29 18:30:00,0.5
Ganeshpura_1,Jammu & Kashmir,ANANTNAG,PAHALGAM,-,Jhelum,Indus,33.903889,75.281944,2026-04-30 13:30:00,259.5
Ganeshpura_1,Jammu & Kashmir,ANANTNAG,PAHALGAM,-,Jhelum,Indus,33.903889,75.281944,2026-05-02 01:30:00,1.0
Ganeshpura_1,Jammu & Kashmir,ANANTNAG,PAHALGAM,-,Jhelum,Indus,33.903889,75.281944,2026-05-12 21:30:00,1.5
Ganeshpura_1,Jammu & Kashmir,ANANTNAG,PAHALGAM,-,Jhelum,Indus,33.903889,75.281944,2026-05-25 17:30:00,0.5
Ganeshpura_1,Jammu & Kashmir,ANANTNAG,PAHALGAM,-,Jhelum,Indus,33.903889,75.281944,2026-06-02 19:30:00,348.5
Rammunshibagh (near Srinagar),Jammu & Kashmir,SRINAGAR,SRINAGAR,-,Jhelum,Indus,34.069444,74.838611,2026-01-14 23:30:00,192.0
Rammunshibagh (near Srinagar),Jammu & Kashmir,SRINAGAR,SRINAGAR,-,Jhelum,Indus,34.069444,74.838611,2026-01-15 10:30:00,36.5
Rammunshibagh (near Srinagar),Jammu & Kashmir,SRINAGAR,SRINAGAR,-,Jhelum,Indus,34.069444,74.838611,2026-01-15 12:30:00,18.0
Rammunshibagh (near Srinagar),Jammu & Kashmir,SRINAGAR,SRINAGAR,-,Jhelum,Indus,34.069444,74.838611,2026-02-02 10:30:00,156.0
Rammunshibagh (near Srinagar),Jammu & Kashmir,SRINAGAR,SRINAGAR,-,Jhelum,Indus,34.069444,74.838611,2026-02-10 21:30:00,4.0
Rammunshibagh (near Srinagar),Jammu & Kashmir,SRINAGAR,SRINAGAR,-,Jhelum,Indus,34.069444,74.838611,2026-02-12 20:30:00,90.0
Rammunshibagh (near Srinagar),Jammu & Kashmir,SRINAGAR,SRINAGAR,-,Jhelum,Indus,34.069444,74.838611,2026-02-15 14:30:00,257.0
Rammunshibagh (near Srinagar),Jammu & Kashmir,SRINAGAR,SRINAGAR,-,Jhelum,Indus,34.069444,74.838611,2026-02-19 06:30:00,106.0
Rammunshibagh (near Srinagar),Jammu & Kashmir,SRINAGAR,SRINAGAR,-,Jhelum,Indus,34.069444,74.838611,2026-02-24 13:30:00,114.0
Rammunshibagh (near Srinagar),Jammu & Kashmir,SRINAGAR,SRINAGAR,-,Jhelum,Indus,34.069444,74.838611,2026-02-26 18:30:00,48.0
Rammunshibagh (near Srinagar),Jammu & Kashmir,SRINAGAR,SRINAGAR,-,Jhelum,Indus,34.069444,74.838611,2026-02-28 19:30:00,390.0
Rammunshibagh (near Srinagar),Jammu & Kashmir,SRINAGAR,SRINAGAR,-,Jhelum,Indus,34.069444,74.838611,2026-03-01 16:30:00,0.5
Safapora,Jammu & Kashmir,BANDIPORA,Hajin,-,Jhelum,Indus,34.246111,74.6325,2026-01-01 11:30:00,170.0
Safapora,Jammu & Kashmir,BANDIPORA,Hajin,-,Jhelum,Indus,34.246111,74.6325,2026-01-07 12:30:00,132.0
Safapora,Jammu & Kashmir,BANDIPORA,Hajin,-,Jhelum,Indus,34.246111,74.6325,2026-01-08 15:30:00,10.0
Safapora,Jammu & Kashmir,BANDIPORA,Hajin,-,Jhelum,Indus,34.246111,74.6325,2026-01-15 20:30:00,63.0
Safapora,Jammu & Kashmir,BANDIPORA,Hajin,-,Jhelum,Indus,34.246111,74.6325,2026-02-01 10:30:00,1.0
Safapora,Jammu & Kashmir,BANDIPORA,Hajin,-,Jhelum,Indus,34.246111,74.6325,2026-02-03 03:30:00,0.5
Safapora,Jammu & Kashmir,BANDIPORA,Hajin,-,Jhelum,Indus,34.246111,74.6325,2026-02-03 08:30:00,1.0
Safapora,Jammu & Kashmir,BANDIPORA,Hajin,-,Jhelum,Indus,34.246111,74.6325,2026-02-03 15:30:00,154.0
Safapora,Jammu & Kashmir,BANDIPORA,Hajin,-,Jhelum,Indus,34.246111,74.6325,2026-02-03 19:30:00,0.5
Safapora,Jammu & Kashmir,BANDIPORA,Hajin,-,Jhelum,Indus,34.246111,74.6325,2026-02-03 20:30:00,1.0
Safapora,Jammu & Kashmir,BANDIPORA,Hajin,-,Jhelum,Indus,34.246111,74.6325,2026-02-04 09:30:00,0.5
Safapora,Jammu & Kashmir,BANDIPORA,Hajin,-,Jhelum,Indus,34.246111,74.6325,2026-02-06 12:30:00,400.0
Safapora,Jammu & Kashmir,BANDIPORA,Hajin,-,Jhelum,Indus,34.246111,74.6325,2026-02-07 00:30:00,1.0
Safapora,Jammu & Kashmir,BANDIPORA,Hajin,-,Jhelum,Indus,34.246111,74.6325,2026-02-07 02:30:00,0.5
Safapora,Jammu & Kashmir,BANDIPORA,Hajin,-,Jhelum,Indus,34.246111,74.6325,2026-02-10 07:30:00,0.5
Safapora,Jammu & Kashmir,BANDIPORA,Hajin,-,Jhelum,Indus,34.246111,74.6325,2026-02-10 18:30:00,1.0
Safapora,Jammu & Kashmir,BANDIPORA,Hajin,-,Jhelum,Indus,34.246111,74.6325,2026-02-13 19:30:00,5.0
Safapora,Jammu & Kashmir,BANDIPORA,Hajin,-,Jhelum,Indus,34.246111,74.6325,2026-02-14 10:30:00,16.0
Safapora,Jammu & Kashmir,BANDIPORA,Hajin,-,Jhelum,Indus,34.246111,74.6325,2026-02-17 17:30:00,64.5
Safapora,Jammu & Kashmir,BANDIPORA,Hajin,-,Jhelum,Indus,34.246111,74.6325,2026-02-21 22:30:00,160.0
Safapora,Jammu & Kashmir,BANDIPORA,Hajin,-,Jhelum,Indus,34.246111,74.6325,2026-02-25 13:30:00,128.0
Safapora,Jammu & Kashmir,BANDIPORA,Hajin,-,Jhelum,Indus,34.246111,74.6325,2026-02-28 03:30:00,237.0
Safapora,Jammu & Kashmir,BANDIPORA,Hajin,-,Jhelum,Indus,34.246111,74.6325,2026-03-01 11:30:00,21.0
Safapora,Jammu & Kashmir,BANDIPORA,Hajin,-,Jhelum,Indus,34.246111,74.6325,2026-03-19 07:30:00,0.5
Safapora,Jammu & Kashmir,BANDIPORA,Hajin,-,Jhelum,Indus,34.246111,74.6325,2026-03-25 07:30:00,0.5
Safapora,Jammu & Kashmir,BANDIPORA,Hajin,-,Jhelum,Indus,34.246111,74.6325,2026-03-27 15:30:00,0.5
Safapora,Jammu & Kashmir,BANDIPORA,Hajin,-,Jhelum,Indus,34.246111,74.6325,2026-03-30 06:30:00,0.5
Safapora,Jammu & Kashmir,BANDIPORA,Hajin,-,Jhelum,Indus,34.246111,74.6325,2026-04-01 16:30:00,54.0
Safapora,Jammu & Kashmir,BANDIPORA,Hajin,-,Jhelum,Indus,34.246111,74.6325,2026-04-03 07:30:00,0.5
Safapora,Jammu & Kashmir,BANDIPORA,Hajin,-,Jhelum,Indus,34.246111,74.6325,2026-04-05 06:30:00,0.5
Safapora,Jammu & Kashmir,BANDIPORA,Hajin,-,Jhelum,Indus,34.246111,74.6325,2026-04-07 02:30:00,0.5
Safapora,Jammu & Kashmir,BANDIPORA,Hajin,-,Jhelum,Indus,34.246111,74.6325,2026-04-09 00:30:00,0.5
Safapora,Jammu & Kashmir,BANDIPORA,Hajin,-,Jhelum,Indus,34.246111,74.6325,2026-04-10 18:30:00,0.5
Safapora,Jammu & Kashmir,BANDIPORA,Hajin,-,Jhelum,Indus,34.246111,74.6325,2026-04-13 07:30:00,0.5
Safapora,Jammu & Kashmir,BANDIPORA,Hajin,-,Jhelum,Indus,34.246111,74.6325,2026-04-14 02:30:00,9.0
Safapora,Jammu & Kashmir,BANDIPORA,Hajin,-,Jhelum,Indus,34.246111,74.6325,2026-04-17 12:30:00,272.0
Safapora,Jammu & Kashmir,BANDIPORA,Hajin,-,Jhelum,Indus,34.246111,74.6325,2026-04-20 11:30:00,278.0
Safapora,Jammu & Kashmir,BANDIPORA,Hajin,-,Jhelum,Indus,34.246111,74.6325,2026-04-21 07:30:00,0.5
Safapora,Jammu & Kashmir,BANDIPORA,Hajin,-,Jhelum,Indus,34.246111,74.6325,2026-04-22 16:30:00,192.0
Sangam,Jammu & Kashmir,ANANTNAG,ANANTNAG,-,Jhelum,Indus,33.833333,75.066944,2026-01-01 11:30:00,192.0
Sangam,Jammu & Kashmir,ANANTNAG,ANANTNAG,-,Jhelum,Indus,33.833333,75.066944,2026-01-02 19:30:00,57.0
Sangam,Jammu & Kashmir,ANANTNAG,ANANTNAG,-,Jhelum,Indus,33.833333,75.066944,2026-01-08 16:30:00,9.0
Sangam,Jammu & Kashmir,ANANTNAG,ANANTNAG,-,Jhelum,Indus,33.833333,75.066944,2026-01-12 11:00:00,257.0
Sangam,Jammu & Kashmir,ANANTNAG,ANANTNAG,-,Jhelum,Indus,33.833333,75.066944,2026-01-12 14:30:00,64.5
Sangam,Jammu & Kashmir,ANANTNAG,ANANTNAG,-,Jhelum,Indus,33.833333,75.066944,2026-01-12 16:30:00,252.0
Sangam,Jammu & Kashmir,ANANTNAG,ANANTNAG,-,Jhelum,Indus,33.833333,75.066944,2026-01-30 07:00:00,277.0
Sangam,Jammu & Kashmir,ANANTNAG,ANANTNAG,-,Jhelum,Indus,33.833333,75.066944,2026-01-30 15:30:00,238.0
Sangam,Jammu & Kashmir,ANANTNAG,ANANTNAG,-,Jhelum,Indus,33.833333,75.066944,2026-02-01 19:30:00,1.0
Sangam,Jammu & Kashmir,ANANTNAG,ANANTNAG,-,Jhelum,Indus,33.833333,75.066944,2026-02-01 20:30:00,0.5
Sangam,Jammu & Kashmir,ANANTNAG,ANANTNAG,-,Jhelum,Indus,33.833333,75.066944,2026-02-03 00:30:00,1.0
Sangam,Jammu & Kashmir,ANANTNAG,ANANTNAG,-,Jhelum,Indus,33.833333,75.066944,2026-02-03 01:30:00,0.5
Sangam,Jammu & Kashmir,ANANTNAG,ANANTNAG,-,Jhelum,Indus,33.833333,75.066944,2026-02-03 03:30:00,1.0
Sangam,Jammu & Kashmir,ANANTNAG,ANANTNAG,-,Jhelum,Indus,33.833333,75.066944,2026-02-03 04:30:00,0.5
Sangam,Jammu & Kashmir,ANANTNAG,ANANTNAG,-,Jhelum,Indus,33.833333,75.066944,2026-02-03 06:30:00,0.5
Sangam,Jammu & Kashmir,ANANTNAG,ANANTNAG,-,Jhelum,Indus,33.833333,75.066944,2026-02-04 18:30:00,168.0
Sangam,Jammu & Kashmir,ANANTNAG,ANANTNAG,-,Jhelum,Indus,33.833333,75.066944,2026-02-05 00:30:00,224.0
Sangam,Jammu & Kashmir,ANANTNAG,ANANTNAG,-,Jhelum,Indus,33.833333,75.066944,2026-02-05 05:00:00,116.5
Sangam,Jammu & Kashmir,ANANTNAG,ANANTNAG,-,Jhelum,Indus,33.833333,75.066944,2026-02-05 21:30:00,57.0
Sangam,Jammu & Kashmir,ANANTNAG,ANANTNAG,-,Jhelum,Indus,33.833333,75.066944,2026-02-11 17:30:00,0.5
Sangam,Jammu & Kashmir,ANANTNAG,ANANTNAG,-,Jhelum,Indus,33.833333,75.066944,2026-02-20 17:30:00,0.5
Sangam,Jammu & Kashmir,ANANTNAG,ANANTNAG,-,Jhelum,Indus,33.833333,75.066944,2026-02-22 14:30:00,136.0
Sangam,Jammu & Kashmir,ANANTNAG,ANANTNAG,-,Jhelum,Indus,33.833333,75.066944,2026-02-24 16:30:00,14.0
Sangam,Jammu & Kashmir,ANANTNAG,ANANTNAG,-,Jhelum,Indus,33.833333,75.066944,2026-03-19 03:30:00,0.5
Sangam,Jammu & Kashmir,ANANTNAG,ANANTNAG,-,Jhelum,Indus,33.833333,75.066944,2026-03-24 04:30:00,0.5
Sangam,Jammu & Kashmir,ANANTNAG,ANANTNAG,-,Jhelum,Indus,33.833333,75.066944,2026-03-29 06:30:00,1.5
Sangam,Jammu & Kashmir,ANANTNAG,ANANTNAG,-,Jhelum,Indus,33.833333,75.066944,2026-03-29 13:00:00,88.0
Sangam,Jammu & Kashmir,ANANTNAG,ANANTNAG,-,Jhelum,Indus,33.833333,75.066944,2026-03-30 23:30:00,2.0
Sangam,Jammu & Kashmir,ANANTNAG,ANANTNAG,-,Jhelum,Indus,33.833333,75.066944,2026-03-31 00:30:00,1.5
Sangam,Jammu & Kashmir,ANANTNAG,ANANTNAG,-,Jhelum,Indus,33.833333,75.066944,2026-03-31 01:30:00,0.5
Sangam,Jammu & Kashmir,ANANTNAG,ANANTNAG,-,Jhelum,Indus,33.833333,75.066944,2026-03-31 02:30:00,1.0
Sangam,Jammu & Kashmir,ANANTNAG,ANANTNAG,-,Jhelum,Indus,33.833333,75.066944,2026-03-31 03:30:00,1.0
Sangam,Jammu & Kashmir,ANANTNAG,ANANTNAG,-,Jhelum,Indus,33.833333,75.066944,2026-03-31 04:30:00,0.5
Sangam,Jammu & Kashmir,ANANTNAG,ANANTNAG,-,Jhelum,Indus,33.833333,75.066944,2026-04-03 14:30:00,0.5
Sangam,Jammu & Kashmir,ANANTNAG,ANANTNAG,-,Jhelum,Indus,33.833333,75.066944,2026-04-03 15:30:00,4.0
Sangam,Jammu & Kashmir,ANANTNAG,ANANTNAG,-,Jhelum,Indus,33.833333,75.066944,2026-04-03 16:30:00,4.5
Sangam,Jammu & Kashmir,ANANTNAG,ANANTNAG,-,Jhelum,Indus,33.833333,75.066944,2026-04-03 22:30:00,2.5
Sangam,Jammu & Kashmir,ANANTNAG,ANANTNAG,-,Jhelum,Indus,33.833333,75.066944,2026-04-03 23:30:00,0.5
Sangam,Jammu & Kashmir,ANANTNAG,ANANTNAG,-,Jhelum,Indus,33.833333,75.066944,2026-04-04 01:30:00,0.5
Sangam,Jammu & Kashmir,ANANTNAG,ANANTNAG,-,Jhelum,Indus,33.833333,75.066944,2026-04-04 11:30:00,1.5
Sangam,Jammu & Kashmir,ANANTNAG,ANANTNAG,-,Jhelum,Indus,33.833333,75.066944,2026-04-04 14:30:00,0.5
Sangam,Jammu & Kashmir,ANANTNAG,ANANTNAG,-,Jhelum,Indus,33.833333,75.066944,2026-04-04 16:30:00,0.5
Sangam,Jammu & Kashmir,ANANTNAG,ANANTNAG,-,Jhelum,Indus,33.833333,75.066944,2026-04-04 17:30:00,0.5
Sangam,Jammu & Kashmir,ANANTNAG,ANANTNAG,-,Jhelum,Indus,33.833333,75.066944,2026-04-05 18:30:00,0.5
Sangam,Jammu & Kashmir,ANANTNAG,ANANTNAG,-,Jhelum,Indus,33.833333,75.066944,2026-04-05 20:30:00,0.5
Sangam,Jammu & Kashmir,ANANTNAG,ANANTNAG,-,Jhelum,Indus,33.833333,75.066944,2026-04-06 13:30:00,33.0
Sangam,Jammu & Kashmir,ANANTNAG,ANANTNAG,-,Jhelum,Indus,33.833333,75.066944,2026-04-06 14:30:00,10.0
Sangam,Jammu & Kashmir,ANANTNAG,ANANTNAG,-,Jhelum,Indus,33.833333,75.066944,2026-04-06 19:30:00,0.5
Sangam,Jammu & Kashmir,ANANTNAG,ANANTNAG,-,Jhelum,Indus,33.833333,75.066944,2026-04-07 20:30:00,0.5
Sangam,Jammu & Kashmir,ANANTNAG,ANANTNAG,-,Jhelum,Indus,33.833333,75.066944,2026-04-09 04:30:00,0.5
Sangam,Jammu & Kashmir,ANANTNAG,ANANTNAG,-,Jhelum,Indus,33.833333,75.066944,2026-04-11 19:30:00,0.5
Sangam,Jammu & Kashmir,ANANTNAG,ANANTNAG,-,Jhelum,Indus,33.833333,75.066944,2026-04-12 01:30:00,0.5
Sangam,Jammu & Kashmir,ANANTNAG,ANANTNAG,-,Jhelum,Indus,33.833333,75.066944,2026-04-17 04:30:00,3.0
Sangam,Jammu & Kashmir,ANANTNAG,ANANTNAG,-,Jhelum,Indus,33.833333,75.066944,2026-04-17 06:30:00,0.5
Sangam,Jammu & Kashmir,ANANTNAG,ANANTNAG,-,Jhelum,Indus,33.833333,75.066944,2026-04-18 02:30:00,1.5
Sangam,Jammu & Kashmir,ANANTNAG,ANANTNAG,-,Jhelum,Indus,33.833333,75.066944,2026-04-18 03:30:00,1.0
Sangam,Jammu & Kashmir,ANANTNAG,ANANTNAG,-,Jhelum,Indus,33.833333,75.066944,2026-04-18 04:30:00,1.0
Sangam,Jammu & Kashmir,ANANTNAG,ANANTNAG,-,Jhelum,Indus,33.833333,75.066944,2026-04-21 13:30:00,136.0
Sangam,Jammu & Kashmir,ANANTNAG,ANANTNAG,-,Jhelum,Indus,33.833333,75.066944,2026-04-23 14:30:00,80.0
Sangam,Jammu & Kashmir,ANANTNAG,ANANTNAG,-,Jhelum,Indus,33.833333,75.066944,2026-04-26 22:00:00,128.0
Sangam,Jammu & Kashmir,ANANTNAG,ANANTNAG,-,Jhelum,Indus,33.833333,75.066944,2026-04-29 12:30:00,1.0
Sangam,Jammu & Kashmir,ANANTNAG,ANANTNAG,-,Jhelum,Indus,33.833333,75.066944,2026-04-29 13:30:00,1.0
Sangam,Jammu & Kashmir,ANANTNAG,ANANTNAG,-,Jhelum,Indus,33.833333,75.066944,2026-04-29 14:30:00,2.0
Sangam,Jammu & Kashmir,ANANTNAG,ANANTNAG,-,Jhelum,Indus,33.833333,75.066944,2026-04-29 15:30:00,1.5
Sangam,Jammu & Kashmir,ANANTNAG,ANANTNAG,-,Jhelum,Indus,33.833333,75.066944,2026-04-29 16:30:00,0.5
Sangam,Jammu & Kashmir,ANANTNAG,ANANTNAG,-,Jhelum,Indus,33.833333,75.066944,2026-05-11 01:30:00,0.5
Sangam,Jammu & Kashmir,ANANTNAG,ANANTNAG,-,Jhelum,Indus,33.833333,75.066944,2026-05-12 02:30:00,2.5
Sangam,Jammu & Kashmir,ANANTNAG,ANANTNAG,-,Jhelum,Indus,33.833333,75.066944,2026-05-12 03:30:00,0.5
Sangam,Jammu & Kashmir,ANANTNAG,ANANTNAG,-,Jhelum,Indus,33.833333,75.066944,2026-05-12 14:30:00,0.5
Sangam,Jammu & Kashmir,ANANTNAG,ANANTNAG,-,Jhelum,Indus,33.833333,75.066944,2026-05-21 05:30:00,0.5
Sangam,Jammu & Kashmir,ANANTNAG,ANANTNAG,-,Jhelum,Indus,33.833333,75.066944,2026-05-21 06:30:00,2.5
Sangam,Jammu & Kashmir,ANANTNAG,ANANTNAG,-,Jhelum,Indus,33.833333,75.066944,2026-05-21 07:30:00,2.0
Sangam,Jammu & Kashmir,ANANTNAG,ANANTNAG,-,Jhelum,Indus,33.833333,75.066944,2026-05-29 18:30:00,1.0
Sangam,Jammu & Kashmir,ANANTNAG,ANANTNAG,-,Jhelum,Indus,33.833333,75.066944,2026-05-30 05:30:00,0.5
Sangam,Jammu & Kashmir,ANANTNAG,ANANTNAG,-,Jhelum,Indus,33.833333,75.066944,2026-06-02 18:30:00,1.5
Sangam,Jammu & Kashmir,ANANTNAG,ANANTNAG,-,Jhelum,Indus,33.833333,75.066944,2026-06-02 20:30:00,0.5
