SlNo,Station,Agency,State LGD Code,State,District LGD Code,District,Tehsil,Block,Village,River,Basin,Tributary,Subtributary,SubSubtributary,Local River,Latitude,Longitude,Data Acquisition Time,Telemetry Hourly Rainfall (mm)
1,Karnal,CWC,6,Haryana,67,KARNAL,KARNAL,-,-,Ganga,Ganga,Yamuna,-,-,Yamuna,29.76218333,77.13166667,02-01-2026 20:00,128.5
2,Karnal,CWC,6,Haryana,67,KARNAL,KARNAL,-,-,Ganga,Ganga,Yamuna,-,-,Yamuna,29.76218333,77.13166667,05-01-2026 18:00,430
3,Karnal,CWC,6,Haryana,67,KARNAL,KARNAL,-,-,Ganga,Ganga,Yamuna,-,-,Yamuna,29.76218333,77.13166667,07-01-2026 14:00,244.5
4,Karnal,CWC,6,Haryana,67,KARNAL,KARNAL,-,-,Ganga,Ganga,Yamuna,-,-,Yamuna,29.76218333,77.13166667,08-01-2026 06:00,96
5,Karnal,CWC,6,Haryana,67,KARNAL,KARNAL,-,-,Ganga,Ganga,Yamuna,-,-,Yamuna,29.76218333,77.13166667,08-01-2026 10:00,96
6,Karnal,CWC,6,Haryana,67,KARNAL,KARNAL,-,-,Ganga,Ganga,Yamuna,-,-,Yamuna,29.76218333,77.13166667,14-01-2026 02:00,262.5
7,Karnal,CWC,6,Haryana,67,KARNAL,KARNAL,-,-,Ganga,Ganga,Yamuna,-,-,Yamuna,29.76218333,77.13166667,14-01-2026 14:00,51.5
8,Karnal,CWC,6,Haryana,67,KARNAL,KARNAL,-,-,Ganga,Ganga,Yamuna,-,-,Yamuna,29.76218333,77.13166667,16-01-2026 12:00,48.5
9,Karnal,CWC,6,Haryana,67,KARNAL,KARNAL,-,-,Ganga,Ganga,Yamuna,-,-,Yamuna,29.76218333,77.13166667,16-01-2026 19:00,0.5
10,Karnal,CWC,6,Haryana,67,KARNAL,KARNAL,-,-,Ganga,Ganga,Yamuna,-,-,Yamuna,29.76218333,77.13166667,16-01-2026 22:00,0.5
11,Karnal,CWC,6,Haryana,67,KARNAL,KARNAL,-,-,Ganga,Ganga,Yamuna,-,-,Yamuna,29.76218333,77.13166667,29-01-2026 00:00,0.5
12,Karnal,CWC,6,Haryana,67,KARNAL,KARNAL,-,-,Ganga,Ganga,Yamuna,-,-,Yamuna,29.76218333,77.13166667,30-01-2026 11:00,6
13,Karnal,CWC,6,Haryana,67,KARNAL,KARNAL,-,-,Ganga,Ganga,Yamuna,-,-,Yamuna,29.76218333,77.13166667,30-01-2026 12:00,0.5
14,Karnal,CWC,6,Haryana,67,KARNAL,KARNAL,-,-,Ganga,Ganga,Yamuna,-,-,Yamuna,29.76218333,77.13166667,30-01-2026 13:00,216
15,Karnal,CWC,6,Haryana,67,KARNAL,KARNAL,-,-,Ganga,Ganga,Yamuna,-,-,Yamuna,29.76218333,77.13166667,31-01-2026 14:00,57
16,Karnal,CWC,6,Haryana,67,KARNAL,KARNAL,-,-,Ganga,Ganga,Yamuna,-,-,Yamuna,29.76218333,77.13166667,31-01-2026 19:00,0.5
17,Karnal,CWC,6,Haryana,67,KARNAL,KARNAL,-,-,Ganga,Ganga,Yamuna,-,-,Yamuna,29.76218333,77.13166667,31-01-2026 20:00,0.5
18,Karnal,CWC,6,Haryana,67,KARNAL,KARNAL,-,-,Ganga,Ganga,Yamuna,-,-,Yamuna,29.76218333,77.13166667,02-02-2026 04:30,94.5
19,Karnal,CWC,6,Haryana,67,KARNAL,KARNAL,-,-,Ganga,Ganga,Yamuna,-,-,Yamuna,29.76218333,77.13166667,03-02-2026 03:00,0.5
20,Karnal,CWC,6,Haryana,67,KARNAL,KARNAL,-,-,Ganga,Ganga,Yamuna,-,-,Yamuna,29.76218333,77.13166667,05-02-2026 16:00,248
21,Karnal,CWC,6,Haryana,67,KARNAL,KARNAL,-,-,Ganga,Ganga,Yamuna,-,-,Yamuna,29.76218333,77.13166667,07-02-2026 13:00,160
22,Karnal,CWC,6,Haryana,67,KARNAL,KARNAL,-,-,Ganga,Ganga,Yamuna,-,-,Yamuna,29.76218333,77.13166667,15-02-2026 03:00,240.5
23,Karnal,CWC,6,Haryana,67,KARNAL,KARNAL,-,-,Ganga,Ganga,Yamuna,-,-,Yamuna,29.76218333,77.13166667,18-02-2026 21:00,0.5
24,Karnal,CWC,6,Haryana,67,KARNAL,KARNAL,-,-,Ganga,Ganga,Yamuna,-,-,Yamuna,29.76218333,77.13166667,18-02-2026 23:00,5
25,Karnal,CWC,6,Haryana,67,KARNAL,KARNAL,-,-,Ganga,Ganga,Yamuna,-,-,Yamuna,29.76218333,77.13166667,21-02-2026 04:00,96
26,Karnal,CWC,6,Haryana,67,KARNAL,KARNAL,-,-,Ganga,Ganga,Yamuna,-,-,Yamuna,29.76218333,77.13166667,21-02-2026 13:00,5
27,Karnal,CWC,6,Haryana,67,KARNAL,KARNAL,-,-,Ganga,Ganga,Yamuna,-,-,Yamuna,29.76218333,77.13166667,21-02-2026 17:00,0.5
28,Karnal,CWC,6,Haryana,67,KARNAL,KARNAL,-,-,Ganga,Ganga,Yamuna,-,-,Yamuna,29.76218333,77.13166667,23-02-2026 06:00,144
29,Karnal,CWC,6,Haryana,67,KARNAL,KARNAL,-,-,Ganga,Ganga,Yamuna,-,-,Yamuna,29.76218333,77.13166667,23-02-2026 07:00,239
30,Karnal,CWC,6,Haryana,67,KARNAL,KARNAL,-,-,Ganga,Ganga,Yamuna,-,-,Yamuna,29.76218333,77.13166667,24-02-2026 07:00,0.5
31,Karnal,CWC,6,Haryana,67,KARNAL,KARNAL,-,-,Ganga,Ganga,Yamuna,-,-,Yamuna,29.76218333,77.13166667,28-02-2026 14:00,0.5
32,Karnal,CWC,6,Haryana,67,KARNAL,KARNAL,-,-,Ganga,Ganga,Yamuna,-,-,Yamuna,29.76218333,77.13166667,19-03-2026 00:00,2.5
33,Karnal,CWC,6,Haryana,67,KARNAL,KARNAL,-,-,Ganga,Ganga,Yamuna,-,-,Yamuna,29.76218333,77.13166667,19-03-2026 07:00,12
34,Karnal,CWC,6,Haryana,67,KARNAL,KARNAL,-,-,Ganga,Ganga,Yamuna,-,-,Yamuna,29.76218333,77.13166667,31-03-2026 05:00,480
35,Karnal,CWC,6,Haryana,67,KARNAL,KARNAL,-,-,Ganga,Ganga,Yamuna,-,-,Yamuna,29.76218333,77.13166667,02-04-2026 19:00,184.5
36,Karnal,CWC,6,Haryana,67,KARNAL,KARNAL,-,-,Ganga,Ganga,Yamuna,-,-,Yamuna,29.76218333,77.13166667,03-04-2026 15:00,0.5
37,Karnal,CWC,6,Haryana,67,KARNAL,KARNAL,-,-,Ganga,Ganga,Yamuna,-,-,Yamuna,29.76218333,77.13166667,03-04-2026 16:00,0.5
38,Karnal,CWC,6,Haryana,67,KARNAL,KARNAL,-,-,Ganga,Ganga,Yamuna,-,-,Yamuna,29.76218333,77.13166667,03-04-2026 17:00,0.5
39,Karnal,CWC,6,Haryana,67,KARNAL,KARNAL,-,-,Ganga,Ganga,Yamuna,-,-,Yamuna,29.76218333,77.13166667,03-04-2026 23:00,1
40,Karnal,CWC,6,Haryana,67,KARNAL,KARNAL,-,-,Ganga,Ganga,Yamuna,-,-,Yamuna,29.76218333,77.13166667,04-04-2026 11:00,160
41,Karnal,CWC,6,Haryana,67,KARNAL,KARNAL,-,-,Ganga,Ganga,Yamuna,-,-,Yamuna,29.76218333,77.13166667,05-04-2026 12:00,1
42,Karnal,CWC,6,Haryana,67,KARNAL,KARNAL,-,-,Ganga,Ganga,Yamuna,-,-,Yamuna,29.76218333,77.13166667,05-04-2026 13:00,1
43,Karnal,CWC,6,Haryana,67,KARNAL,KARNAL,-,-,Ganga,Ganga,Yamuna,-,-,Yamuna,29.76218333,77.13166667,05-04-2026 14:00,1
44,Karnal,CWC,6,Haryana,67,KARNAL,KARNAL,-,-,Ganga,Ganga,Yamuna,-,-,Yamuna,29.76218333,77.13166667,05-04-2026 17:00,0.5
45,Karnal,CWC,6,Haryana,67,KARNAL,KARNAL,-,-,Ganga,Ganga,Yamuna,-,-,Yamuna,29.76218333,77.13166667,05-04-2026 22:00,1.5
46,Karnal,CWC,6,Haryana,67,KARNAL,KARNAL,-,-,Ganga,Ganga,Yamuna,-,-,Yamuna,29.76218333,77.13166667,07-04-2026 05:00,0.5
47,Karnal,CWC,6,Haryana,67,KARNAL,KARNAL,-,-,Ganga,Ganga,Yamuna,-,-,Yamuna,29.76218333,77.13166667,07-04-2026 10:00,1
48,Karnal,CWC,6,Haryana,67,KARNAL,KARNAL,-,-,Ganga,Ganga,Yamuna,-,-,Yamuna,29.76218333,77.13166667,07-04-2026 11:00,0.5
49,Karnal,CWC,6,Haryana,67,KARNAL,KARNAL,-,-,Ganga,Ganga,Yamuna,-,-,Yamuna,29.76218333,77.13166667,07-04-2026 12:00,1
50,Karnal,CWC,6,Haryana,67,KARNAL,KARNAL,-,-,Ganga,Ganga,Yamuna,-,-,Yamuna,29.76218333,77.13166667,07-04-2026 13:00,2.5
51,Karnal,CWC,6,Haryana,67,KARNAL,KARNAL,-,-,Ganga,Ganga,Yamuna,-,-,Yamuna,29.76218333,77.13166667,07-04-2026 14:00,2.5
52,Karnal,CWC,6,Haryana,67,KARNAL,KARNAL,-,-,Ganga,Ganga,Yamuna,-,-,Yamuna,29.76218333,77.13166667,07-04-2026 16:00,2.5
53,Karnal,CWC,6,Haryana,67,KARNAL,KARNAL,-,-,Ganga,Ganga,Yamuna,-,-,Yamuna,29.76218333,77.13166667,07-04-2026 17:00,2.5
54,Karnal,CWC,6,Haryana,67,KARNAL,KARNAL,-,-,Ganga,Ganga,Yamuna,-,-,Yamuna,29.76218333,77.13166667,07-04-2026 18:00,2.5
55,Karnal,CWC,6,Haryana,67,KARNAL,KARNAL,-,-,Ganga,Ganga,Yamuna,-,-,Yamuna,29.76218333,77.13166667,07-04-2026 20:00,2.5
56,Karnal,CWC,6,Haryana,67,KARNAL,KARNAL,-,-,Ganga,Ganga,Yamuna,-,-,Yamuna,29.76218333,77.13166667,07-04-2026 21:00,2.5
57,Karnal,CWC,6,Haryana,67,KARNAL,KARNAL,-,-,Ganga,Ganga,Yamuna,-,-,Yamuna,29.76218333,77.13166667,08-04-2026 00:00,2.5
58,Karnal,CWC,6,Haryana,67,KARNAL,KARNAL,-,-,Ganga,Ganga,Yamuna,-,-,Yamuna,29.76218333,77.13166667,08-04-2026 01:00,0.5
59,Karnal,CWC,6,Haryana,67,KARNAL,KARNAL,-,-,Ganga,Ganga,Yamuna,-,-,Yamuna,29.76218333,77.13166667,08-04-2026 03:00,0.5
60,Karnal,CWC,6,Haryana,67,KARNAL,KARNAL,-,-,Ganga,Ganga,Yamuna,-,-,Yamuna,29.76218333,77.13166667,08-04-2026 04:00,0.5
61,Karnal,CWC,6,Haryana,67,KARNAL,KARNAL,-,-,Ganga,Ganga,Yamuna,-,-,Yamuna,29.76218333,77.13166667,08-04-2026 05:00,0.5
62,Karnal,CWC,6,Haryana,67,KARNAL,KARNAL,-,-,Ganga,Ganga,Yamuna,-,-,Yamuna,29.76218333,77.13166667,08-04-2026 07:00,0.5
63,Karnal,CWC,6,Haryana,67,KARNAL,KARNAL,-,-,Ganga,Ganga,Yamuna,-,-,Yamuna,29.76218333,77.13166667,08-04-2026 08:00,0.5
64,Karnal,CWC,6,Haryana,67,KARNAL,KARNAL,-,-,Ganga,Ganga,Yamuna,-,-,Yamuna,29.76218333,77.13166667,08-04-2026 10:00,0.5
65,Karnal,CWC,6,Haryana,67,KARNAL,KARNAL,-,-,Ganga,Ganga,Yamuna,-,-,Yamuna,29.76218333,77.13166667,08-04-2026 11:00,0.5
66,Karnal,CWC,6,Haryana,67,KARNAL,KARNAL,-,-,Ganga,Ganga,Yamuna,-,-,Yamuna,29.76218333,77.13166667,08-04-2026 12:00,0.5
67,Karnal,CWC,6,Haryana,67,KARNAL,KARNAL,-,-,Ganga,Ganga,Yamuna,-,-,Yamuna,29.76218333,77.13166667,08-04-2026 13:00,0.5
68,Karnal,CWC,6,Haryana,67,KARNAL,KARNAL,-,-,Ganga,Ganga,Yamuna,-,-,Yamuna,29.76218333,77.13166667,08-04-2026 14:00,0.5
69,Karnal,CWC,6,Haryana,67,KARNAL,KARNAL,-,-,Ganga,Ganga,Yamuna,-,-,Yamuna,29.76218333,77.13166667,08-04-2026 17:00,0.5
70,Karnal,CWC,6,Haryana,67,KARNAL,KARNAL,-,-,Ganga,Ganga,Yamuna,-,-,Yamuna,29.76218333,77.13166667,08-04-2026 20:00,0.5
71,Karnal,CWC,6,Haryana,67,KARNAL,KARNAL,-,-,Ganga,Ganga,Yamuna,-,-,Yamuna,29.76218333,77.13166667,08-04-2026 21:00,0.5
72,Karnal,CWC,6,Haryana,67,KARNAL,KARNAL,-,-,Ganga,Ganga,Yamuna,-,-,Yamuna,29.76218333,77.13166667,08-04-2026 23:00,0.5
73,Karnal,CWC,6,Haryana,67,KARNAL,KARNAL,-,-,Ganga,Ganga,Yamuna,-,-,Yamuna,29.76218333,77.13166667,09-04-2026 00:00,0.5
74,Karnal,CWC,6,Haryana,67,KARNAL,KARNAL,-,-,Ganga,Ganga,Yamuna,-,-,Yamuna,29.76218333,77.13166667,09-04-2026 01:00,0.5
75,Karnal,CWC,6,Haryana,67,KARNAL,KARNAL,-,-,Ganga,Ganga,Yamuna,-,-,Yamuna,29.76218333,77.13166667,11-04-2026 17:00,1
76,Karnal,CWC,6,Haryana,67,KARNAL,KARNAL,-,-,Ganga,Ganga,Yamuna,-,-,Yamuna,29.76218333,77.13166667,11-04-2026 18:00,0.5
77,Karnal,CWC,6,Haryana,67,KARNAL,KARNAL,-,-,Ganga,Ganga,Yamuna,-,-,Yamuna,29.76218333,77.13166667,11-04-2026 19:00,1.5
78,Karnal,CWC,6,Haryana,67,KARNAL,KARNAL,-,-,Ganga,Ganga,Yamuna,-,-,Yamuna,29.76218333,77.13166667,11-04-2026 23:00,1.5
79,Karnal,CWC,6,Haryana,67,KARNAL,KARNAL,-,-,Ganga,Ganga,Yamuna,-,-,Yamuna,29.76218333,77.13166667,22-04-2026 06:00,3
