SlNo,Station,Agency,State LGD Code,State,District LGD Code,District,Tehsil,Block,Village,River,Basin,Tributary,Subtributary,SubSubtributary,Local River,Latitude,Longitude,Data Acquisition Time,Manual Daily Reservoir storage (mcm)
1,RENGALI,CWC,21,Odisha,344,ANUGUL,KANIHA,-,-,Brahmani,West flowing rivers of Kutch and Saurashtra including Luni,-,-,-,Brahmani,21.28333333,85.03333333,01-01-2010 07:30,2164.0000
2,RENGALI,CWC,21,Odisha,344,ANUGUL,KANIHA,-,-,Brahmani,West flowing rivers of Kutch and Saurashtra including Luni,-,-,-,Brahmani,21.28333333,85.03333333,02-01-2010 07:30,2164.0000
3,RENGALI,CWC,21,Odisha,344,ANUGUL,KANIHA,-,-,Brahmani,West flowing rivers of Kutch and Saurashtra including Luni,-,-,-,Brahmani,21.28333333,85.03333333,03-01-2010 07:30,2164.0000
4,RENGALI,CWC,21,Odisha,344,ANUGUL,KANIHA,-,-,Brahmani,West flowing rivers of Kutch and Saurashtra including Luni,-,-,-,Brahmani,21.28333333,85.03333333,04-01-2010 07:30,2164.0000
5,RENGALI,CWC,21,Odisha,344,ANUGUL,KANIHA,-,-,Brahmani,West flowing rivers of Kutch and Saurashtra including Luni,-,-,-,Brahmani,21.28333333,85.03333333,05-01-2010 07:30,2164.0000
6,RENGALI,CWC,21,Odisha,344,ANUGUL,KANIHA,-,-,Brahmani,West flowing rivers of Kutch and Saurashtra including Luni,-,-,-,Brahmani,21.28333333,85.03333333,06-01-2010 07:30,2164.0000
7,RENGALI,CWC,21,Odisha,344,ANUGUL,KANIHA,-,-,Brahmani,West flowing rivers of Kutch and Saurashtra including Luni,-,-,-,Brahmani,21.28333333,85.03333333,07-01-2010 07:30,2161.0000
8,RENGALI,CWC,21,Odisha,344,ANUGUL,KANIHA,-,-,Brahmani,West flowing rivers of Kutch and Saurashtra including Luni,-,-,-,Brahmani,21.28333333,85.03333333,08-01-2010 07:30,2161.0000
9,RENGALI,CWC,21,Odisha,344,ANUGUL,KANIHA,-,-,Brahmani,West flowing rivers of Kutch and Saurashtra including Luni,-,-,-,Brahmani,21.28333333,85.03333333,09-01-2010 07:30,2161.0000
10,RENGALI,CWC,21,Odisha,344,ANUGUL,KANIHA,-,-,Brahmani,West flowing rivers of Kutch and Saurashtra including Luni,-,-,-,Brahmani,21.28333333,85.03333333,10-01-2010 07:30,2154.0000
11,RENGALI,CWC,21,Odisha,344,ANUGUL,KANIHA,-,-,Brahmani,West flowing rivers of Kutch and Saurashtra including Luni,-,-,-,Brahmani,21.28333333,85.03333333,11-01-2010 07:30,2154.0000
12,RENGALI,CWC,21,Odisha,344,ANUGUL,KANIHA,-,-,Brahmani,West flowing rivers of Kutch and Saurashtra including Luni,-,-,-,Brahmani,21.28333333,85.03333333,12-01-2010 07:30,2154.0000
13,RENGALI,CWC,21,Odisha,344,ANUGUL,KANIHA,-,-,Brahmani,West flowing rivers of Kutch and Saurashtra including Luni,-,-,-,Brahmani,21.28333333,85.03333333,13-01-2010 07:30,2147.0001
14,RENGALI,CWC,21,Odisha,344,ANUGUL,KANIHA,-,-,Brahmani,West flowing rivers of Kutch and Saurashtra including Luni,-,-,-,Brahmani,21.28333333,85.03333333,14-01-2010 07:30,2164.0000
15,RENGALI,CWC,21,Odisha,344,ANUGUL,KANIHA,-,-,Brahmani,West flowing rivers of Kutch and Saurashtra including Luni,-,-,-,Brahmani,21.28333333,85.03333333,15-01-2010 07:30,2111.0001
16,RENGALI,CWC,21,Odisha,344,ANUGUL,KANIHA,-,-,Brahmani,West flowing rivers of Kutch and Saurashtra including Luni,-,-,-,Brahmani,21.28333333,85.03333333,16-01-2010 07:30,2141.0000
17,RENGALI,CWC,21,Odisha,344,ANUGUL,KANIHA,-,-,Brahmani,West flowing rivers of Kutch and Saurashtra including Luni,-,-,-,Brahmani,21.28333333,85.03333333,17-01-2010 07:30,2142.0000
18,RENGALI,CWC,21,Odisha,344,ANUGUL,KANIHA,-,-,Brahmani,West flowing rivers of Kutch and Saurashtra including Luni,-,-,-,Brahmani,21.28333333,85.03333333,18-01-2010 07:30,2142.0000
19,RENGALI,CWC,21,Odisha,344,ANUGUL,KANIHA,-,-,Brahmani,West flowing rivers of Kutch and Saurashtra including Luni,-,-,-,Brahmani,21.28333333,85.03333333,19-01-2010 07:30,2142.0000
20,RENGALI,CWC,21,Odisha,344,ANUGUL,KANIHA,-,-,Brahmani,West flowing rivers of Kutch and Saurashtra including Luni,-,-,-,Brahmani,21.28333333,85.03333333,20-01-2010 07:30,2134.0001
21,RENGALI,CWC,21,Odisha,344,ANUGUL,KANIHA,-,-,Brahmani,West flowing rivers of Kutch and Saurashtra including Luni,-,-,-,Brahmani,21.28333333,85.03333333,21-01-2010 07:30,2131.0000
22,RENGALI,CWC,21,Odisha,344,ANUGUL,KANIHA,-,-,Brahmani,West flowing rivers of Kutch and Saurashtra including Luni,-,-,-,Brahmani,21.28333333,85.03333333,22-01-2010 07:30,2131.0000
23,RENGALI,CWC,21,Odisha,344,ANUGUL,KANIHA,-,-,Brahmani,West flowing rivers of Kutch and Saurashtra including Luni,-,-,-,Brahmani,21.28333333,85.03333333,23-01-2010 07:30,2124.0001
24,RENGALI,CWC,21,Odisha,344,ANUGUL,KANIHA,-,-,Brahmani,West flowing rivers of Kutch and Saurashtra including Luni,-,-,-,Brahmani,21.28333333,85.03333333,24-01-2010 07:30,2124.0001
25,RENGALI,CWC,21,Odisha,344,ANUGUL,KANIHA,-,-,Brahmani,West flowing rivers of Kutch and Saurashtra including Luni,-,-,-,Brahmani,21.28333333,85.03333333,25-01-2010 07:30,2121.0001
26,RENGALI,CWC,21,Odisha,344,ANUGUL,KANIHA,-,-,Brahmani,West flowing rivers of Kutch and Saurashtra including Luni,-,-,-,Brahmani,21.28333333,85.03333333,26-01-2010 07:30,2117.0001
27,RENGALI,CWC,21,Odisha,344,ANUGUL,KANIHA,-,-,Brahmani,West flowing rivers of Kutch and Saurashtra including Luni,-,-,-,Brahmani,21.28333333,85.03333333,27-01-2010 07:30,2117.0001
28,RENGALI,CWC,21,Odisha,344,ANUGUL,KANIHA,-,-,Brahmani,West flowing rivers of Kutch and Saurashtra including Luni,-,-,-,Brahmani,21.28333333,85.03333333,28-01-2010 07:30,2111.0001
29,RENGALI,CWC,21,Odisha,344,ANUGUL,KANIHA,-,-,Brahmani,West flowing rivers of Kutch and Saurashtra including Luni,-,-,-,Brahmani,21.28333333,85.03333333,29-01-2010 07:30,2111.0001
30,RENGALI,CWC,21,Odisha,344,ANUGUL,KANIHA,-,-,Brahmani,West flowing rivers of Kutch and Saurashtra including Luni,-,-,-,Brahmani,21.28333333,85.03333333,30-01-2010 07:30,2108.0000
31,RENGALI,CWC,21,Odisha,344,ANUGUL,KANIHA,-,-,Brahmani,West flowing rivers of Kutch and Saurashtra including Luni,-,-,-,Brahmani,21.28333333,85.03333333,31-01-2010 07:30,2108.0000
32,RENGALI,CWC,21,Odisha,344,ANUGUL,KANIHA,-,-,Brahmani,West flowing rivers of Kutch and Saurashtra including Luni,-,-,-,Brahmani,21.28333333,85.03333333,01-02-2010 07:30,2105.0000
33,RENGALI,CWC,21,Odisha,344,ANUGUL,KANIHA,-,-,Brahmani,West flowing rivers of Kutch and Saurashtra including Luni,-,-,-,Brahmani,21.28333333,85.03333333,02-02-2010 07:30,2102.0000
34,RENGALI,CWC,21,Odisha,344,ANUGUL,KANIHA,-,-,Brahmani,West flowing rivers of Kutch and Saurashtra including Luni,-,-,-,Brahmani,21.28333333,85.03333333,03-02-2010 07:30,2095.0000
35,RENGALI,CWC,21,Odisha,344,ANUGUL,KANIHA,-,-,Brahmani,West flowing rivers of Kutch and Saurashtra including Luni,-,-,-,Brahmani,21.28333333,85.03333333,04-02-2010 07:30,2082.0000
36,RENGALI,CWC,21,Odisha,344,ANUGUL,KANIHA,-,-,Brahmani,West flowing rivers of Kutch and Saurashtra including Luni,-,-,-,Brahmani,21.28333333,85.03333333,05-02-2010 07:30,2076.0000
37,RENGALI,CWC,21,Odisha,344,ANUGUL,KANIHA,-,-,Brahmani,West flowing rivers of Kutch and Saurashtra including Luni,-,-,-,Brahmani,21.28333333,85.03333333,06-02-2010 07:30,2066.0000
38,RENGALI,CWC,21,Odisha,344,ANUGUL,KANIHA,-,-,Brahmani,West flowing rivers of Kutch and Saurashtra including Luni,-,-,-,Brahmani,21.28333333,85.03333333,07-02-2010 07:30,2066.0000
39,RENGALI,CWC,21,Odisha,344,ANUGUL,KANIHA,-,-,Brahmani,West flowing rivers of Kutch and Saurashtra including Luni,-,-,-,Brahmani,21.28333333,85.03333333,08-02-2010 07:30,2059.0000
40,RENGALI,CWC,21,Odisha,344,ANUGUL,KANIHA,-,-,Brahmani,West flowing rivers of Kutch and Saurashtra including Luni,-,-,-,Brahmani,21.28333333,85.03333333,09-02-2010 07:30,2059.0000
41,RENGALI,CWC,21,Odisha,344,ANUGUL,KANIHA,-,-,Brahmani,West flowing rivers of Kutch and Saurashtra including Luni,-,-,-,Brahmani,21.28333333,85.03333333,10-02-2010 07:30,2055.0001
42,RENGALI,CWC,21,Odisha,344,ANUGUL,KANIHA,-,-,Brahmani,West flowing rivers of Kutch and Saurashtra including Luni,-,-,-,Brahmani,21.28333333,85.03333333,11-02-2010 07:30,2076.0000
43,RENGALI,CWC,21,Odisha,344,ANUGUL,KANIHA,-,-,Brahmani,West flowing rivers of Kutch and Saurashtra including Luni,-,-,-,Brahmani,21.28333333,85.03333333,12-02-2010 07:30,2043.0000
44,RENGALI,CWC,21,Odisha,344,ANUGUL,KANIHA,-,-,Brahmani,West flowing rivers of Kutch and Saurashtra including Luni,-,-,-,Brahmani,21.28333333,85.03333333,13-02-2010 07:30,2043.0000
45,RENGALI,CWC,21,Odisha,344,ANUGUL,KANIHA,-,-,Brahmani,West flowing rivers of Kutch and Saurashtra including Luni,-,-,-,Brahmani,21.28333333,85.03333333,14-02-2010 07:30,2036.0000
46,RENGALI,CWC,21,Odisha,344,ANUGUL,KANIHA,-,-,Brahmani,West flowing rivers of Kutch and Saurashtra including Luni,-,-,-,Brahmani,21.28333333,85.03333333,15-02-2010 07:30,2030.0000
47,RENGALI,CWC,21,Odisha,344,ANUGUL,KANIHA,-,-,Brahmani,West flowing rivers of Kutch and Saurashtra including Luni,-,-,-,Brahmani,21.28333333,85.03333333,16-02-2010 07:30,2023.9999
48,RENGALI,CWC,21,Odisha,344,ANUGUL,KANIHA,-,-,Brahmani,West flowing rivers of Kutch and Saurashtra including Luni,-,-,-,Brahmani,21.28333333,85.03333333,17-02-2010 07:30,2017.0000
49,RENGALI,CWC,21,Odisha,344,ANUGUL,KANIHA,-,-,Brahmani,West flowing rivers of Kutch and Saurashtra including Luni,-,-,-,Brahmani,21.28333333,85.03333333,18-02-2010 07:30,2010.0000
50,RENGALI,CWC,21,Odisha,344,ANUGUL,KANIHA,-,-,Brahmani,West flowing rivers of Kutch and Saurashtra including Luni,-,-,-,Brahmani,21.28333333,85.03333333,19-02-2010 07:30,1980.9999
51,RENGALI,CWC,21,Odisha,344,ANUGUL,KANIHA,-,-,Brahmani,West flowing rivers of Kutch and Saurashtra including Luni,-,-,-,Brahmani,21.28333333,85.03333333,20-02-2010 07:30,1980.9999
52,RENGALI,CWC,21,Odisha,344,ANUGUL,KANIHA,-,-,Brahmani,West flowing rivers of Kutch and Saurashtra including Luni,-,-,-,Brahmani,21.28333333,85.03333333,21-02-2010 07:30,1974.0000
53,RENGALI,CWC,21,Odisha,344,ANUGUL,KANIHA,-,-,Brahmani,West flowing rivers of Kutch and Saurashtra including Luni,-,-,-,Brahmani,21.28333333,85.03333333,22-02-2010 07:30,1969.0000
54,RENGALI,CWC,21,Odisha,344,ANUGUL,KANIHA,-,-,Brahmani,West flowing rivers of Kutch and Saurashtra including Luni,-,-,-,Brahmani,21.28333333,85.03333333,23-02-2010 07:30,1969.0000
55,RENGALI,CWC,21,Odisha,344,ANUGUL,KANIHA,-,-,Brahmani,West flowing rivers of Kutch and Saurashtra including Luni,-,-,-,Brahmani,21.28333333,85.03333333,24-02-2010 07:30,1969.0000
56,RENGALI,CWC,21,Odisha,344,ANUGUL,KANIHA,-,-,Brahmani,West flowing rivers of Kutch and Saurashtra including Luni,-,-,-,Brahmani,21.28333333,85.03333333,25-02-2010 07:30,1969.0000
57,RENGALI,CWC,21,Odisha,344,ANUGUL,KANIHA,-,-,Brahmani,West flowing rivers of Kutch and Saurashtra including Luni,-,-,-,Brahmani,21.28333333,85.03333333,26-02-2010 07:30,1969.0000
58,RENGALI,CWC,21,Odisha,344,ANUGUL,KANIHA,-,-,Brahmani,West flowing rivers of Kutch and Saurashtra including Luni,-,-,-,Brahmani,21.28333333,85.03333333,27-02-2010 07:30,1966.0000
59,RENGALI,CWC,21,Odisha,344,ANUGUL,KANIHA,-,-,Brahmani,West flowing rivers of Kutch and Saurashtra including Luni,-,-,-,Brahmani,21.28333333,85.03333333,28-02-2010 07:30,1966.0000
60,RENGALI,CWC,21,Odisha,344,ANUGUL,KANIHA,-,-,Brahmani,West flowing rivers of Kutch and Saurashtra including Luni,-,-,-,Brahmani,21.28333333,85.03333333,01-03-2010 07:30,1967.0000
61,RENGALI,CWC,21,Odisha,344,ANUGUL,KANIHA,-,-,Brahmani,West flowing rivers of Kutch and Saurashtra including Luni,-,-,-,Brahmani,21.28333333,85.03333333,02-03-2010 07:30,1963.0001
62,RENGALI,CWC,21,Odisha,344,ANUGUL,KANIHA,-,-,Brahmani,West flowing rivers of Kutch and Saurashtra including Luni,-,-,-,Brahmani,21.28333333,85.03333333,03-03-2010 07:30,1963.0001
63,RENGALI,CWC,21,Odisha,344,ANUGUL,KANIHA,-,-,Brahmani,West flowing rivers of Kutch and Saurashtra including Luni,-,-,-,Brahmani,21.28333333,85.03333333,04-03-2010 07:30,1963.0001
64,RENGALI,CWC,21,Odisha,344,ANUGUL,KANIHA,-,-,Brahmani,West flowing rivers of Kutch and Saurashtra including Luni,-,-,-,Brahmani,21.28333333,85.03333333,05-03-2010 07:30,1942.0000
65,RENGALI,CWC,21,Odisha,344,ANUGUL,KANIHA,-,-,Brahmani,West flowing rivers of Kutch and Saurashtra including Luni,-,-,-,Brahmani,21.28333333,85.03333333,06-03-2010 07:30,1932.0000
66,RENGALI,CWC,21,Odisha,344,ANUGUL,KANIHA,-,-,Brahmani,West flowing rivers of Kutch and Saurashtra including Luni,-,-,-,Brahmani,21.28333333,85.03333333,07-03-2010 07:30,1917.0001
67,RENGALI,CWC,21,Odisha,344,ANUGUL,KANIHA,-,-,Brahmani,West flowing rivers of Kutch and Saurashtra including Luni,-,-,-,Brahmani,21.28333333,85.03333333,08-03-2010 07:30,1905.0000
68,RENGALI,CWC,21,Odisha,344,ANUGUL,KANIHA,-,-,Brahmani,West flowing rivers of Kutch and Saurashtra including Luni,-,-,-,Brahmani,21.28333333,85.03333333,09-03-2010 07:30,1893.0000
69,RENGALI,CWC,21,Odisha,344,ANUGUL,KANIHA,-,-,Brahmani,West flowing rivers of Kutch and Saurashtra including Luni,-,-,-,Brahmani,21.28333333,85.03333333,10-03-2010 07:30,1875.0000
70,RENGALI,CWC,21,Odisha,344,ANUGUL,KANIHA,-,-,Brahmani,West flowing rivers of Kutch and Saurashtra including Luni,-,-,-,Brahmani,21.28333333,85.03333333,11-03-2010 07:30,1866.0001
71,RENGALI,CWC,21,Odisha,344,ANUGUL,KANIHA,-,-,Brahmani,West flowing rivers of Kutch and Saurashtra including Luni,-,-,-,Brahmani,21.28333333,85.03333333,12-03-2010 07:30,1845.0000
72,RENGALI,CWC,21,Odisha,344,ANUGUL,KANIHA,-,-,Brahmani,West flowing rivers of Kutch and Saurashtra including Luni,-,-,-,Brahmani,21.28333333,85.03333333,13-03-2010 07:30,1844.0000
73,RENGALI,CWC,21,Odisha,344,ANUGUL,KANIHA,-,-,Brahmani,West flowing rivers of Kutch and Saurashtra including Luni,-,-,-,Brahmani,21.28333333,85.03333333,14-03-2010 07:30,1826.0000
74,RENGALI,CWC,21,Odisha,344,ANUGUL,KANIHA,-,-,Brahmani,West flowing rivers of Kutch and Saurashtra including Luni,-,-,-,Brahmani,21.28333333,85.03333333,15-03-2010 07:30,1826.0000
75,RENGALI,CWC,21,Odisha,344,ANUGUL,KANIHA,-,-,Brahmani,West flowing rivers of Kutch and Saurashtra including Luni,-,-,-,Brahmani,21.28333333,85.03333333,16-03-2010 07:30,1800.0000
76,RENGALI,CWC,21,Odisha,344,ANUGUL,KANIHA,-,-,Brahmani,West flowing rivers of Kutch and Saurashtra including Luni,-,-,-,Brahmani,21.28333333,85.03333333,17-03-2010 07:30,1785.0000
77,RENGALI,CWC,21,Odisha,344,ANUGUL,KANIHA,-,-,Brahmani,West flowing rivers of Kutch and Saurashtra including Luni,-,-,-,Brahmani,21.28333333,85.03333333,18-03-2010 07:30,1765.0000
78,RENGALI,CWC,21,Odisha,344,ANUGUL,KANIHA,-,-,Brahmani,West flowing rivers of Kutch and Saurashtra including Luni,-,-,-,Brahmani,21.28333333,85.03333333,19-03-2010 07:30,1739.0000
79,RENGALI,CWC,21,Odisha,344,ANUGUL,KANIHA,-,-,Brahmani,West flowing rivers of Kutch and Saurashtra including Luni,-,-,-,Brahmani,21.28333333,85.03333333,20-03-2010 07:30,1704.0000
80,RENGALI,CWC,21,Odisha,344,ANUGUL,KANIHA,-,-,Brahmani,West flowing rivers of Kutch and Saurashtra including Luni,-,-,-,Brahmani,21.28333333,85.03333333,21-03-2010 07:30,1682.0000
81,RENGALI,CWC,21,Odisha,344,ANUGUL,KANIHA,-,-,Brahmani,West flowing rivers of Kutch and Saurashtra including Luni,-,-,-,Brahmani,21.28333333,85.03333333,22-03-2010 07:30,1660.0000
82,RENGALI,CWC,21,Odisha,344,ANUGUL,KANIHA,-,-,Brahmani,West flowing rivers of Kutch and Saurashtra including Luni,-,-,-,Brahmani,21.28333333,85.03333333,23-03-2010 07:30,1633.0000
83,RENGALI,CWC,21,Odisha,344,ANUGUL,KANIHA,-,-,Brahmani,West flowing rivers of Kutch and Saurashtra including Luni,-,-,-,Brahmani,21.28333333,85.03333333,24-03-2010 07:30,1605.9999
84,RENGALI,CWC,21,Odisha,344,ANUGUL,KANIHA,-,-,Brahmani,West flowing rivers of Kutch and Saurashtra including Luni,-,-,-,Brahmani,21.28333333,85.03333333,25-03-2010 07:30,1569.0000
85,RENGALI,CWC,21,Odisha,344,ANUGUL,KANIHA,-,-,Brahmani,West flowing rivers of Kutch and Saurashtra including Luni,-,-,-,Brahmani,21.28333333,85.03333333,26-03-2010 07:30,1562.0000
86,RENGALI,CWC,21,Odisha,344,ANUGUL,KANIHA,-,-,Brahmani,West flowing rivers of Kutch and Saurashtra including Luni,-,-,-,Brahmani,21.28333333,85.03333333,27-03-2010 07:30,1544.0000
87,RENGALI,CWC,21,Odisha,344,ANUGUL,KANIHA,-,-,Brahmani,West flowing rivers of Kutch and Saurashtra including Luni,-,-,-,Brahmani,21.28333333,85.03333333,28-03-2010 07:30,1529.0000
88,RENGALI,CWC,21,Odisha,344,ANUGUL,KANIHA,-,-,Brahmani,West flowing rivers of Kutch and Saurashtra including Luni,-,-,-,Brahmani,21.28333333,85.03333333,29-03-2010 07:30,1513.0000
89,RENGALI,CWC,21,Odisha,344,ANUGUL,KANIHA,-,-,Brahmani,West flowing rivers of Kutch and Saurashtra including Luni,-,-,-,Brahmani,21.28333333,85.03333333,30-03-2010 07:30,1506.0000
90,RENGALI,CWC,21,Odisha,344,ANUGUL,KANIHA,-,-,Brahmani,West flowing rivers of Kutch and Saurashtra including Luni,-,-,-,Brahmani,21.28333333,85.03333333,31-03-2010 07:30,1493.0000
91,RENGALI,CWC,21,Odisha,344,ANUGUL,KANIHA,-,-,Brahmani,West flowing rivers of Kutch and Saurashtra including Luni,-,-,-,Brahmani,21.28333333,85.03333333,01-04-2010 07:30,1485.0000
92,RENGALI,CWC,21,Odisha,344,ANUGUL,KANIHA,-,-,Brahmani,West flowing rivers of Kutch and Saurashtra including Luni,-,-,-,Brahmani,21.28333333,85.03333333,02-04-2010 07:30,1467.0000
93,RENGALI,CWC,21,Odisha,344,ANUGUL,KANIHA,-,-,Brahmani,West flowing rivers of Kutch and Saurashtra including Luni,-,-,-,Brahmani,21.28333333,85.03333333,03-04-2010 07:30,1452.0000
94,RENGALI,CWC,21,Odisha,344,ANUGUL,KANIHA,-,-,Brahmani,West flowing rivers of Kutch and Saurashtra including Luni,-,-,-,Brahmani,21.28333333,85.03333333,04-04-2010 07:30,1432.0000
95,RENGALI,CWC,21,Odisha,344,ANUGUL,KANIHA,-,-,Brahmani,West flowing rivers of Kutch and Saurashtra including Luni,-,-,-,Brahmani,21.28333333,85.03333333,05-04-2010 07:30,1417.0001
96,RENGALI,CWC,21,Odisha,344,ANUGUL,KANIHA,-,-,Brahmani,West flowing rivers of Kutch and Saurashtra including Luni,-,-,-,Brahmani,21.28333333,85.03333333,06-04-2010 07:30,1396.0000
97,RENGALI,CWC,21,Odisha,344,ANUGUL,KANIHA,-,-,Brahmani,West flowing rivers of Kutch and Saurashtra including Luni,-,-,-,Brahmani,21.28333333,85.03333333,07-04-2010 07:30,1377.0000
98,RENGALI,CWC,21,Odisha,344,ANUGUL,KANIHA,-,-,Brahmani,West flowing rivers of Kutch and Saurashtra including Luni,-,-,-,Brahmani,21.28333333,85.03333333,08-04-2010 07:30,1367.0000
99,RENGALI,CWC,21,Odisha,344,ANUGUL,KANIHA,-,-,Brahmani,West flowing rivers of Kutch and Saurashtra including Luni,-,-,-,Brahmani,21.28333333,85.03333333,09-04-2010 07:30,1367.0000
100,RENGALI,CWC,21,Odisha,344,ANUGUL,KANIHA,-,-,Brahmani,West flowing rivers of Kutch and Saurashtra including Luni,-,-,-,Brahmani,21.28333333,85.03333333,10-04-2010 07:30,1367.0000
101,RENGALI,CWC,21,Odisha,344,ANUGUL,KANIHA,-,-,Brahmani,West flowing rivers of Kutch and Saurashtra including Luni,-,-,-,Brahmani,21.28333333,85.03333333,11-04-2010 07:30,1304.0000
102,RENGALI,CWC,21,Odisha,344,ANUGUL,KANIHA,-,-,Brahmani,West flowing rivers of Kutch and Saurashtra including Luni,-,-,-,Brahmani,21.28333333,85.03333333,12-04-2010 07:30,1291.0000
103,RENGALI,CWC,21,Odisha,344,ANUGUL,KANIHA,-,-,Brahmani,West flowing rivers of Kutch and Saurashtra including Luni,-,-,-,Brahmani,21.28333333,85.03333333,13-04-2010 07:30,1280.0000
104,RENGALI,CWC,21,Odisha,344,ANUGUL,KANIHA,-,-,Brahmani,West flowing rivers of Kutch and Saurashtra including Luni,-,-,-,Brahmani,21.28333333,85.03333333,14-04-2010 07:30,1262.0000
105,RENGALI,CWC,21,Odisha,344,ANUGUL,KANIHA,-,-,Brahmani,West flowing rivers of Kutch and Saurashtra including Luni,-,-,-,Brahmani,21.28333333,85.03333333,15-04-2010 07:30,1250.0000
106,RENGALI,CWC,21,Odisha,344,ANUGUL,KANIHA,-,-,Brahmani,West flowing rivers of Kutch and Saurashtra including Luni,-,-,-,Brahmani,21.28333333,85.03333333,16-04-2010 07:30,1235.0000
107,RENGALI,CWC,21,Odisha,344,ANUGUL,KANIHA,-,-,Brahmani,West flowing rivers of Kutch and Saurashtra including Luni,-,-,-,Brahmani,21.28333333,85.03333333,17-04-2010 07:30,1213.0001
108,RENGALI,CWC,21,Odisha,344,ANUGUL,KANIHA,-,-,Brahmani,West flowing rivers of Kutch and Saurashtra including Luni,-,-,-,Brahmani,21.28333333,85.03333333,18-04-2010 07:30,1199.0000
109,RENGALI,CWC,21,Odisha,344,ANUGUL,KANIHA,-,-,Brahmani,West flowing rivers of Kutch and Saurashtra including Luni,-,-,-,Brahmani,21.28333333,85.03333333,19-04-2010 07:30,1199.0000
110,RENGALI,CWC,21,Odisha,344,ANUGUL,KANIHA,-,-,Brahmani,West flowing rivers of Kutch and Saurashtra including Luni,-,-,-,Brahmani,21.28333333,85.03333333,20-04-2010 07:30,1199.0000
111,RENGALI,CWC,21,Odisha,344,ANUGUL,KANIHA,-,-,Brahmani,West flowing rivers of Kutch and Saurashtra including Luni,-,-,-,Brahmani,21.28333333,85.03333333,21-04-2010 07:30,1148.0000
112,RENGALI,CWC,21,Odisha,344,ANUGUL,KANIHA,-,-,Brahmani,West flowing rivers of Kutch and Saurashtra including Luni,-,-,-,Brahmani,21.28333333,85.03333333,22-04-2010 07:30,1127.0000
113,RENGALI,CWC,21,Odisha,344,ANUGUL,KANIHA,-,-,Brahmani,West flowing rivers of Kutch and Saurashtra including Luni,-,-,-,Brahmani,21.28333333,85.03333333,23-04-2010 07:30,1113.0000
114,RENGALI,CWC,21,Odisha,344,ANUGUL,KANIHA,-,-,Brahmani,West flowing rivers of Kutch and Saurashtra including Luni,-,-,-,Brahmani,21.28333333,85.03333333,24-04-2010 07:30,1095.0000
115,RENGALI,CWC,21,Odisha,344,ANUGUL,KANIHA,-,-,Brahmani,West flowing rivers of Kutch and Saurashtra including Luni,-,-,-,Brahmani,21.28333333,85.03333333,25-04-2010 07:30,1076.0000
116,RENGALI,CWC,21,Odisha,344,ANUGUL,KANIHA,-,-,Brahmani,West flowing rivers of Kutch and Saurashtra including Luni,-,-,-,Brahmani,21.28333333,85.03333333,26-04-2010 07:30,1053.0000
117,RENGALI,CWC,21,Odisha,344,ANUGUL,KANIHA,-,-,Brahmani,West flowing rivers of Kutch and Saurashtra including Luni,-,-,-,Brahmani,21.28333333,85.03333333,27-04-2010 07:30,1039.0000
118,RENGALI,CWC,21,Odisha,344,ANUGUL,KANIHA,-,-,Brahmani,West flowing rivers of Kutch and Saurashtra including Luni,-,-,-,Brahmani,21.28333333,85.03333333,28-04-2010 07:30,1013.0000
119,RENGALI,CWC,21,Odisha,344,ANUGUL,KANIHA,-,-,Brahmani,West flowing rivers of Kutch and Saurashtra including Luni,-,-,-,Brahmani,21.28333333,85.03333333,29-04-2010 07:30,995.0000
120,RENGALI,CWC,21,Odisha,344,ANUGUL,KANIHA,-,-,Brahmani,West flowing rivers of Kutch and Saurashtra including Luni,-,-,-,Brahmani,21.28333333,85.03333333,30-04-2010 07:30,972.0000
121,RENGALI,CWC,21,Odisha,344,ANUGUL,KANIHA,-,-,Brahmani,West flowing rivers of Kutch and Saurashtra including Luni,-,-,-,Brahmani,21.28333333,85.03333333,01-05-2010 07:30,958.0000
122,RENGALI,CWC,21,Odisha,344,ANUGUL,KANIHA,-,-,Brahmani,West flowing rivers of Kutch and Saurashtra including Luni,-,-,-,Brahmani,21.28333333,85.03333333,02-05-2010 07:30,995.0000
123,RENGALI,CWC,21,Odisha,344,ANUGUL,KANIHA,-,-,Brahmani,West flowing rivers of Kutch and Saurashtra including Luni,-,-,-,Brahmani,21.28333333,85.03333333,03-05-2010 07:30,938.0000
124,RENGALI,CWC,21,Odisha,344,ANUGUL,KANIHA,-,-,Brahmani,West flowing rivers of Kutch and Saurashtra including Luni,-,-,-,Brahmani,21.28333333,85.03333333,04-05-2010 07:30,927.0000
125,RENGALI,CWC,21,Odisha,344,ANUGUL,KANIHA,-,-,Brahmani,West flowing rivers of Kutch and Saurashtra including Luni,-,-,-,Brahmani,21.28333333,85.03333333,05-05-2010 07:30,902.0000
126,RENGALI,CWC,21,Odisha,344,ANUGUL,KANIHA,-,-,Brahmani,West flowing rivers of Kutch and Saurashtra including Luni,-,-,-,Brahmani,21.28333333,85.03333333,06-05-2010 07:30,884.0000
127,RENGALI,CWC,21,Odisha,344,ANUGUL,KANIHA,-,-,Brahmani,West flowing rivers of Kutch and Saurashtra including Luni,-,-,-,Brahmani,21.28333333,85.03333333,07-05-2010 07:30,884.0000
128,RENGALI,CWC,21,Odisha,344,ANUGUL,KANIHA,-,-,Brahmani,West flowing rivers of Kutch and Saurashtra including Luni,-,-,-,Brahmani,21.28333333,85.03333333,08-05-2010 07:30,879.0000
129,RENGALI,CWC,21,Odisha,344,ANUGUL,KANIHA,-,-,Brahmani,West flowing rivers of Kutch and Saurashtra including Luni,-,-,-,Brahmani,21.28333333,85.03333333,09-05-2010 07:30,868.0000
130,RENGALI,CWC,21,Odisha,344,ANUGUL,KANIHA,-,-,Brahmani,West flowing rivers of Kutch and Saurashtra including Luni,-,-,-,Brahmani,21.28333333,85.03333333,10-05-2010 07:30,857.0000
131,RENGALI,CWC,21,Odisha,344,ANUGUL,KANIHA,-,-,Brahmani,West flowing rivers of Kutch and Saurashtra including Luni,-,-,-,Brahmani,21.28333333,85.03333333,11-05-2010 07:30,854.0000
132,RENGALI,CWC,21,Odisha,344,ANUGUL,KANIHA,-,-,Brahmani,West flowing rivers of Kutch and Saurashtra including Luni,-,-,-,Brahmani,21.28333333,85.03333333,12-05-2010 07:30,827.0000
133,RENGALI,CWC,21,Odisha,344,ANUGUL,KANIHA,-,-,Brahmani,West flowing rivers of Kutch and Saurashtra including Luni,-,-,-,Brahmani,21.28333333,85.03333333,13-05-2010 07:30,803.0000
134,RENGALI,CWC,21,Odisha,344,ANUGUL,KANIHA,-,-,Brahmani,West flowing rivers of Kutch and Saurashtra including Luni,-,-,-,Brahmani,21.28333333,85.03333333,14-05-2010 07:30,803.0000
135,RENGALI,CWC,21,Odisha,344,ANUGUL,KANIHA,-,-,Brahmani,West flowing rivers of Kutch and Saurashtra including Luni,-,-,-,Brahmani,21.28333333,85.03333333,15-05-2010 07:30,769.0000
136,RENGALI,CWC,21,Odisha,344,ANUGUL,KANIHA,-,-,Brahmani,West flowing rivers of Kutch and Saurashtra including Luni,-,-,-,Brahmani,21.28333333,85.03333333,16-05-2010 07:30,743.0000
137,RENGALI,CWC,21,Odisha,344,ANUGUL,KANIHA,-,-,Brahmani,West flowing rivers of Kutch and Saurashtra including Luni,-,-,-,Brahmani,21.28333333,85.03333333,17-05-2010 07:30,728.0000
138,RENGALI,CWC,21,Odisha,344,ANUGUL,KANIHA,-,-,Brahmani,West flowing rivers of Kutch and Saurashtra including Luni,-,-,-,Brahmani,21.28333333,85.03333333,18-05-2010 07:30,705.0000
139,RENGALI,CWC,21,Odisha,344,ANUGUL,KANIHA,-,-,Brahmani,West flowing rivers of Kutch and Saurashtra including Luni,-,-,-,Brahmani,21.28333333,85.03333333,19-05-2010 07:30,675.0000
140,RENGALI,CWC,21,Odisha,344,ANUGUL,KANIHA,-,-,Brahmani,West flowing rivers of Kutch and Saurashtra including Luni,-,-,-,Brahmani,21.28333333,85.03333333,20-05-2010 07:30,639.0000
141,RENGALI,CWC,21,Odisha,344,ANUGUL,KANIHA,-,-,Brahmani,West flowing rivers of Kutch and Saurashtra including Luni,-,-,-,Brahmani,21.28333333,85.03333333,21-05-2010 07:30,621.0000
142,RENGALI,CWC,21,Odisha,344,ANUGUL,KANIHA,-,-,Brahmani,West flowing rivers of Kutch and Saurashtra including Luni,-,-,-,Brahmani,21.28333333,85.03333333,22-05-2010 07:30,608.0000
143,RENGALI,CWC,21,Odisha,344,ANUGUL,KANIHA,-,-,Brahmani,West flowing rivers of Kutch and Saurashtra including Luni,-,-,-,Brahmani,21.28333333,85.03333333,23-05-2010 07:30,581.0000
144,RENGALI,CWC,21,Odisha,344,ANUGUL,KANIHA,-,-,Brahmani,West flowing rivers of Kutch and Saurashtra including Luni,-,-,-,Brahmani,21.28333333,85.03333333,24-05-2010 07:30,581.0000
145,RENGALI,CWC,21,Odisha,344,ANUGUL,KANIHA,-,-,Brahmani,West flowing rivers of Kutch and Saurashtra including Luni,-,-,-,Brahmani,21.28333333,85.03333333,25-05-2010 07:30,581.0000
146,RENGALI,CWC,21,Odisha,344,ANUGUL,KANIHA,-,-,Brahmani,West flowing rivers of Kutch and Saurashtra including Luni,-,-,-,Brahmani,21.28333333,85.03333333,26-05-2010 07:30,581.0000
147,RENGALI,CWC,21,Odisha,344,ANUGUL,KANIHA,-,-,Brahmani,West flowing rivers of Kutch and Saurashtra including Luni,-,-,-,Brahmani,21.28333333,85.03333333,27-05-2010 07:30,510.0000
148,RENGALI,CWC,21,Odisha,344,ANUGUL,KANIHA,-,-,Brahmani,West flowing rivers of Kutch and Saurashtra including Luni,-,-,-,Brahmani,21.28333333,85.03333333,28-05-2010 07:30,581.0000
149,RENGALI,CWC,21,Odisha,344,ANUGUL,KANIHA,-,-,Brahmani,West flowing rivers of Kutch and Saurashtra including Luni,-,-,-,Brahmani,21.28333333,85.03333333,29-05-2010 07:30,581.0000
150,RENGALI,CWC,21,Odisha,344,ANUGUL,KANIHA,-,-,Brahmani,West flowing rivers of Kutch and Saurashtra including Luni,-,-,-,Brahmani,21.28333333,85.03333333,30-05-2010 07:30,581.0000
151,RENGALI,CWC,21,Odisha,344,ANUGUL,KANIHA,-,-,Brahmani,West flowing rivers of Kutch and Saurashtra including Luni,-,-,-,Brahmani,21.28333333,85.03333333,31-05-2010 07:30,581.0000
152,RENGALI,CWC,21,Odisha,344,ANUGUL,KANIHA,-,-,Brahmani,West flowing rivers of Kutch and Saurashtra including Luni,-,-,-,Brahmani,21.28333333,85.03333333,01-06-2010 07:30,329.0000
153,RENGALI,CWC,21,Odisha,344,ANUGUL,KANIHA,-,-,Brahmani,West flowing rivers of Kutch and Saurashtra including Luni,-,-,-,Brahmani,21.28333333,85.03333333,02-06-2010 07:30,329.0000
154,RENGALI,CWC,21,Odisha,344,ANUGUL,KANIHA,-,-,Brahmani,West flowing rivers of Kutch and Saurashtra including Luni,-,-,-,Brahmani,21.28333333,85.03333333,03-06-2010 07:30,329.0000
155,RENGALI,CWC,21,Odisha,344,ANUGUL,KANIHA,-,-,Brahmani,West flowing rivers of Kutch and Saurashtra including Luni,-,-,-,Brahmani,21.28333333,85.03333333,04-06-2010 07:30,329.0000
156,RENGALI,CWC,21,Odisha,344,ANUGUL,KANIHA,-,-,Brahmani,West flowing rivers of Kutch and Saurashtra including Luni,-,-,-,Brahmani,21.28333333,85.03333333,05-06-2010 07:30,329.0000
157,RENGALI,CWC,21,Odisha,344,ANUGUL,KANIHA,-,-,Brahmani,West flowing rivers of Kutch and Saurashtra including Luni,-,-,-,Brahmani,21.28333333,85.03333333,06-06-2010 07:30,329.0000
158,RENGALI,CWC,21,Odisha,344,ANUGUL,KANIHA,-,-,Brahmani,West flowing rivers of Kutch and Saurashtra including Luni,-,-,-,Brahmani,21.28333333,85.03333333,07-06-2010 07:30,329.0000
159,RENGALI,CWC,21,Odisha,344,ANUGUL,KANIHA,-,-,Brahmani,West flowing rivers of Kutch and Saurashtra including Luni,-,-,-,Brahmani,21.28333333,85.03333333,08-06-2010 07:30,329.0000
160,RENGALI,CWC,21,Odisha,344,ANUGUL,KANIHA,-,-,Brahmani,West flowing rivers of Kutch and Saurashtra including Luni,-,-,-,Brahmani,21.28333333,85.03333333,09-06-2010 07:30,329.0000
161,RENGALI,CWC,21,Odisha,344,ANUGUL,KANIHA,-,-,Brahmani,West flowing rivers of Kutch and Saurashtra including Luni,-,-,-,Brahmani,21.28333333,85.03333333,10-06-2010 07:30,329.0000
162,RENGALI,CWC,21,Odisha,344,ANUGUL,KANIHA,-,-,Brahmani,West flowing rivers of Kutch and Saurashtra including Luni,-,-,-,Brahmani,21.28333333,85.03333333,11-06-2010 07:30,329.0000
163,RENGALI,CWC,21,Odisha,344,ANUGUL,KANIHA,-,-,Brahmani,West flowing rivers of Kutch and Saurashtra including Luni,-,-,-,Brahmani,21.28333333,85.03333333,12-06-2010 07:30,329.0000
164,RENGALI,CWC,21,Odisha,344,ANUGUL,KANIHA,-,-,Brahmani,West flowing rivers of Kutch and Saurashtra including Luni,-,-,-,Brahmani,21.28333333,85.03333333,13-06-2010 07:30,329.0000
165,RENGALI,CWC,21,Odisha,344,ANUGUL,KANIHA,-,-,Brahmani,West flowing rivers of Kutch and Saurashtra including Luni,-,-,-,Brahmani,21.28333333,85.03333333,14-06-2010 07:30,329.0000
166,RENGALI,CWC,21,Odisha,344,ANUGUL,KANIHA,-,-,Brahmani,West flowing rivers of Kutch and Saurashtra including Luni,-,-,-,Brahmani,21.28333333,85.03333333,15-06-2010 07:30,111.0000
167,RENGALI,CWC,21,Odisha,344,ANUGUL,KANIHA,-,-,Brahmani,West flowing rivers of Kutch and Saurashtra including Luni,-,-,-,Brahmani,21.28333333,85.03333333,16-06-2010 07:30,75.0000
168,RENGALI,CWC,21,Odisha,344,ANUGUL,KANIHA,-,-,Brahmani,West flowing rivers of Kutch and Saurashtra including Luni,-,-,-,Brahmani,21.28333333,85.03333333,17-06-2010 07:30,70.0000
169,RENGALI,CWC,21,Odisha,344,ANUGUL,KANIHA,-,-,Brahmani,West flowing rivers of Kutch and Saurashtra including Luni,-,-,-,Brahmani,21.28333333,85.03333333,18-06-2010 07:30,70.0000
170,RENGALI,CWC,21,Odisha,344,ANUGUL,KANIHA,-,-,Brahmani,West flowing rivers of Kutch and Saurashtra including Luni,-,-,-,Brahmani,21.28333333,85.03333333,19-06-2010 07:30,70.0000
171,RENGALI,CWC,21,Odisha,344,ANUGUL,KANIHA,-,-,Brahmani,West flowing rivers of Kutch and Saurashtra including Luni,-,-,-,Brahmani,21.28333333,85.03333333,20-06-2010 07:30,52.0000
172,RENGALI,CWC,21,Odisha,344,ANUGUL,KANIHA,-,-,Brahmani,West flowing rivers of Kutch and Saurashtra including Luni,-,-,-,Brahmani,21.28333333,85.03333333,21-06-2010 07:30,43.0000
173,RENGALI,CWC,21,Odisha,344,ANUGUL,KANIHA,-,-,Brahmani,West flowing rivers of Kutch and Saurashtra including Luni,-,-,-,Brahmani,21.28333333,85.03333333,22-06-2010 07:30,35.0000
174,RENGALI,CWC,21,Odisha,344,ANUGUL,KANIHA,-,-,Brahmani,West flowing rivers of Kutch and Saurashtra including Luni,-,-,-,Brahmani,21.28333333,85.03333333,23-06-2010 07:30,35.0000
175,RENGALI,CWC,21,Odisha,344,ANUGUL,KANIHA,-,-,Brahmani,West flowing rivers of Kutch and Saurashtra including Luni,-,-,-,Brahmani,21.28333333,85.03333333,24-06-2010 07:30,35.0000
176,RENGALI,CWC,21,Odisha,344,ANUGUL,KANIHA,-,-,Brahmani,West flowing rivers of Kutch and Saurashtra including Luni,-,-,-,Brahmani,21.28333333,85.03333333,25-06-2010 07:30,35.0000
177,RENGALI,CWC,21,Odisha,344,ANUGUL,KANIHA,-,-,Brahmani,West flowing rivers of Kutch and Saurashtra including Luni,-,-,-,Brahmani,21.28333333,85.03333333,26-06-2010 07:30,35.0000
178,RENGALI,CWC,21,Odisha,344,ANUGUL,KANIHA,-,-,Brahmani,West flowing rivers of Kutch and Saurashtra including Luni,-,-,-,Brahmani,21.28333333,85.03333333,27-06-2010 07:30,35.0000
179,RENGALI,CWC,21,Odisha,344,ANUGUL,KANIHA,-,-,Brahmani,West flowing rivers of Kutch and Saurashtra including Luni,-,-,-,Brahmani,21.28333333,85.03333333,28-06-2010 07:30,11.0000
180,RENGALI,CWC,21,Odisha,344,ANUGUL,KANIHA,-,-,Brahmani,West flowing rivers of Kutch and Saurashtra including Luni,-,-,-,Brahmani,21.28333333,85.03333333,29-06-2010 07:30,11.0000
181,RENGALI,CWC,21,Odisha,344,ANUGUL,KANIHA,-,-,Brahmani,West flowing rivers of Kutch and Saurashtra including Luni,-,-,-,Brahmani,21.28333333,85.03333333,30-06-2010 07:30,16.0000
182,RENGALI,CWC,21,Odisha,344,ANUGUL,KANIHA,-,-,Brahmani,West flowing rivers of Kutch and Saurashtra including Luni,-,-,-,Brahmani,21.28333333,85.03333333,01-07-2010 07:30,13.0000
183,RENGALI,CWC,21,Odisha,344,ANUGUL,KANIHA,-,-,Brahmani,West flowing rivers of Kutch and Saurashtra including Luni,-,-,-,Brahmani,21.28333333,85.03333333,02-07-2010 07:30,13.0000
184,RENGALI,CWC,21,Odisha,344,ANUGUL,KANIHA,-,-,Brahmani,West flowing rivers of Kutch and Saurashtra including Luni,-,-,-,Brahmani,21.28333333,85.03333333,03-07-2010 07:30,13.0000
185,RENGALI,CWC,21,Odisha,344,ANUGUL,KANIHA,-,-,Brahmani,West flowing rivers of Kutch and Saurashtra including Luni,-,-,-,Brahmani,21.28333333,85.03333333,04-07-2010 07:30,44.0000
186,RENGALI,CWC,21,Odisha,344,ANUGUL,KANIHA,-,-,Brahmani,West flowing rivers of Kutch and Saurashtra including Luni,-,-,-,Brahmani,21.28333333,85.03333333,05-07-2010 07:30,48.0000
187,RENGALI,CWC,21,Odisha,344,ANUGUL,KANIHA,-,-,Brahmani,West flowing rivers of Kutch and Saurashtra including Luni,-,-,-,Brahmani,21.28333333,85.03333333,06-07-2010 07:30,54.0000
188,RENGALI,CWC,21,Odisha,344,ANUGUL,KANIHA,-,-,Brahmani,West flowing rivers of Kutch and Saurashtra including Luni,-,-,-,Brahmani,21.28333333,85.03333333,07-07-2010 07:30,54.0000
189,RENGALI,CWC,21,Odisha,344,ANUGUL,KANIHA,-,-,Brahmani,West flowing rivers of Kutch and Saurashtra including Luni,-,-,-,Brahmani,21.28333333,85.03333333,08-07-2010 07:30,46.0000
190,RENGALI,CWC,21,Odisha,344,ANUGUL,KANIHA,-,-,Brahmani,West flowing rivers of Kutch and Saurashtra including Luni,-,-,-,Brahmani,21.28333333,85.03333333,09-07-2010 07:30,46.0000
191,RENGALI,CWC,21,Odisha,344,ANUGUL,KANIHA,-,-,Brahmani,West flowing rivers of Kutch and Saurashtra including Luni,-,-,-,Brahmani,21.28333333,85.03333333,10-07-2010 07:30,46.0000
192,RENGALI,CWC,21,Odisha,344,ANUGUL,KANIHA,-,-,Brahmani,West flowing rivers of Kutch and Saurashtra including Luni,-,-,-,Brahmani,21.28333333,85.03333333,11-07-2010 07:30,46.0000
193,RENGALI,CWC,21,Odisha,344,ANUGUL,KANIHA,-,-,Brahmani,West flowing rivers of Kutch and Saurashtra including Luni,-,-,-,Brahmani,21.28333333,85.03333333,12-07-2010 07:30,42.0000
194,RENGALI,CWC,21,Odisha,344,ANUGUL,KANIHA,-,-,Brahmani,West flowing rivers of Kutch and Saurashtra including Luni,-,-,-,Brahmani,21.28333333,85.03333333,13-07-2010 07:30,42.0000
195,RENGALI,CWC,21,Odisha,344,ANUGUL,KANIHA,-,-,Brahmani,West flowing rivers of Kutch and Saurashtra including Luni,-,-,-,Brahmani,21.28333333,85.03333333,14-07-2010 07:30,29.0000
196,RENGALI,CWC,21,Odisha,344,ANUGUL,KANIHA,-,-,Brahmani,West flowing rivers of Kutch and Saurashtra including Luni,-,-,-,Brahmani,21.28333333,85.03333333,15-07-2010 07:30,29.0000
197,RENGALI,CWC,21,Odisha,344,ANUGUL,KANIHA,-,-,Brahmani,West flowing rivers of Kutch and Saurashtra including Luni,-,-,-,Brahmani,21.28333333,85.03333333,16-07-2010 07:30,29.0000
198,RENGALI,CWC,21,Odisha,344,ANUGUL,KANIHA,-,-,Brahmani,West flowing rivers of Kutch and Saurashtra including Luni,-,-,-,Brahmani,21.28333333,85.03333333,17-07-2010 07:30,29.0000
199,RENGALI,CWC,21,Odisha,344,ANUGUL,KANIHA,-,-,Brahmani,West flowing rivers of Kutch and Saurashtra including Luni,-,-,-,Brahmani,21.28333333,85.03333333,18-07-2010 07:30,29.0000
200,RENGALI,CWC,21,Odisha,344,ANUGUL,KANIHA,-,-,Brahmani,West flowing rivers of Kutch and Saurashtra including Luni,-,-,-,Brahmani,21.28333333,85.03333333,19-07-2010 07:30,15.0000
201,RENGALI,CWC,21,Odisha,344,ANUGUL,KANIHA,-,-,Brahmani,West flowing rivers of Kutch and Saurashtra including Luni,-,-,-,Brahmani,21.28333333,85.03333333,20-07-2010 07:30,15.0000
202,RENGALI,CWC,21,Odisha,344,ANUGUL,KANIHA,-,-,Brahmani,West flowing rivers of Kutch and Saurashtra including Luni,-,-,-,Brahmani,21.28333333,85.03333333,21-07-2010 07:30,14.0000
203,RENGALI,CWC,21,Odisha,344,ANUGUL,KANIHA,-,-,Brahmani,West flowing rivers of Kutch and Saurashtra including Luni,-,-,-,Brahmani,21.28333333,85.03333333,22-07-2010 07:30,17.0000
204,RENGALI,CWC,21,Odisha,344,ANUGUL,KANIHA,-,-,Brahmani,West flowing rivers of Kutch and Saurashtra including Luni,-,-,-,Brahmani,21.28333333,85.03333333,23-07-2010 07:30,26.0000
205,RENGALI,CWC,21,Odisha,344,ANUGUL,KANIHA,-,-,Brahmani,West flowing rivers of Kutch and Saurashtra including Luni,-,-,-,Brahmani,21.28333333,85.03333333,24-07-2010 07:30,26.0000
206,RENGALI,CWC,21,Odisha,344,ANUGUL,KANIHA,-,-,Brahmani,West flowing rivers of Kutch and Saurashtra including Luni,-,-,-,Brahmani,21.28333333,85.03333333,25-07-2010 07:30,26.0000
207,RENGALI,CWC,21,Odisha,344,ANUGUL,KANIHA,-,-,Brahmani,West flowing rivers of Kutch and Saurashtra including Luni,-,-,-,Brahmani,21.28333333,85.03333333,26-07-2010 07:30,26.0000
208,RENGALI,CWC,21,Odisha,344,ANUGUL,KANIHA,-,-,Brahmani,West flowing rivers of Kutch and Saurashtra including Luni,-,-,-,Brahmani,21.28333333,85.03333333,27-07-2010 07:30,177.0000
209,RENGALI,CWC,21,Odisha,344,ANUGUL,KANIHA,-,-,Brahmani,West flowing rivers of Kutch and Saurashtra including Luni,-,-,-,Brahmani,21.28333333,85.03333333,28-07-2010 07:30,177.0000
210,RENGALI,CWC,21,Odisha,344,ANUGUL,KANIHA,-,-,Brahmani,West flowing rivers of Kutch and Saurashtra including Luni,-,-,-,Brahmani,21.28333333,85.03333333,29-07-2010 07:30,201.0000
211,RENGALI,CWC,21,Odisha,344,ANUGUL,KANIHA,-,-,Brahmani,West flowing rivers of Kutch and Saurashtra including Luni,-,-,-,Brahmani,21.28333333,85.03333333,30-07-2010 07:30,201.0000
212,RENGALI,CWC,21,Odisha,344,ANUGUL,KANIHA,-,-,Brahmani,West flowing rivers of Kutch and Saurashtra including Luni,-,-,-,Brahmani,21.28333333,85.03333333,31-07-2010 07:30,201.0000
213,RENGALI,CWC,21,Odisha,344,ANUGUL,KANIHA,-,-,Brahmani,West flowing rivers of Kutch and Saurashtra including Luni,-,-,-,Brahmani,21.28333333,85.03333333,01-08-2010 07:30,178.0000
214,RENGALI,CWC,21,Odisha,344,ANUGUL,KANIHA,-,-,Brahmani,West flowing rivers of Kutch and Saurashtra including Luni,-,-,-,Brahmani,21.28333333,85.03333333,02-08-2010 07:30,178.0000
215,RENGALI,CWC,21,Odisha,344,ANUGUL,KANIHA,-,-,Brahmani,West flowing rivers of Kutch and Saurashtra including Luni,-,-,-,Brahmani,21.28333333,85.03333333,03-08-2010 07:30,178.0000
216,RENGALI,CWC,21,Odisha,344,ANUGUL,KANIHA,-,-,Brahmani,West flowing rivers of Kutch and Saurashtra including Luni,-,-,-,Brahmani,21.28333333,85.03333333,04-08-2010 07:30,182.0000
217,RENGALI,CWC,21,Odisha,344,ANUGUL,KANIHA,-,-,Brahmani,West flowing rivers of Kutch and Saurashtra including Luni,-,-,-,Brahmani,21.28333333,85.03333333,05-08-2010 07:30,182.0000
218,RENGALI,CWC,21,Odisha,344,ANUGUL,KANIHA,-,-,Brahmani,West flowing rivers of Kutch and Saurashtra including Luni,-,-,-,Brahmani,21.28333333,85.03333333,06-08-2010 07:30,182.0000
219,RENGALI,CWC,21,Odisha,344,ANUGUL,KANIHA,-,-,Brahmani,West flowing rivers of Kutch and Saurashtra including Luni,-,-,-,Brahmani,21.28333333,85.03333333,07-08-2010 07:30,182.0000
220,RENGALI,CWC,21,Odisha,344,ANUGUL,KANIHA,-,-,Brahmani,West flowing rivers of Kutch and Saurashtra including Luni,-,-,-,Brahmani,21.28333333,85.03333333,08-08-2010 07:30,182.0000
221,RENGALI,CWC,21,Odisha,344,ANUGUL,KANIHA,-,-,Brahmani,West flowing rivers of Kutch and Saurashtra including Luni,-,-,-,Brahmani,21.28333333,85.03333333,09-08-2010 07:30,182.0000
222,RENGALI,CWC,21,Odisha,344,ANUGUL,KANIHA,-,-,Brahmani,West flowing rivers of Kutch and Saurashtra including Luni,-,-,-,Brahmani,21.28333333,85.03333333,10-08-2010 07:30,219.0000
223,RENGALI,CWC,21,Odisha,344,ANUGUL,KANIHA,-,-,Brahmani,West flowing rivers of Kutch and Saurashtra including Luni,-,-,-,Brahmani,21.28333333,85.03333333,11-08-2010 07:30,222.0000
224,RENGALI,CWC,21,Odisha,344,ANUGUL,KANIHA,-,-,Brahmani,West flowing rivers of Kutch and Saurashtra including Luni,-,-,-,Brahmani,21.28333333,85.03333333,12-08-2010 07:30,222.0000
225,RENGALI,CWC,21,Odisha,344,ANUGUL,KANIHA,-,-,Brahmani,West flowing rivers of Kutch and Saurashtra including Luni,-,-,-,Brahmani,21.28333333,85.03333333,13-08-2010 07:30,222.0000
226,RENGALI,CWC,21,Odisha,344,ANUGUL,KANIHA,-,-,Brahmani,West flowing rivers of Kutch and Saurashtra including Luni,-,-,-,Brahmani,21.28333333,85.03333333,14-08-2010 07:30,222.0000
227,RENGALI,CWC,21,Odisha,344,ANUGUL,KANIHA,-,-,Brahmani,West flowing rivers of Kutch and Saurashtra including Luni,-,-,-,Brahmani,21.28333333,85.03333333,15-08-2010 07:30,222.0000
228,RENGALI,CWC,21,Odisha,344,ANUGUL,KANIHA,-,-,Brahmani,West flowing rivers of Kutch and Saurashtra including Luni,-,-,-,Brahmani,21.28333333,85.03333333,16-08-2010 07:30,207.0000
229,RENGALI,CWC,21,Odisha,344,ANUGUL,KANIHA,-,-,Brahmani,West flowing rivers of Kutch and Saurashtra including Luni,-,-,-,Brahmani,21.28333333,85.03333333,17-08-2010 07:30,207.0000
230,RENGALI,CWC,21,Odisha,344,ANUGUL,KANIHA,-,-,Brahmani,West flowing rivers of Kutch and Saurashtra including Luni,-,-,-,Brahmani,21.28333333,85.03333333,18-08-2010 07:30,245.0000
231,RENGALI,CWC,21,Odisha,344,ANUGUL,KANIHA,-,-,Brahmani,West flowing rivers of Kutch and Saurashtra including Luni,-,-,-,Brahmani,21.28333333,85.03333333,19-08-2010 07:30,245.0000
232,RENGALI,CWC,21,Odisha,344,ANUGUL,KANIHA,-,-,Brahmani,West flowing rivers of Kutch and Saurashtra including Luni,-,-,-,Brahmani,21.28333333,85.03333333,20-08-2010 07:30,245.0000
233,RENGALI,CWC,21,Odisha,344,ANUGUL,KANIHA,-,-,Brahmani,West flowing rivers of Kutch and Saurashtra including Luni,-,-,-,Brahmani,21.28333333,85.03333333,21-08-2010 07:30,245.0000
234,RENGALI,CWC,21,Odisha,344,ANUGUL,KANIHA,-,-,Brahmani,West flowing rivers of Kutch and Saurashtra including Luni,-,-,-,Brahmani,21.28333333,85.03333333,22-08-2010 07:30,245.0000
235,RENGALI,CWC,21,Odisha,344,ANUGUL,KANIHA,-,-,Brahmani,West flowing rivers of Kutch and Saurashtra including Luni,-,-,-,Brahmani,21.28333333,85.03333333,23-08-2010 07:30,245.0000
236,RENGALI,CWC,21,Odisha,344,ANUGUL,KANIHA,-,-,Brahmani,West flowing rivers of Kutch and Saurashtra including Luni,-,-,-,Brahmani,21.28333333,85.03333333,24-08-2010 07:30,245.0000
237,RENGALI,CWC,21,Odisha,344,ANUGUL,KANIHA,-,-,Brahmani,West flowing rivers of Kutch and Saurashtra including Luni,-,-,-,Brahmani,21.28333333,85.03333333,25-08-2010 07:30,480.0000
238,RENGALI,CWC,21,Odisha,344,ANUGUL,KANIHA,-,-,Brahmani,West flowing rivers of Kutch and Saurashtra including Luni,-,-,-,Brahmani,21.28333333,85.03333333,26-08-2010 07:30,480.0000
239,RENGALI,CWC,21,Odisha,344,ANUGUL,KANIHA,-,-,Brahmani,West flowing rivers of Kutch and Saurashtra including Luni,-,-,-,Brahmani,21.28333333,85.03333333,27-08-2010 07:30,480.0000
240,RENGALI,CWC,21,Odisha,344,ANUGUL,KANIHA,-,-,Brahmani,West flowing rivers of Kutch and Saurashtra including Luni,-,-,-,Brahmani,21.28333333,85.03333333,28-08-2010 07:30,480.0000
241,RENGALI,CWC,21,Odisha,344,ANUGUL,KANIHA,-,-,Brahmani,West flowing rivers of Kutch and Saurashtra including Luni,-,-,-,Brahmani,21.28333333,85.03333333,29-08-2010 07:30,480.0000
242,RENGALI,CWC,21,Odisha,344,ANUGUL,KANIHA,-,-,Brahmani,West flowing rivers of Kutch and Saurashtra including Luni,-,-,-,Brahmani,21.28333333,85.03333333,30-08-2010 07:30,676.0000
243,RENGALI,CWC,21,Odisha,344,ANUGUL,KANIHA,-,-,Brahmani,West flowing rivers of Kutch and Saurashtra including Luni,-,-,-,Brahmani,21.28333333,85.03333333,31-08-2010 07:30,740.0000
244,RENGALI,CWC,21,Odisha,344,ANUGUL,KANIHA,-,-,Brahmani,West flowing rivers of Kutch and Saurashtra including Luni,-,-,-,Brahmani,21.28333333,85.03333333,01-09-2010 07:30,751.0000
245,RENGALI,CWC,21,Odisha,344,ANUGUL,KANIHA,-,-,Brahmani,West flowing rivers of Kutch and Saurashtra including Luni,-,-,-,Brahmani,21.28333333,85.03333333,02-09-2010 07:30,829.0000
246,RENGALI,CWC,21,Odisha,344,ANUGUL,KANIHA,-,-,Brahmani,West flowing rivers of Kutch and Saurashtra including Luni,-,-,-,Brahmani,21.28333333,85.03333333,03-09-2010 07:30,853.0000
247,RENGALI,CWC,21,Odisha,344,ANUGUL,KANIHA,-,-,Brahmani,West flowing rivers of Kutch and Saurashtra including Luni,-,-,-,Brahmani,21.28333333,85.03333333,04-09-2010 07:30,893.0000
248,RENGALI,CWC,21,Odisha,344,ANUGUL,KANIHA,-,-,Brahmani,West flowing rivers of Kutch and Saurashtra including Luni,-,-,-,Brahmani,21.28333333,85.03333333,05-09-2010 07:30,931.0000
249,RENGALI,CWC,21,Odisha,344,ANUGUL,KANIHA,-,-,Brahmani,West flowing rivers of Kutch and Saurashtra including Luni,-,-,-,Brahmani,21.28333333,85.03333333,06-09-2010 07:30,960.0000
250,RENGALI,CWC,21,Odisha,344,ANUGUL,KANIHA,-,-,Brahmani,West flowing rivers of Kutch and Saurashtra including Luni,-,-,-,Brahmani,21.28333333,85.03333333,07-09-2010 07:30,1002.0000
251,RENGALI,CWC,21,Odisha,344,ANUGUL,KANIHA,-,-,Brahmani,West flowing rivers of Kutch and Saurashtra including Luni,-,-,-,Brahmani,21.28333333,85.03333333,08-09-2010 07:30,1008.0000
252,RENGALI,CWC,21,Odisha,344,ANUGUL,KANIHA,-,-,Brahmani,West flowing rivers of Kutch and Saurashtra including Luni,-,-,-,Brahmani,21.28333333,85.03333333,09-09-2010 07:30,1039.0000
253,RENGALI,CWC,21,Odisha,344,ANUGUL,KANIHA,-,-,Brahmani,West flowing rivers of Kutch and Saurashtra including Luni,-,-,-,Brahmani,21.28333333,85.03333333,10-09-2010 07:30,1053.0000
254,RENGALI,CWC,21,Odisha,344,ANUGUL,KANIHA,-,-,Brahmani,West flowing rivers of Kutch and Saurashtra including Luni,-,-,-,Brahmani,21.28333333,85.03333333,11-09-2010 07:30,1062.0000
255,RENGALI,CWC,21,Odisha,344,ANUGUL,KANIHA,-,-,Brahmani,West flowing rivers of Kutch and Saurashtra including Luni,-,-,-,Brahmani,21.28333333,85.03333333,12-09-2010 07:30,1074.0000
256,RENGALI,CWC,21,Odisha,344,ANUGUL,KANIHA,-,-,Brahmani,West flowing rivers of Kutch and Saurashtra including Luni,-,-,-,Brahmani,21.28333333,85.03333333,13-09-2010 07:30,1087.0000
257,RENGALI,CWC,21,Odisha,344,ANUGUL,KANIHA,-,-,Brahmani,West flowing rivers of Kutch and Saurashtra including Luni,-,-,-,Brahmani,21.28333333,85.03333333,14-09-2010 07:30,1090.0000
258,RENGALI,CWC,21,Odisha,344,ANUGUL,KANIHA,-,-,Brahmani,West flowing rivers of Kutch and Saurashtra including Luni,-,-,-,Brahmani,21.28333333,85.03333333,15-09-2010 07:30,1090.0000
259,RENGALI,CWC,21,Odisha,344,ANUGUL,KANIHA,-,-,Brahmani,West flowing rivers of Kutch and Saurashtra including Luni,-,-,-,Brahmani,21.28333333,85.03333333,16-09-2010 07:30,1192.0000
260,RENGALI,CWC,21,Odisha,344,ANUGUL,KANIHA,-,-,Brahmani,West flowing rivers of Kutch and Saurashtra including Luni,-,-,-,Brahmani,21.28333333,85.03333333,17-09-2010 07:30,1192.0000
261,RENGALI,CWC,21,Odisha,344,ANUGUL,KANIHA,-,-,Brahmani,West flowing rivers of Kutch and Saurashtra including Luni,-,-,-,Brahmani,21.28333333,85.03333333,18-09-2010 07:30,1192.0000
262,RENGALI,CWC,21,Odisha,344,ANUGUL,KANIHA,-,-,Brahmani,West flowing rivers of Kutch and Saurashtra including Luni,-,-,-,Brahmani,21.28333333,85.03333333,19-09-2010 07:30,1192.0000
263,RENGALI,CWC,21,Odisha,344,ANUGUL,KANIHA,-,-,Brahmani,West flowing rivers of Kutch and Saurashtra including Luni,-,-,-,Brahmani,21.28333333,85.03333333,20-09-2010 07:30,1192.0000
264,RENGALI,CWC,21,Odisha,344,ANUGUL,KANIHA,-,-,Brahmani,West flowing rivers of Kutch and Saurashtra including Luni,-,-,-,Brahmani,21.28333333,85.03333333,21-09-2010 07:30,1192.0000
265,RENGALI,CWC,21,Odisha,344,ANUGUL,KANIHA,-,-,Brahmani,West flowing rivers of Kutch and Saurashtra including Luni,-,-,-,Brahmani,21.28333333,85.03333333,22-09-2010 07:30,1192.0000
266,RENGALI,CWC,21,Odisha,344,ANUGUL,KANIHA,-,-,Brahmani,West flowing rivers of Kutch and Saurashtra including Luni,-,-,-,Brahmani,21.28333333,85.03333333,23-09-2010 07:30,1651.0000
267,RENGALI,CWC,21,Odisha,344,ANUGUL,KANIHA,-,-,Brahmani,West flowing rivers of Kutch and Saurashtra including Luni,-,-,-,Brahmani,21.28333333,85.03333333,24-09-2010 07:30,1651.0000
268,RENGALI,CWC,21,Odisha,344,ANUGUL,KANIHA,-,-,Brahmani,West flowing rivers of Kutch and Saurashtra including Luni,-,-,-,Brahmani,21.28333333,85.03333333,25-09-2010 07:30,1651.0000
269,RENGALI,CWC,21,Odisha,344,ANUGUL,KANIHA,-,-,Brahmani,West flowing rivers of Kutch and Saurashtra including Luni,-,-,-,Brahmani,21.28333333,85.03333333,26-09-2010 07:30,1651.0000
270,RENGALI,CWC,21,Odisha,344,ANUGUL,KANIHA,-,-,Brahmani,West flowing rivers of Kutch and Saurashtra including Luni,-,-,-,Brahmani,21.28333333,85.03333333,27-09-2010 07:30,1651.0000
271,RENGALI,CWC,21,Odisha,344,ANUGUL,KANIHA,-,-,Brahmani,West flowing rivers of Kutch and Saurashtra including Luni,-,-,-,Brahmani,21.28333333,85.03333333,28-09-2010 07:30,1651.0000
272,RENGALI,CWC,21,Odisha,344,ANUGUL,KANIHA,-,-,Brahmani,West flowing rivers of Kutch and Saurashtra including Luni,-,-,-,Brahmani,21.28333333,85.03333333,29-09-2010 07:30,1718.0001
273,RENGALI,CWC,21,Odisha,344,ANUGUL,KANIHA,-,-,Brahmani,West flowing rivers of Kutch and Saurashtra including Luni,-,-,-,Brahmani,21.28333333,85.03333333,30-09-2010 07:30,1726.0000
274,RENGALI,CWC,21,Odisha,344,ANUGUL,KANIHA,-,-,Brahmani,West flowing rivers of Kutch and Saurashtra including Luni,-,-,-,Brahmani,21.28333333,85.03333333,01-10-2010 07:30,1730.0000
275,RENGALI,CWC,21,Odisha,344,ANUGUL,KANIHA,-,-,Brahmani,West flowing rivers of Kutch and Saurashtra including Luni,-,-,-,Brahmani,21.28333333,85.03333333,02-10-2010 07:30,1730.0000
276,RENGALI,CWC,21,Odisha,344,ANUGUL,KANIHA,-,-,Brahmani,West flowing rivers of Kutch and Saurashtra including Luni,-,-,-,Brahmani,21.28333333,85.03333333,03-10-2010 07:30,1730.0000
277,RENGALI,CWC,21,Odisha,344,ANUGUL,KANIHA,-,-,Brahmani,West flowing rivers of Kutch and Saurashtra including Luni,-,-,-,Brahmani,21.28333333,85.03333333,04-10-2010 07:30,1730.0000
278,RENGALI,CWC,21,Odisha,344,ANUGUL,KANIHA,-,-,Brahmani,West flowing rivers of Kutch and Saurashtra including Luni,-,-,-,Brahmani,21.28333333,85.03333333,05-10-2010 07:30,1730.0000
279,RENGALI,CWC,21,Odisha,344,ANUGUL,KANIHA,-,-,Brahmani,West flowing rivers of Kutch and Saurashtra including Luni,-,-,-,Brahmani,21.28333333,85.03333333,06-10-2010 07:30,1730.0000
280,RENGALI,CWC,21,Odisha,344,ANUGUL,KANIHA,-,-,Brahmani,West flowing rivers of Kutch and Saurashtra including Luni,-,-,-,Brahmani,21.28333333,85.03333333,07-10-2010 07:30,1730.0000
281,RENGALI,CWC,21,Odisha,344,ANUGUL,KANIHA,-,-,Brahmani,West flowing rivers of Kutch and Saurashtra including Luni,-,-,-,Brahmani,21.28333333,85.03333333,08-10-2010 07:30,1730.0000
282,RENGALI,CWC,21,Odisha,344,ANUGUL,KANIHA,-,-,Brahmani,West flowing rivers of Kutch and Saurashtra including Luni,-,-,-,Brahmani,21.28333333,85.03333333,09-10-2010 07:30,1730.0000
283,RENGALI,CWC,21,Odisha,344,ANUGUL,KANIHA,-,-,Brahmani,West flowing rivers of Kutch and Saurashtra including Luni,-,-,-,Brahmani,21.28333333,85.03333333,10-10-2010 07:30,1730.0000
284,RENGALI,CWC,21,Odisha,344,ANUGUL,KANIHA,-,-,Brahmani,West flowing rivers of Kutch and Saurashtra including Luni,-,-,-,Brahmani,21.28333333,85.03333333,11-10-2010 07:30,1730.0000
285,RENGALI,CWC,21,Odisha,344,ANUGUL,KANIHA,-,-,Brahmani,West flowing rivers of Kutch and Saurashtra including Luni,-,-,-,Brahmani,21.28333333,85.03333333,12-10-2010 07:30,1730.0000
286,RENGALI,CWC,21,Odisha,344,ANUGUL,KANIHA,-,-,Brahmani,West flowing rivers of Kutch and Saurashtra including Luni,-,-,-,Brahmani,21.28333333,85.03333333,13-10-2010 07:30,1730.0000
287,RENGALI,CWC,21,Odisha,344,ANUGUL,KANIHA,-,-,Brahmani,West flowing rivers of Kutch and Saurashtra including Luni,-,-,-,Brahmani,21.28333333,85.03333333,14-10-2010 07:30,1730.0000
288,RENGALI,CWC,21,Odisha,344,ANUGUL,KANIHA,-,-,Brahmani,West flowing rivers of Kutch and Saurashtra including Luni,-,-,-,Brahmani,21.28333333,85.03333333,15-10-2010 07:30,1730.0000
289,RENGALI,CWC,21,Odisha,344,ANUGUL,KANIHA,-,-,Brahmani,West flowing rivers of Kutch and Saurashtra including Luni,-,-,-,Brahmani,21.28333333,85.03333333,16-10-2010 07:30,1730.0000
290,RENGALI,CWC,21,Odisha,344,ANUGUL,KANIHA,-,-,Brahmani,West flowing rivers of Kutch and Saurashtra including Luni,-,-,-,Brahmani,21.28333333,85.03333333,17-10-2010 07:30,1730.0000
291,RENGALI,CWC,21,Odisha,344,ANUGUL,KANIHA,-,-,Brahmani,West flowing rivers of Kutch and Saurashtra including Luni,-,-,-,Brahmani,21.28333333,85.03333333,18-10-2010 07:30,1779.0000
292,RENGALI,CWC,21,Odisha,344,ANUGUL,KANIHA,-,-,Brahmani,West flowing rivers of Kutch and Saurashtra including Luni,-,-,-,Brahmani,21.28333333,85.03333333,19-10-2010 07:30,1773.0000
293,RENGALI,CWC,21,Odisha,344,ANUGUL,KANIHA,-,-,Brahmani,West flowing rivers of Kutch and Saurashtra including Luni,-,-,-,Brahmani,21.28333333,85.03333333,20-10-2010 07:30,1785.0000
294,RENGALI,CWC,21,Odisha,344,ANUGUL,KANIHA,-,-,Brahmani,West flowing rivers of Kutch and Saurashtra including Luni,-,-,-,Brahmani,21.28333333,85.03333333,21-10-2010 07:30,1785.0000
295,RENGALI,CWC,21,Odisha,344,ANUGUL,KANIHA,-,-,Brahmani,West flowing rivers of Kutch and Saurashtra including Luni,-,-,-,Brahmani,21.28333333,85.03333333,22-10-2010 07:30,1785.0000
296,RENGALI,CWC,21,Odisha,344,ANUGUL,KANIHA,-,-,Brahmani,West flowing rivers of Kutch and Saurashtra including Luni,-,-,-,Brahmani,21.28333333,85.03333333,23-10-2010 07:30,1785.0000
297,RENGALI,CWC,21,Odisha,344,ANUGUL,KANIHA,-,-,Brahmani,West flowing rivers of Kutch and Saurashtra including Luni,-,-,-,Brahmani,21.28333333,85.03333333,24-10-2010 07:30,1785.0000
298,RENGALI,CWC,21,Odisha,344,ANUGUL,KANIHA,-,-,Brahmani,West flowing rivers of Kutch and Saurashtra including Luni,-,-,-,Brahmani,21.28333333,85.03333333,25-10-2010 07:30,1785.0000
299,RENGALI,CWC,21,Odisha,344,ANUGUL,KANIHA,-,-,Brahmani,West flowing rivers of Kutch and Saurashtra including Luni,-,-,-,Brahmani,21.28333333,85.03333333,26-10-2010 07:30,1785.0000
300,RENGALI,CWC,21,Odisha,344,ANUGUL,KANIHA,-,-,Brahmani,West flowing rivers of Kutch and Saurashtra including Luni,-,-,-,Brahmani,21.28333333,85.03333333,27-10-2010 07:30,1832.0000
301,RENGALI,CWC,21,Odisha,344,ANUGUL,KANIHA,-,-,Brahmani,West flowing rivers of Kutch and Saurashtra including Luni,-,-,-,Brahmani,21.28333333,85.03333333,28-10-2010 07:30,1832.0000
302,RENGALI,CWC,21,Odisha,344,ANUGUL,KANIHA,-,-,Brahmani,West flowing rivers of Kutch and Saurashtra including Luni,-,-,-,Brahmani,21.28333333,85.03333333,29-10-2010 07:30,1832.0000
303,RENGALI,CWC,21,Odisha,344,ANUGUL,KANIHA,-,-,Brahmani,West flowing rivers of Kutch and Saurashtra including Luni,-,-,-,Brahmani,21.28333333,85.03333333,30-10-2010 07:30,1832.0000
304,RENGALI,CWC,21,Odisha,344,ANUGUL,KANIHA,-,-,Brahmani,West flowing rivers of Kutch and Saurashtra including Luni,-,-,-,Brahmani,21.28333333,85.03333333,31-10-2010 07:30,1832.0000
305,RENGALI,CWC,21,Odisha,344,ANUGUL,KANIHA,-,-,Brahmani,West flowing rivers of Kutch and Saurashtra including Luni,-,-,-,Brahmani,21.28333333,85.03333333,01-11-2010 07:30,1862.0000
306,RENGALI,CWC,21,Odisha,344,ANUGUL,KANIHA,-,-,Brahmani,West flowing rivers of Kutch and Saurashtra including Luni,-,-,-,Brahmani,21.28333333,85.03333333,02-11-2010 07:30,1862.0000
307,RENGALI,CWC,21,Odisha,344,ANUGUL,KANIHA,-,-,Brahmani,West flowing rivers of Kutch and Saurashtra including Luni,-,-,-,Brahmani,21.28333333,85.03333333,03-11-2010 07:30,1862.0000
308,RENGALI,CWC,21,Odisha,344,ANUGUL,KANIHA,-,-,Brahmani,West flowing rivers of Kutch and Saurashtra including Luni,-,-,-,Brahmani,21.28333333,85.03333333,04-11-2010 07:30,1859.0000
309,RENGALI,CWC,21,Odisha,344,ANUGUL,KANIHA,-,-,Brahmani,West flowing rivers of Kutch and Saurashtra including Luni,-,-,-,Brahmani,21.28333333,85.03333333,05-11-2010 07:30,1859.0000
310,RENGALI,CWC,21,Odisha,344,ANUGUL,KANIHA,-,-,Brahmani,West flowing rivers of Kutch and Saurashtra including Luni,-,-,-,Brahmani,21.28333333,85.03333333,06-11-2010 07:30,1866.0001
311,RENGALI,CWC,21,Odisha,344,ANUGUL,KANIHA,-,-,Brahmani,West flowing rivers of Kutch and Saurashtra including Luni,-,-,-,Brahmani,21.28333333,85.03333333,07-11-2010 07:30,1868.0000
312,RENGALI,CWC,21,Odisha,344,ANUGUL,KANIHA,-,-,Brahmani,West flowing rivers of Kutch and Saurashtra including Luni,-,-,-,Brahmani,21.28333333,85.03333333,08-11-2010 07:30,1866.0001
313,RENGALI,CWC,21,Odisha,344,ANUGUL,KANIHA,-,-,Brahmani,West flowing rivers of Kutch and Saurashtra including Luni,-,-,-,Brahmani,21.28333333,85.03333333,09-11-2010 07:30,1862.0000
314,RENGALI,CWC,21,Odisha,344,ANUGUL,KANIHA,-,-,Brahmani,West flowing rivers of Kutch and Saurashtra including Luni,-,-,-,Brahmani,21.28333333,85.03333333,10-11-2010 07:30,1862.0000
315,RENGALI,CWC,21,Odisha,344,ANUGUL,KANIHA,-,-,Brahmani,West flowing rivers of Kutch and Saurashtra including Luni,-,-,-,Brahmani,21.28333333,85.03333333,11-11-2010 07:30,1862.0000
316,RENGALI,CWC,21,Odisha,344,ANUGUL,KANIHA,-,-,Brahmani,West flowing rivers of Kutch and Saurashtra including Luni,-,-,-,Brahmani,21.28333333,85.03333333,12-11-2010 07:30,1862.0000
317,RENGALI,CWC,21,Odisha,344,ANUGUL,KANIHA,-,-,Brahmani,West flowing rivers of Kutch and Saurashtra including Luni,-,-,-,Brahmani,21.28333333,85.03333333,13-11-2010 07:30,1868.0000
318,RENGALI,CWC,21,Odisha,344,ANUGUL,KANIHA,-,-,Brahmani,West flowing rivers of Kutch and Saurashtra including Luni,-,-,-,Brahmani,21.28333333,85.03333333,14-11-2010 07:30,1868.0000
319,RENGALI,CWC,21,Odisha,344,ANUGUL,KANIHA,-,-,Brahmani,West flowing rivers of Kutch and Saurashtra including Luni,-,-,-,Brahmani,21.28333333,85.03333333,15-11-2010 07:30,1868.0000
320,RENGALI,CWC,21,Odisha,344,ANUGUL,KANIHA,-,-,Brahmani,West flowing rivers of Kutch and Saurashtra including Luni,-,-,-,Brahmani,21.28333333,85.03333333,16-11-2010 07:30,1868.0000
321,RENGALI,CWC,21,Odisha,344,ANUGUL,KANIHA,-,-,Brahmani,West flowing rivers of Kutch and Saurashtra including Luni,-,-,-,Brahmani,21.28333333,85.03333333,17-11-2010 07:30,1868.0000
322,RENGALI,CWC,21,Odisha,344,ANUGUL,KANIHA,-,-,Brahmani,West flowing rivers of Kutch and Saurashtra including Luni,-,-,-,Brahmani,21.28333333,85.03333333,18-11-2010 07:30,1866.0001
323,RENGALI,CWC,21,Odisha,344,ANUGUL,KANIHA,-,-,Brahmani,West flowing rivers of Kutch and Saurashtra including Luni,-,-,-,Brahmani,21.28333333,85.03333333,19-11-2010 07:30,1862.0000
324,RENGALI,CWC,21,Odisha,344,ANUGUL,KANIHA,-,-,Brahmani,West flowing rivers of Kutch and Saurashtra including Luni,-,-,-,Brahmani,21.28333333,85.03333333,20-11-2010 07:30,1862.0000
325,RENGALI,CWC,21,Odisha,344,ANUGUL,KANIHA,-,-,Brahmani,West flowing rivers of Kutch and Saurashtra including Luni,-,-,-,Brahmani,21.28333333,85.03333333,21-11-2010 07:30,1862.0000
326,RENGALI,CWC,21,Odisha,344,ANUGUL,KANIHA,-,-,Brahmani,West flowing rivers of Kutch and Saurashtra including Luni,-,-,-,Brahmani,21.28333333,85.03333333,22-11-2010 07:30,1862.0000
327,RENGALI,CWC,21,Odisha,344,ANUGUL,KANIHA,-,-,Brahmani,West flowing rivers of Kutch and Saurashtra including Luni,-,-,-,Brahmani,21.28333333,85.03333333,23-11-2010 07:30,1855.9999
328,RENGALI,CWC,21,Odisha,344,ANUGUL,KANIHA,-,-,Brahmani,West flowing rivers of Kutch and Saurashtra including Luni,-,-,-,Brahmani,21.28333333,85.03333333,24-11-2010 07:30,1847.0000
329,RENGALI,CWC,21,Odisha,344,ANUGUL,KANIHA,-,-,Brahmani,West flowing rivers of Kutch and Saurashtra including Luni,-,-,-,Brahmani,21.28333333,85.03333333,25-11-2010 07:30,1847.0000
330,RENGALI,CWC,21,Odisha,344,ANUGUL,KANIHA,-,-,Brahmani,West flowing rivers of Kutch and Saurashtra including Luni,-,-,-,Brahmani,21.28333333,85.03333333,26-11-2010 07:30,1844.0000
331,RENGALI,CWC,21,Odisha,344,ANUGUL,KANIHA,-,-,Brahmani,West flowing rivers of Kutch and Saurashtra including Luni,-,-,-,Brahmani,21.28333333,85.03333333,27-11-2010 07:30,1844.0000
332,RENGALI,CWC,21,Odisha,344,ANUGUL,KANIHA,-,-,Brahmani,West flowing rivers of Kutch and Saurashtra including Luni,-,-,-,Brahmani,21.28333333,85.03333333,28-11-2010 07:30,1844.0000
333,RENGALI,CWC,21,Odisha,344,ANUGUL,KANIHA,-,-,Brahmani,West flowing rivers of Kutch and Saurashtra including Luni,-,-,-,Brahmani,21.28333333,85.03333333,29-11-2010 07:30,1835.0000
334,RENGALI,CWC,21,Odisha,344,ANUGUL,KANIHA,-,-,Brahmani,West flowing rivers of Kutch and Saurashtra including Luni,-,-,-,Brahmani,21.28333333,85.03333333,30-11-2010 07:30,1835.0000
335,RENGALI,CWC,21,Odisha,344,ANUGUL,KANIHA,-,-,Brahmani,West flowing rivers of Kutch and Saurashtra including Luni,-,-,-,Brahmani,21.28333333,85.03333333,01-12-2010 07:30,1829.0000
336,RENGALI,CWC,21,Odisha,344,ANUGUL,KANIHA,-,-,Brahmani,West flowing rivers of Kutch and Saurashtra including Luni,-,-,-,Brahmani,21.28333333,85.03333333,02-12-2010 07:30,1823.0000
337,RENGALI,CWC,21,Odisha,344,ANUGUL,KANIHA,-,-,Brahmani,West flowing rivers of Kutch and Saurashtra including Luni,-,-,-,Brahmani,21.28333333,85.03333333,03-12-2010 07:30,1820.0001
338,RENGALI,CWC,21,Odisha,344,ANUGUL,KANIHA,-,-,Brahmani,West flowing rivers of Kutch and Saurashtra including Luni,-,-,-,Brahmani,21.28333333,85.03333333,04-12-2010 07:30,1817.0000
339,RENGALI,CWC,21,Odisha,344,ANUGUL,KANIHA,-,-,Brahmani,West flowing rivers of Kutch and Saurashtra including Luni,-,-,-,Brahmani,21.28333333,85.03333333,05-12-2010 07:30,1808.0000
340,RENGALI,CWC,21,Odisha,344,ANUGUL,KANIHA,-,-,Brahmani,West flowing rivers of Kutch and Saurashtra including Luni,-,-,-,Brahmani,21.28333333,85.03333333,06-12-2010 07:30,1808.0000
341,RENGALI,CWC,21,Odisha,344,ANUGUL,KANIHA,-,-,Brahmani,West flowing rivers of Kutch and Saurashtra including Luni,-,-,-,Brahmani,21.28333333,85.03333333,07-12-2010 07:30,1806.0000
342,RENGALI,CWC,21,Odisha,344,ANUGUL,KANIHA,-,-,Brahmani,West flowing rivers of Kutch and Saurashtra including Luni,-,-,-,Brahmani,21.28333333,85.03333333,08-12-2010 07:30,1806.0000
343,RENGALI,CWC,21,Odisha,344,ANUGUL,KANIHA,-,-,Brahmani,West flowing rivers of Kutch and Saurashtra including Luni,-,-,-,Brahmani,21.28333333,85.03333333,09-12-2010 07:30,1806.0000
344,RENGALI,CWC,21,Odisha,344,ANUGUL,KANIHA,-,-,Brahmani,West flowing rivers of Kutch and Saurashtra including Luni,-,-,-,Brahmani,21.28333333,85.03333333,10-12-2010 07:30,1806.0000
345,RENGALI,CWC,21,Odisha,344,ANUGUL,KANIHA,-,-,Brahmani,West flowing rivers of Kutch and Saurashtra including Luni,-,-,-,Brahmani,21.28333333,85.03333333,11-12-2010 07:30,1802.0000
346,RENGALI,CWC,21,Odisha,344,ANUGUL,KANIHA,-,-,Brahmani,West flowing rivers of Kutch and Saurashtra including Luni,-,-,-,Brahmani,21.28333333,85.03333333,12-12-2010 07:30,1802.0000
347,RENGALI,CWC,21,Odisha,344,ANUGUL,KANIHA,-,-,Brahmani,West flowing rivers of Kutch and Saurashtra including Luni,-,-,-,Brahmani,21.28333333,85.03333333,13-12-2010 07:30,1802.0000
348,RENGALI,CWC,21,Odisha,344,ANUGUL,KANIHA,-,-,Brahmani,West flowing rivers of Kutch and Saurashtra including Luni,-,-,-,Brahmani,21.28333333,85.03333333,14-12-2010 07:30,1800.0000
349,RENGALI,CWC,21,Odisha,344,ANUGUL,KANIHA,-,-,Brahmani,West flowing rivers of Kutch and Saurashtra including Luni,-,-,-,Brahmani,21.28333333,85.03333333,15-12-2010 07:30,1800.0000
350,RENGALI,CWC,21,Odisha,344,ANUGUL,KANIHA,-,-,Brahmani,West flowing rivers of Kutch and Saurashtra including Luni,-,-,-,Brahmani,21.28333333,85.03333333,16-12-2010 07:30,1800.0000
351,RENGALI,CWC,21,Odisha,344,ANUGUL,KANIHA,-,-,Brahmani,West flowing rivers of Kutch and Saurashtra including Luni,-,-,-,Brahmani,21.28333333,85.03333333,17-12-2010 07:30,1800.0000
352,RENGALI,CWC,21,Odisha,344,ANUGUL,KANIHA,-,-,Brahmani,West flowing rivers of Kutch and Saurashtra including Luni,-,-,-,Brahmani,21.28333333,85.03333333,18-12-2010 07:30,1800.0000
353,RENGALI,CWC,21,Odisha,344,ANUGUL,KANIHA,-,-,Brahmani,West flowing rivers of Kutch and Saurashtra including Luni,-,-,-,Brahmani,21.28333333,85.03333333,19-12-2010 07:30,1800.0000
354,RENGALI,CWC,21,Odisha,344,ANUGUL,KANIHA,-,-,Brahmani,West flowing rivers of Kutch and Saurashtra including Luni,-,-,-,Brahmani,21.28333333,85.03333333,20-12-2010 07:30,1800.0000
355,RENGALI,CWC,21,Odisha,344,ANUGUL,KANIHA,-,-,Brahmani,West flowing rivers of Kutch and Saurashtra including Luni,-,-,-,Brahmani,21.28333333,85.03333333,21-12-2010 07:30,1775.0000
356,RENGALI,CWC,21,Odisha,344,ANUGUL,KANIHA,-,-,Brahmani,West flowing rivers of Kutch and Saurashtra including Luni,-,-,-,Brahmani,21.28333333,85.03333333,22-12-2010 07:30,1775.0000
357,RENGALI,CWC,21,Odisha,344,ANUGUL,KANIHA,-,-,Brahmani,West flowing rivers of Kutch and Saurashtra including Luni,-,-,-,Brahmani,21.28333333,85.03333333,23-12-2010 07:30,1785.0000
358,RENGALI,CWC,21,Odisha,344,ANUGUL,KANIHA,-,-,Brahmani,West flowing rivers of Kutch and Saurashtra including Luni,-,-,-,Brahmani,21.28333333,85.03333333,24-12-2010 07:30,1785.0000
359,RENGALI,CWC,21,Odisha,344,ANUGUL,KANIHA,-,-,Brahmani,West flowing rivers of Kutch and Saurashtra including Luni,-,-,-,Brahmani,21.28333333,85.03333333,25-12-2010 07:30,1785.0000
360,RENGALI,CWC,21,Odisha,344,ANUGUL,KANIHA,-,-,Brahmani,West flowing rivers of Kutch and Saurashtra including Luni,-,-,-,Brahmani,21.28333333,85.03333333,26-12-2010 07:30,1785.0000
361,RENGALI,CWC,21,Odisha,344,ANUGUL,KANIHA,-,-,Brahmani,West flowing rivers of Kutch and Saurashtra including Luni,-,-,-,Brahmani,21.28333333,85.03333333,27-12-2010 07:30,1785.0000
362,RENGALI,CWC,21,Odisha,344,ANUGUL,KANIHA,-,-,Brahmani,West flowing rivers of Kutch and Saurashtra including Luni,-,-,-,Brahmani,21.28333333,85.03333333,28-12-2010 07:30,1785.0000
363,RENGALI,CWC,21,Odisha,344,ANUGUL,KANIHA,-,-,Brahmani,West flowing rivers of Kutch and Saurashtra including Luni,-,-,-,Brahmani,21.28333333,85.03333333,29-12-2010 07:30,1785.0000
364,RENGALI,CWC,21,Odisha,344,ANUGUL,KANIHA,-,-,Brahmani,West flowing rivers of Kutch and Saurashtra including Luni,-,-,-,Brahmani,21.28333333,85.03333333,30-12-2010 07:30,1785.0000
