SlNo,Station,Agency,State LGD Code,State,District LGD Code,District,Tehsil,Block,Village,River,Basin,Tributary,Subtributary,SubSubtributary,Local River,Latitude,Longitude,Data Acquisition Time,Manual Daily River Water Discharge (m3/sec)
1,Balat,CWC,17,Meghalaya,658,South West Khasi Hills,Ranikor,-,-,umngi,Minor rivers draining into Myanmar and Bangladesh,-,-,-,umngi,25.22388889,91.35527778,01-01-2026 08:00,20.131
2,Balat,CWC,17,Meghalaya,658,South West Khasi Hills,Ranikor,-,-,umngi,Minor rivers draining into Myanmar and Bangladesh,-,-,-,umngi,25.22388889,91.35527778,01-01-2026 08:30,20.131
3,Balat,CWC,17,Meghalaya,658,South West Khasi Hills,Ranikor,-,-,umngi,Minor rivers draining into Myanmar and Bangladesh,-,-,-,umngi,25.22388889,91.35527778,02-01-2026 08:00,20.131
4,Balat,CWC,17,Meghalaya,658,South West Khasi Hills,Ranikor,-,-,umngi,Minor rivers draining into Myanmar and Bangladesh,-,-,-,umngi,25.22388889,91.35527778,02-01-2026 08:30,20.131
5,Balat,CWC,17,Meghalaya,658,South West Khasi Hills,Ranikor,-,-,umngi,Minor rivers draining into Myanmar and Bangladesh,-,-,-,umngi,25.22388889,91.35527778,03-01-2026 08:00,20.131
6,Balat,CWC,17,Meghalaya,658,South West Khasi Hills,Ranikor,-,-,umngi,Minor rivers draining into Myanmar and Bangladesh,-,-,-,umngi,25.22388889,91.35527778,03-01-2026 08:30,20.031
7,Balat,CWC,17,Meghalaya,658,South West Khasi Hills,Ranikor,-,-,umngi,Minor rivers draining into Myanmar and Bangladesh,-,-,-,umngi,25.22388889,91.35527778,04-01-2026 08:00,20.131
8,Balat,CWC,17,Meghalaya,658,South West Khasi Hills,Ranikor,-,-,umngi,Minor rivers draining into Myanmar and Bangladesh,-,-,-,umngi,25.22388889,91.35527778,04-01-2026 08:30,20.19
9,Balat,CWC,17,Meghalaya,658,South West Khasi Hills,Ranikor,-,-,umngi,Minor rivers draining into Myanmar and Bangladesh,-,-,-,umngi,25.22388889,91.35527778,05-01-2026 08:00,20.3
10,Balat,CWC,17,Meghalaya,658,South West Khasi Hills,Ranikor,-,-,umngi,Minor rivers draining into Myanmar and Bangladesh,-,-,-,umngi,25.22388889,91.35527778,05-01-2026 08:30,19.816
11,Balat,CWC,17,Meghalaya,658,South West Khasi Hills,Ranikor,-,-,umngi,Minor rivers draining into Myanmar and Bangladesh,-,-,-,umngi,25.22388889,91.35527778,06-01-2026 08:00,20.36
12,Balat,CWC,17,Meghalaya,658,South West Khasi Hills,Ranikor,-,-,umngi,Minor rivers draining into Myanmar and Bangladesh,-,-,-,umngi,25.22388889,91.35527778,06-01-2026 08:30,19.816
13,Balat,CWC,17,Meghalaya,658,South West Khasi Hills,Ranikor,-,-,umngi,Minor rivers draining into Myanmar and Bangladesh,-,-,-,umngi,25.22388889,91.35527778,07-01-2026 08:00,20.24
14,Balat,CWC,17,Meghalaya,658,South West Khasi Hills,Ranikor,-,-,umngi,Minor rivers draining into Myanmar and Bangladesh,-,-,-,umngi,25.22388889,91.35527778,07-01-2026 08:30,19.816
15,Balat,CWC,17,Meghalaya,658,South West Khasi Hills,Ranikor,-,-,umngi,Minor rivers draining into Myanmar and Bangladesh,-,-,-,umngi,25.22388889,91.35527778,08-01-2026 08:00,19.38
16,Balat,CWC,17,Meghalaya,658,South West Khasi Hills,Ranikor,-,-,umngi,Minor rivers draining into Myanmar and Bangladesh,-,-,-,umngi,25.22388889,91.35527778,08-01-2026 08:30,19.38
17,Balat,CWC,17,Meghalaya,658,South West Khasi Hills,Ranikor,-,-,umngi,Minor rivers draining into Myanmar and Bangladesh,-,-,-,umngi,25.22388889,91.35527778,09-01-2026 08:00,19.38
18,Balat,CWC,17,Meghalaya,658,South West Khasi Hills,Ranikor,-,-,umngi,Minor rivers draining into Myanmar and Bangladesh,-,-,-,umngi,25.22388889,91.35527778,09-01-2026 08:30,19.38
19,Balat,CWC,17,Meghalaya,658,South West Khasi Hills,Ranikor,-,-,umngi,Minor rivers draining into Myanmar and Bangladesh,-,-,-,umngi,25.22388889,91.35527778,10-01-2026 08:00,19.38
20,Balat,CWC,17,Meghalaya,658,South West Khasi Hills,Ranikor,-,-,umngi,Minor rivers draining into Myanmar and Bangladesh,-,-,-,umngi,25.22388889,91.35527778,10-01-2026 08:30,19.38
21,Balat,CWC,17,Meghalaya,658,South West Khasi Hills,Ranikor,-,-,umngi,Minor rivers draining into Myanmar and Bangladesh,-,-,-,umngi,25.22388889,91.35527778,11-01-2026 08:00,19.38
22,Balat,CWC,17,Meghalaya,658,South West Khasi Hills,Ranikor,-,-,umngi,Minor rivers draining into Myanmar and Bangladesh,-,-,-,umngi,25.22388889,91.35527778,11-01-2026 08:30,19.38
23,Balat,CWC,17,Meghalaya,658,South West Khasi Hills,Ranikor,-,-,umngi,Minor rivers draining into Myanmar and Bangladesh,-,-,-,umngi,25.22388889,91.35527778,12-01-2026 08:00,19.38
24,Balat,CWC,17,Meghalaya,658,South West Khasi Hills,Ranikor,-,-,umngi,Minor rivers draining into Myanmar and Bangladesh,-,-,-,umngi,25.22388889,91.35527778,12-01-2026 08:30,19.38
25,Balat,CWC,17,Meghalaya,658,South West Khasi Hills,Ranikor,-,-,umngi,Minor rivers draining into Myanmar and Bangladesh,-,-,-,umngi,25.22388889,91.35527778,13-01-2026 08:00,19.055
26,Balat,CWC,17,Meghalaya,658,South West Khasi Hills,Ranikor,-,-,umngi,Minor rivers draining into Myanmar and Bangladesh,-,-,-,umngi,25.22388889,91.35527778,13-01-2026 08:30,19.055
27,Balat,CWC,17,Meghalaya,658,South West Khasi Hills,Ranikor,-,-,umngi,Minor rivers draining into Myanmar and Bangladesh,-,-,-,umngi,25.22388889,91.35527778,14-01-2026 08:00,19.055
28,Balat,CWC,17,Meghalaya,658,South West Khasi Hills,Ranikor,-,-,umngi,Minor rivers draining into Myanmar and Bangladesh,-,-,-,umngi,25.22388889,91.35527778,14-01-2026 08:30,19.055
29,Balat,CWC,17,Meghalaya,658,South West Khasi Hills,Ranikor,-,-,umngi,Minor rivers draining into Myanmar and Bangladesh,-,-,-,umngi,25.22388889,91.35527778,15-01-2026 08:00,19.055
30,Balat,CWC,17,Meghalaya,658,South West Khasi Hills,Ranikor,-,-,umngi,Minor rivers draining into Myanmar and Bangladesh,-,-,-,umngi,25.22388889,91.35527778,15-01-2026 08:30,19.055
31,Balat,CWC,17,Meghalaya,658,South West Khasi Hills,Ranikor,-,-,umngi,Minor rivers draining into Myanmar and Bangladesh,-,-,-,umngi,25.22388889,91.35527778,16-01-2026 08:00,19.055
32,Balat,CWC,17,Meghalaya,658,South West Khasi Hills,Ranikor,-,-,umngi,Minor rivers draining into Myanmar and Bangladesh,-,-,-,umngi,25.22388889,91.35527778,16-01-2026 08:30,19.055
33,Balat,CWC,17,Meghalaya,658,South West Khasi Hills,Ranikor,-,-,umngi,Minor rivers draining into Myanmar and Bangladesh,-,-,-,umngi,25.22388889,91.35527778,17-01-2026 08:00,19.055
34,Balat,CWC,17,Meghalaya,658,South West Khasi Hills,Ranikor,-,-,umngi,Minor rivers draining into Myanmar and Bangladesh,-,-,-,umngi,25.22388889,91.35527778,17-01-2026 08:30,19.055
35,Balat,CWC,17,Meghalaya,658,South West Khasi Hills,Ranikor,-,-,umngi,Minor rivers draining into Myanmar and Bangladesh,-,-,-,umngi,25.22388889,91.35527778,18-01-2026 08:00,19.055
36,Balat,CWC,17,Meghalaya,658,South West Khasi Hills,Ranikor,-,-,umngi,Minor rivers draining into Myanmar and Bangladesh,-,-,-,umngi,25.22388889,91.35527778,18-01-2026 08:30,19.055
37,Balat,CWC,17,Meghalaya,658,South West Khasi Hills,Ranikor,-,-,umngi,Minor rivers draining into Myanmar and Bangladesh,-,-,-,umngi,25.22388889,91.35527778,19-01-2026 08:00,19.055
38,Balat,CWC,17,Meghalaya,658,South West Khasi Hills,Ranikor,-,-,umngi,Minor rivers draining into Myanmar and Bangladesh,-,-,-,umngi,25.22388889,91.35527778,19-01-2026 08:30,19.055
39,Balat,CWC,17,Meghalaya,658,South West Khasi Hills,Ranikor,-,-,umngi,Minor rivers draining into Myanmar and Bangladesh,-,-,-,umngi,25.22388889,91.35527778,20-01-2026 08:00,19.055
40,Balat,CWC,17,Meghalaya,658,South West Khasi Hills,Ranikor,-,-,umngi,Minor rivers draining into Myanmar and Bangladesh,-,-,-,umngi,25.22388889,91.35527778,20-01-2026 08:30,19.055
41,Balat,CWC,17,Meghalaya,658,South West Khasi Hills,Ranikor,-,-,umngi,Minor rivers draining into Myanmar and Bangladesh,-,-,-,umngi,25.22388889,91.35527778,21-01-2026 08:00,18.756
42,Balat,CWC,17,Meghalaya,658,South West Khasi Hills,Ranikor,-,-,umngi,Minor rivers draining into Myanmar and Bangladesh,-,-,-,umngi,25.22388889,91.35527778,21-01-2026 08:30,18.756
43,Balat,CWC,17,Meghalaya,658,South West Khasi Hills,Ranikor,-,-,umngi,Minor rivers draining into Myanmar and Bangladesh,-,-,-,umngi,25.22388889,91.35527778,22-01-2026 08:00,18.756
44,Balat,CWC,17,Meghalaya,658,South West Khasi Hills,Ranikor,-,-,umngi,Minor rivers draining into Myanmar and Bangladesh,-,-,-,umngi,25.22388889,91.35527778,22-01-2026 08:30,18.756
45,Balat,CWC,17,Meghalaya,658,South West Khasi Hills,Ranikor,-,-,umngi,Minor rivers draining into Myanmar and Bangladesh,-,-,-,umngi,25.22388889,91.35527778,23-01-2026 08:00,18.756
46,Balat,CWC,17,Meghalaya,658,South West Khasi Hills,Ranikor,-,-,umngi,Minor rivers draining into Myanmar and Bangladesh,-,-,-,umngi,25.22388889,91.35527778,23-01-2026 08:30,18.746
47,Balat,CWC,17,Meghalaya,658,South West Khasi Hills,Ranikor,-,-,umngi,Minor rivers draining into Myanmar and Bangladesh,-,-,-,umngi,25.22388889,91.35527778,24-01-2026 08:00,18.756
48,Balat,CWC,17,Meghalaya,658,South West Khasi Hills,Ranikor,-,-,umngi,Minor rivers draining into Myanmar and Bangladesh,-,-,-,umngi,25.22388889,91.35527778,24-01-2026 08:30,18.746
49,Balat,CWC,17,Meghalaya,658,South West Khasi Hills,Ranikor,-,-,umngi,Minor rivers draining into Myanmar and Bangladesh,-,-,-,umngi,25.22388889,91.35527778,25-01-2026 08:00,18.736
50,Balat,CWC,17,Meghalaya,658,South West Khasi Hills,Ranikor,-,-,umngi,Minor rivers draining into Myanmar and Bangladesh,-,-,-,umngi,25.22388889,91.35527778,25-01-2026 08:30,18.74
51,Balat,CWC,17,Meghalaya,658,South West Khasi Hills,Ranikor,-,-,umngi,Minor rivers draining into Myanmar and Bangladesh,-,-,-,umngi,25.22388889,91.35527778,26-01-2026 08:00,18.725
52,Balat,CWC,17,Meghalaya,658,South West Khasi Hills,Ranikor,-,-,umngi,Minor rivers draining into Myanmar and Bangladesh,-,-,-,umngi,25.22388889,91.35527778,26-01-2026 08:30,18.74
53,Balat,CWC,17,Meghalaya,658,South West Khasi Hills,Ranikor,-,-,umngi,Minor rivers draining into Myanmar and Bangladesh,-,-,-,umngi,25.22388889,91.35527778,27-01-2026 08:00,18.756
54,Balat,CWC,17,Meghalaya,658,South West Khasi Hills,Ranikor,-,-,umngi,Minor rivers draining into Myanmar and Bangladesh,-,-,-,umngi,25.22388889,91.35527778,27-01-2026 08:30,18.756
55,Balat,CWC,17,Meghalaya,658,South West Khasi Hills,Ranikor,-,-,umngi,Minor rivers draining into Myanmar and Bangladesh,-,-,-,umngi,25.22388889,91.35527778,28-01-2026 08:00,18.351
56,Balat,CWC,17,Meghalaya,658,South West Khasi Hills,Ranikor,-,-,umngi,Minor rivers draining into Myanmar and Bangladesh,-,-,-,umngi,25.22388889,91.35527778,28-01-2026 08:30,18.351
57,Balat,CWC,17,Meghalaya,658,South West Khasi Hills,Ranikor,-,-,umngi,Minor rivers draining into Myanmar and Bangladesh,-,-,-,umngi,25.22388889,91.35527778,29-01-2026 08:00,18.351
58,Balat,CWC,17,Meghalaya,658,South West Khasi Hills,Ranikor,-,-,umngi,Minor rivers draining into Myanmar and Bangladesh,-,-,-,umngi,25.22388889,91.35527778,29-01-2026 08:30,18.351
59,Balat,CWC,17,Meghalaya,658,South West Khasi Hills,Ranikor,-,-,umngi,Minor rivers draining into Myanmar and Bangladesh,-,-,-,umngi,25.22388889,91.35527778,30-01-2026 08:00,18.351
60,Balat,CWC,17,Meghalaya,658,South West Khasi Hills,Ranikor,-,-,umngi,Minor rivers draining into Myanmar and Bangladesh,-,-,-,umngi,25.22388889,91.35527778,30-01-2026 08:30,18.351
61,Balat,CWC,17,Meghalaya,658,South West Khasi Hills,Ranikor,-,-,umngi,Minor rivers draining into Myanmar and Bangladesh,-,-,-,umngi,25.22388889,91.35527778,31-01-2026 08:00,18.351
62,Balat,CWC,17,Meghalaya,658,South West Khasi Hills,Ranikor,-,-,umngi,Minor rivers draining into Myanmar and Bangladesh,-,-,-,umngi,25.22388889,91.35527778,31-01-2026 08:30,18.351
63,Balat,CWC,17,Meghalaya,658,South West Khasi Hills,Ranikor,-,-,umngi,Minor rivers draining into Myanmar and Bangladesh,-,-,-,umngi,25.22388889,91.35527778,01-02-2026 08:00,16.845
64,Balat,CWC,17,Meghalaya,658,South West Khasi Hills,Ranikor,-,-,umngi,Minor rivers draining into Myanmar and Bangladesh,-,-,-,umngi,25.22388889,91.35527778,02-02-2026 09:00,16.849
65,Balat,CWC,17,Meghalaya,658,South West Khasi Hills,Ranikor,-,-,umngi,Minor rivers draining into Myanmar and Bangladesh,-,-,-,umngi,25.22388889,91.35527778,03-02-2026 09:00,16.834
66,Balat,CWC,17,Meghalaya,658,South West Khasi Hills,Ranikor,-,-,umngi,Minor rivers draining into Myanmar and Bangladesh,-,-,-,umngi,25.22388889,91.35527778,04-02-2026 09:00,16.849
67,Balat,CWC,17,Meghalaya,658,South West Khasi Hills,Ranikor,-,-,umngi,Minor rivers draining into Myanmar and Bangladesh,-,-,-,umngi,25.22388889,91.35527778,05-02-2026 09:00,16.849
68,Balat,CWC,17,Meghalaya,658,South West Khasi Hills,Ranikor,-,-,umngi,Minor rivers draining into Myanmar and Bangladesh,-,-,-,umngi,25.22388889,91.35527778,06-02-2026 09:00,17.92
69,Balat,CWC,17,Meghalaya,658,South West Khasi Hills,Ranikor,-,-,umngi,Minor rivers draining into Myanmar and Bangladesh,-,-,-,umngi,25.22388889,91.35527778,07-02-2026 09:00,16.849
70,Balat,CWC,17,Meghalaya,658,South West Khasi Hills,Ranikor,-,-,umngi,Minor rivers draining into Myanmar and Bangladesh,-,-,-,umngi,25.22388889,91.35527778,08-02-2026 08:00,16.849
71,Balat,CWC,17,Meghalaya,658,South West Khasi Hills,Ranikor,-,-,umngi,Minor rivers draining into Myanmar and Bangladesh,-,-,-,umngi,25.22388889,91.35527778,09-02-2026 09:00,16.849
72,Balat,CWC,17,Meghalaya,658,South West Khasi Hills,Ranikor,-,-,umngi,Minor rivers draining into Myanmar and Bangladesh,-,-,-,umngi,25.22388889,91.35527778,10-02-2026 09:00,16.849
73,Balat,CWC,17,Meghalaya,658,South West Khasi Hills,Ranikor,-,-,umngi,Minor rivers draining into Myanmar and Bangladesh,-,-,-,umngi,25.22388889,91.35527778,11-02-2026 09:00,14.528
74,Balat,CWC,17,Meghalaya,658,South West Khasi Hills,Ranikor,-,-,umngi,Minor rivers draining into Myanmar and Bangladesh,-,-,-,umngi,25.22388889,91.35527778,12-02-2026 09:00,14.528
75,Balat,CWC,17,Meghalaya,658,South West Khasi Hills,Ranikor,-,-,umngi,Minor rivers draining into Myanmar and Bangladesh,-,-,-,umngi,25.22388889,91.35527778,13-02-2026 09:00,14.528
76,Balat,CWC,17,Meghalaya,658,South West Khasi Hills,Ranikor,-,-,umngi,Minor rivers draining into Myanmar and Bangladesh,-,-,-,umngi,25.22388889,91.35527778,14-02-2026 09:00,14.528
77,Balat,CWC,17,Meghalaya,658,South West Khasi Hills,Ranikor,-,-,umngi,Minor rivers draining into Myanmar and Bangladesh,-,-,-,umngi,25.22388889,91.35527778,15-02-2026 08:00,14.625
78,Balat,CWC,17,Meghalaya,658,South West Khasi Hills,Ranikor,-,-,umngi,Minor rivers draining into Myanmar and Bangladesh,-,-,-,umngi,25.22388889,91.35527778,16-02-2026 09:00,14.761
79,Balat,CWC,17,Meghalaya,658,South West Khasi Hills,Ranikor,-,-,umngi,Minor rivers draining into Myanmar and Bangladesh,-,-,-,umngi,25.22388889,91.35527778,17-02-2026 09:00,14.761
80,Balat,CWC,17,Meghalaya,658,South West Khasi Hills,Ranikor,-,-,umngi,Minor rivers draining into Myanmar and Bangladesh,-,-,-,umngi,25.22388889,91.35527778,18-02-2026 09:00,14.761
81,Balat,CWC,17,Meghalaya,658,South West Khasi Hills,Ranikor,-,-,umngi,Minor rivers draining into Myanmar and Bangladesh,-,-,-,umngi,25.22388889,91.35527778,19-02-2026 09:00,14.528
82,Balat,CWC,17,Meghalaya,658,South West Khasi Hills,Ranikor,-,-,umngi,Minor rivers draining into Myanmar and Bangladesh,-,-,-,umngi,25.22388889,91.35527778,20-02-2026 09:00,14.528
83,Balat,CWC,17,Meghalaya,658,South West Khasi Hills,Ranikor,-,-,umngi,Minor rivers draining into Myanmar and Bangladesh,-,-,-,umngi,25.22388889,91.35527778,21-02-2026 09:00,14.528
84,Balat,CWC,17,Meghalaya,658,South West Khasi Hills,Ranikor,-,-,umngi,Minor rivers draining into Myanmar and Bangladesh,-,-,-,umngi,25.22388889,91.35527778,22-02-2026 08:00,13.526
85,Balat,CWC,17,Meghalaya,658,South West Khasi Hills,Ranikor,-,-,umngi,Minor rivers draining into Myanmar and Bangladesh,-,-,-,umngi,25.22388889,91.35527778,23-02-2026 09:00,12.26
86,Balat,CWC,17,Meghalaya,658,South West Khasi Hills,Ranikor,-,-,umngi,Minor rivers draining into Myanmar and Bangladesh,-,-,-,umngi,25.22388889,91.35527778,24-02-2026 09:00,12.26
87,Balat,CWC,17,Meghalaya,658,South West Khasi Hills,Ranikor,-,-,umngi,Minor rivers draining into Myanmar and Bangladesh,-,-,-,umngi,25.22388889,91.35527778,25-02-2026 09:00,12.26
88,Balat,CWC,17,Meghalaya,658,South West Khasi Hills,Ranikor,-,-,umngi,Minor rivers draining into Myanmar and Bangladesh,-,-,-,umngi,25.22388889,91.35527778,26-02-2026 09:00,12.26
89,Balat,CWC,17,Meghalaya,658,South West Khasi Hills,Ranikor,-,-,umngi,Minor rivers draining into Myanmar and Bangladesh,-,-,-,umngi,25.22388889,91.35527778,27-02-2026 09:00,12.26
90,Balat,CWC,17,Meghalaya,658,South West Khasi Hills,Ranikor,-,-,umngi,Minor rivers draining into Myanmar and Bangladesh,-,-,-,umngi,25.22388889,91.35527778,28-02-2026 09:00,12.26
91,Balat,CWC,17,Meghalaya,658,South West Khasi Hills,Ranikor,-,-,umngi,Minor rivers draining into Myanmar and Bangladesh,-,-,-,umngi,25.22388889,91.35527778,01-03-2026 08:00,11.905
92,Balat,CWC,17,Meghalaya,658,South West Khasi Hills,Ranikor,-,-,umngi,Minor rivers draining into Myanmar and Bangladesh,-,-,-,umngi,25.22388889,91.35527778,01-03-2026 08:30,10.593
93,Balat,CWC,17,Meghalaya,658,South West Khasi Hills,Ranikor,-,-,umngi,Minor rivers draining into Myanmar and Bangladesh,-,-,-,umngi,25.22388889,91.35527778,02-03-2026 08:30,10.593
94,Balat,CWC,17,Meghalaya,658,South West Khasi Hills,Ranikor,-,-,umngi,Minor rivers draining into Myanmar and Bangladesh,-,-,-,umngi,25.22388889,91.35527778,02-03-2026 09:00,11.906
95,Balat,CWC,17,Meghalaya,658,South West Khasi Hills,Ranikor,-,-,umngi,Minor rivers draining into Myanmar and Bangladesh,-,-,-,umngi,25.22388889,91.35527778,03-03-2026 08:00,11.906
96,Balat,CWC,17,Meghalaya,658,South West Khasi Hills,Ranikor,-,-,umngi,Minor rivers draining into Myanmar and Bangladesh,-,-,-,umngi,25.22388889,91.35527778,03-03-2026 08:30,10.495
97,Balat,CWC,17,Meghalaya,658,South West Khasi Hills,Ranikor,-,-,umngi,Minor rivers draining into Myanmar and Bangladesh,-,-,-,umngi,25.22388889,91.35527778,04-03-2026 08:00,11.905
98,Balat,CWC,17,Meghalaya,658,South West Khasi Hills,Ranikor,-,-,umngi,Minor rivers draining into Myanmar and Bangladesh,-,-,-,umngi,25.22388889,91.35527778,04-03-2026 08:30,10.4
99,Balat,CWC,17,Meghalaya,658,South West Khasi Hills,Ranikor,-,-,umngi,Minor rivers draining into Myanmar and Bangladesh,-,-,-,umngi,25.22388889,91.35527778,05-03-2026 08:30,10.363
100,Balat,CWC,17,Meghalaya,658,South West Khasi Hills,Ranikor,-,-,umngi,Minor rivers draining into Myanmar and Bangladesh,-,-,-,umngi,25.22388889,91.35527778,05-03-2026 09:00,11.649
101,Balat,CWC,17,Meghalaya,658,South West Khasi Hills,Ranikor,-,-,umngi,Minor rivers draining into Myanmar and Bangladesh,-,-,-,umngi,25.22388889,91.35527778,06-03-2026 08:30,10.363
102,Balat,CWC,17,Meghalaya,658,South West Khasi Hills,Ranikor,-,-,umngi,Minor rivers draining into Myanmar and Bangladesh,-,-,-,umngi,25.22388889,91.35527778,06-03-2026 09:00,11.649
103,Balat,CWC,17,Meghalaya,658,South West Khasi Hills,Ranikor,-,-,umngi,Minor rivers draining into Myanmar and Bangladesh,-,-,-,umngi,25.22388889,91.35527778,07-03-2026 08:30,10.363
104,Balat,CWC,17,Meghalaya,658,South West Khasi Hills,Ranikor,-,-,umngi,Minor rivers draining into Myanmar and Bangladesh,-,-,-,umngi,25.22388889,91.35527778,07-03-2026 09:00,11.649
105,Balat,CWC,17,Meghalaya,658,South West Khasi Hills,Ranikor,-,-,umngi,Minor rivers draining into Myanmar and Bangladesh,-,-,-,umngi,25.22388889,91.35527778,08-03-2026 08:30,10.363
106,Balat,CWC,17,Meghalaya,658,South West Khasi Hills,Ranikor,-,-,umngi,Minor rivers draining into Myanmar and Bangladesh,-,-,-,umngi,25.22388889,91.35527778,08-03-2026 09:00,11.649
107,Balat,CWC,17,Meghalaya,658,South West Khasi Hills,Ranikor,-,-,umngi,Minor rivers draining into Myanmar and Bangladesh,-,-,-,umngi,25.22388889,91.35527778,09-03-2026 08:30,10.363
108,Balat,CWC,17,Meghalaya,658,South West Khasi Hills,Ranikor,-,-,umngi,Minor rivers draining into Myanmar and Bangladesh,-,-,-,umngi,25.22388889,91.35527778,09-03-2026 09:00,11.649
109,Balat,CWC,17,Meghalaya,658,South West Khasi Hills,Ranikor,-,-,umngi,Minor rivers draining into Myanmar and Bangladesh,-,-,-,umngi,25.22388889,91.35527778,10-03-2026 08:30,10.363
110,Balat,CWC,17,Meghalaya,658,South West Khasi Hills,Ranikor,-,-,umngi,Minor rivers draining into Myanmar and Bangladesh,-,-,-,umngi,25.22388889,91.35527778,10-03-2026 09:00,11.649
111,Balat,CWC,17,Meghalaya,658,South West Khasi Hills,Ranikor,-,-,umngi,Minor rivers draining into Myanmar and Bangladesh,-,-,-,umngi,25.22388889,91.35527778,11-03-2026 08:30,10.141
112,Balat,CWC,17,Meghalaya,658,South West Khasi Hills,Ranikor,-,-,umngi,Minor rivers draining into Myanmar and Bangladesh,-,-,-,umngi,25.22388889,91.35527778,11-03-2026 09:00,11.397
113,Balat,CWC,17,Meghalaya,658,South West Khasi Hills,Ranikor,-,-,umngi,Minor rivers draining into Myanmar and Bangladesh,-,-,-,umngi,25.22388889,91.35527778,12-03-2026 08:30,10.141
114,Balat,CWC,17,Meghalaya,658,South West Khasi Hills,Ranikor,-,-,umngi,Minor rivers draining into Myanmar and Bangladesh,-,-,-,umngi,25.22388889,91.35527778,12-03-2026 09:00,11.397
115,Balat,CWC,17,Meghalaya,658,South West Khasi Hills,Ranikor,-,-,umngi,Minor rivers draining into Myanmar and Bangladesh,-,-,-,umngi,25.22388889,91.35527778,13-03-2026 08:30,10.141
116,Balat,CWC,17,Meghalaya,658,South West Khasi Hills,Ranikor,-,-,umngi,Minor rivers draining into Myanmar and Bangladesh,-,-,-,umngi,25.22388889,91.35527778,13-03-2026 09:00,11.397
117,Balat,CWC,17,Meghalaya,658,South West Khasi Hills,Ranikor,-,-,umngi,Minor rivers draining into Myanmar and Bangladesh,-,-,-,umngi,25.22388889,91.35527778,14-03-2026 08:30,10.141
118,Balat,CWC,17,Meghalaya,658,South West Khasi Hills,Ranikor,-,-,umngi,Minor rivers draining into Myanmar and Bangladesh,-,-,-,umngi,25.22388889,91.35527778,14-03-2026 09:00,11.397
119,Balat,CWC,17,Meghalaya,658,South West Khasi Hills,Ranikor,-,-,umngi,Minor rivers draining into Myanmar and Bangladesh,-,-,-,umngi,25.22388889,91.35527778,15-03-2026 08:00,11.509
120,Balat,CWC,17,Meghalaya,658,South West Khasi Hills,Ranikor,-,-,umngi,Minor rivers draining into Myanmar and Bangladesh,-,-,-,umngi,25.22388889,91.35527778,15-03-2026 08:30,10.141
121,Balat,CWC,17,Meghalaya,658,South West Khasi Hills,Ranikor,-,-,umngi,Minor rivers draining into Myanmar and Bangladesh,-,-,-,umngi,25.22388889,91.35527778,16-03-2026 08:30,10.504
122,Balat,CWC,17,Meghalaya,658,South West Khasi Hills,Ranikor,-,-,umngi,Minor rivers draining into Myanmar and Bangladesh,-,-,-,umngi,25.22388889,91.35527778,16-03-2026 09:00,11.807
123,Balat,CWC,17,Meghalaya,658,South West Khasi Hills,Ranikor,-,-,umngi,Minor rivers draining into Myanmar and Bangladesh,-,-,-,umngi,25.22388889,91.35527778,17-03-2026 08:30,10.644
124,Balat,CWC,17,Meghalaya,658,South West Khasi Hills,Ranikor,-,-,umngi,Minor rivers draining into Myanmar and Bangladesh,-,-,-,umngi,25.22388889,91.35527778,17-03-2026 09:00,11.959
125,Balat,CWC,17,Meghalaya,658,South West Khasi Hills,Ranikor,-,-,umngi,Minor rivers draining into Myanmar and Bangladesh,-,-,-,umngi,25.22388889,91.35527778,18-03-2026 08:30,10.593
126,Balat,CWC,17,Meghalaya,658,South West Khasi Hills,Ranikor,-,-,umngi,Minor rivers draining into Myanmar and Bangladesh,-,-,-,umngi,25.22388889,91.35527778,18-03-2026 09:00,11.906
127,Balat,CWC,17,Meghalaya,658,South West Khasi Hills,Ranikor,-,-,umngi,Minor rivers draining into Myanmar and Bangladesh,-,-,-,umngi,25.22388889,91.35527778,19-03-2026 08:00,11.906
128,Balat,CWC,17,Meghalaya,658,South West Khasi Hills,Ranikor,-,-,umngi,Minor rivers draining into Myanmar and Bangladesh,-,-,-,umngi,25.22388889,91.35527778,19-03-2026 08:30,10.593
129,Balat,CWC,17,Meghalaya,658,South West Khasi Hills,Ranikor,-,-,umngi,Minor rivers draining into Myanmar and Bangladesh,-,-,-,umngi,25.22388889,91.35527778,20-03-2026 08:00,11.906
130,Balat,CWC,17,Meghalaya,658,South West Khasi Hills,Ranikor,-,-,umngi,Minor rivers draining into Myanmar and Bangladesh,-,-,-,umngi,25.22388889,91.35527778,20-03-2026 08:30,10.593
131,Balat,CWC,17,Meghalaya,658,South West Khasi Hills,Ranikor,-,-,umngi,Minor rivers draining into Myanmar and Bangladesh,-,-,-,umngi,25.22388889,91.35527778,21-03-2026 08:00,11.906
132,Balat,CWC,17,Meghalaya,658,South West Khasi Hills,Ranikor,-,-,umngi,Minor rivers draining into Myanmar and Bangladesh,-,-,-,umngi,25.22388889,91.35527778,21-03-2026 08:30,10.591
133,Balat,CWC,17,Meghalaya,658,South West Khasi Hills,Ranikor,-,-,umngi,Minor rivers draining into Myanmar and Bangladesh,-,-,-,umngi,25.22388889,91.35527778,22-03-2026 08:00,11.906
134,Balat,CWC,17,Meghalaya,658,South West Khasi Hills,Ranikor,-,-,umngi,Minor rivers draining into Myanmar and Bangladesh,-,-,-,umngi,25.22388889,91.35527778,22-03-2026 08:30,10.589
135,Balat,CWC,17,Meghalaya,658,South West Khasi Hills,Ranikor,-,-,umngi,Minor rivers draining into Myanmar and Bangladesh,-,-,-,umngi,25.22388889,91.35527778,23-03-2026 08:30,10.593
136,Balat,CWC,17,Meghalaya,658,South West Khasi Hills,Ranikor,-,-,umngi,Minor rivers draining into Myanmar and Bangladesh,-,-,-,umngi,25.22388889,91.35527778,23-03-2026 09:00,11.906
137,Balat,CWC,17,Meghalaya,658,South West Khasi Hills,Ranikor,-,-,umngi,Minor rivers draining into Myanmar and Bangladesh,-,-,-,umngi,25.22388889,91.35527778,24-03-2026 08:30,10.593
138,Balat,CWC,17,Meghalaya,658,South West Khasi Hills,Ranikor,-,-,umngi,Minor rivers draining into Myanmar and Bangladesh,-,-,-,umngi,25.22388889,91.35527778,24-03-2026 09:00,11.906
139,Balat,CWC,17,Meghalaya,658,South West Khasi Hills,Ranikor,-,-,umngi,Minor rivers draining into Myanmar and Bangladesh,-,-,-,umngi,25.22388889,91.35527778,25-03-2026 08:30,10.363
140,Balat,CWC,17,Meghalaya,658,South West Khasi Hills,Ranikor,-,-,umngi,Minor rivers draining into Myanmar and Bangladesh,-,-,-,umngi,25.22388889,91.35527778,25-03-2026 09:00,11.649
141,Balat,CWC,17,Meghalaya,658,South West Khasi Hills,Ranikor,-,-,umngi,Minor rivers draining into Myanmar and Bangladesh,-,-,-,umngi,25.22388889,91.35527778,26-03-2026 08:00,11.649
142,Balat,CWC,17,Meghalaya,658,South West Khasi Hills,Ranikor,-,-,umngi,Minor rivers draining into Myanmar and Bangladesh,-,-,-,umngi,25.22388889,91.35527778,26-03-2026 08:30,10.363
143,Balat,CWC,17,Meghalaya,658,South West Khasi Hills,Ranikor,-,-,umngi,Minor rivers draining into Myanmar and Bangladesh,-,-,-,umngi,25.22388889,91.35527778,27-03-2026 08:30,10.363
144,Balat,CWC,17,Meghalaya,658,South West Khasi Hills,Ranikor,-,-,umngi,Minor rivers draining into Myanmar and Bangladesh,-,-,-,umngi,25.22388889,91.35527778,27-03-2026 09:00,11.649
145,Balat,CWC,17,Meghalaya,658,South West Khasi Hills,Ranikor,-,-,umngi,Minor rivers draining into Myanmar and Bangladesh,-,-,-,umngi,25.22388889,91.35527778,28-03-2026 08:30,10.363
146,Balat,CWC,17,Meghalaya,658,South West Khasi Hills,Ranikor,-,-,umngi,Minor rivers draining into Myanmar and Bangladesh,-,-,-,umngi,25.22388889,91.35527778,28-03-2026 09:00,11.649
147,Balat,CWC,17,Meghalaya,658,South West Khasi Hills,Ranikor,-,-,umngi,Minor rivers draining into Myanmar and Bangladesh,-,-,-,umngi,25.22388889,91.35527778,29-03-2026 08:00,11.649
148,Balat,CWC,17,Meghalaya,658,South West Khasi Hills,Ranikor,-,-,umngi,Minor rivers draining into Myanmar and Bangladesh,-,-,-,umngi,25.22388889,91.35527778,29-03-2026 08:30,10.526
149,Balat,CWC,17,Meghalaya,658,South West Khasi Hills,Ranikor,-,-,umngi,Minor rivers draining into Myanmar and Bangladesh,-,-,-,umngi,25.22388889,91.35527778,30-03-2026 08:30,10.718
150,Balat,CWC,17,Meghalaya,658,South West Khasi Hills,Ranikor,-,-,umngi,Minor rivers draining into Myanmar and Bangladesh,-,-,-,umngi,25.22388889,91.35527778,30-03-2026 09:00,12.041
151,Balat,CWC,17,Meghalaya,658,South West Khasi Hills,Ranikor,-,-,umngi,Minor rivers draining into Myanmar and Bangladesh,-,-,-,umngi,25.22388889,91.35527778,31-03-2026 08:00,12.041
152,Balat,CWC,17,Meghalaya,658,South West Khasi Hills,Ranikor,-,-,umngi,Minor rivers draining into Myanmar and Bangladesh,-,-,-,umngi,25.22388889,91.35527778,31-03-2026 08:30,10.702
153,Balat,CWC,17,Meghalaya,658,South West Khasi Hills,Ranikor,-,-,umngi,Minor rivers draining into Myanmar and Bangladesh,-,-,-,umngi,25.22388889,91.35527778,01-04-2026 09:00,11.59
154,Balat,CWC,17,Meghalaya,658,South West Khasi Hills,Ranikor,-,-,umngi,Minor rivers draining into Myanmar and Bangladesh,-,-,-,umngi,25.22388889,91.35527778,02-04-2026 09:00,11.594
155,Balat,CWC,17,Meghalaya,658,South West Khasi Hills,Ranikor,-,-,umngi,Minor rivers draining into Myanmar and Bangladesh,-,-,-,umngi,25.22388889,91.35527778,03-04-2026 09:00,11.58
156,Balat,CWC,17,Meghalaya,658,South West Khasi Hills,Ranikor,-,-,umngi,Minor rivers draining into Myanmar and Bangladesh,-,-,-,umngi,25.22388889,91.35527778,04-04-2026 09:00,11
157,Balat,CWC,17,Meghalaya,658,South West Khasi Hills,Ranikor,-,-,umngi,Minor rivers draining into Myanmar and Bangladesh,-,-,-,umngi,25.22388889,91.35527778,05-04-2026 08:00,11.25
158,Balat,CWC,17,Meghalaya,658,South West Khasi Hills,Ranikor,-,-,umngi,Minor rivers draining into Myanmar and Bangladesh,-,-,-,umngi,25.22388889,91.35527778,06-04-2026 09:00,11
159,Balat,CWC,17,Meghalaya,658,South West Khasi Hills,Ranikor,-,-,umngi,Minor rivers draining into Myanmar and Bangladesh,-,-,-,umngi,25.22388889,91.35527778,07-04-2026 09:00,15.958
160,Balat,CWC,17,Meghalaya,658,South West Khasi Hills,Ranikor,-,-,umngi,Minor rivers draining into Myanmar and Bangladesh,-,-,-,umngi,25.22388889,91.35527778,08-04-2026 09:00,19.656
161,Balat,CWC,17,Meghalaya,658,South West Khasi Hills,Ranikor,-,-,umngi,Minor rivers draining into Myanmar and Bangladesh,-,-,-,umngi,25.22388889,91.35527778,09-04-2026 09:00,15.473
162,Balat,CWC,17,Meghalaya,658,South West Khasi Hills,Ranikor,-,-,umngi,Minor rivers draining into Myanmar and Bangladesh,-,-,-,umngi,25.22388889,91.35527778,10-04-2026 09:00,11
163,Balat,CWC,17,Meghalaya,658,South West Khasi Hills,Ranikor,-,-,umngi,Minor rivers draining into Myanmar and Bangladesh,-,-,-,umngi,25.22388889,91.35527778,11-04-2026 09:00,11
164,Balat,CWC,17,Meghalaya,658,South West Khasi Hills,Ranikor,-,-,umngi,Minor rivers draining into Myanmar and Bangladesh,-,-,-,umngi,25.22388889,91.35527778,12-04-2026 09:00,10.205
165,Balat,CWC,17,Meghalaya,658,South West Khasi Hills,Ranikor,-,-,umngi,Minor rivers draining into Myanmar and Bangladesh,-,-,-,umngi,25.22388889,91.35527778,13-04-2026 09:00,10.205
166,Balat,CWC,17,Meghalaya,658,South West Khasi Hills,Ranikor,-,-,umngi,Minor rivers draining into Myanmar and Bangladesh,-,-,-,umngi,25.22388889,91.35527778,14-04-2026 09:00,18.075
167,Balat,CWC,17,Meghalaya,658,South West Khasi Hills,Ranikor,-,-,umngi,Minor rivers draining into Myanmar and Bangladesh,-,-,-,umngi,25.22388889,91.35527778,15-04-2026 09:00,13.664
168,Balat,CWC,17,Meghalaya,658,South West Khasi Hills,Ranikor,-,-,umngi,Minor rivers draining into Myanmar and Bangladesh,-,-,-,umngi,25.22388889,91.35527778,16-04-2026 09:00,13.177
169,Balat,CWC,17,Meghalaya,658,South West Khasi Hills,Ranikor,-,-,umngi,Minor rivers draining into Myanmar and Bangladesh,-,-,-,umngi,25.22388889,91.35527778,17-04-2026 09:00,14.671
170,Balat,CWC,17,Meghalaya,658,South West Khasi Hills,Ranikor,-,-,umngi,Minor rivers draining into Myanmar and Bangladesh,-,-,-,umngi,25.22388889,91.35527778,18-04-2026 09:00,12.26
171,Balat,CWC,17,Meghalaya,658,South West Khasi Hills,Ranikor,-,-,umngi,Minor rivers draining into Myanmar and Bangladesh,-,-,-,umngi,25.22388889,91.35527778,19-04-2026 09:00,12.35
172,Balat,CWC,17,Meghalaya,658,South West Khasi Hills,Ranikor,-,-,umngi,Minor rivers draining into Myanmar and Bangladesh,-,-,-,umngi,25.22388889,91.35527778,20-04-2026 09:00,12.5
173,Balat,CWC,17,Meghalaya,658,South West Khasi Hills,Ranikor,-,-,umngi,Minor rivers draining into Myanmar and Bangladesh,-,-,-,umngi,25.22388889,91.35527778,21-04-2026 09:00,40.35
174,Balat,CWC,17,Meghalaya,658,South West Khasi Hills,Ranikor,-,-,umngi,Minor rivers draining into Myanmar and Bangladesh,-,-,-,umngi,25.22388889,91.35527778,22-04-2026 09:00,35.5
175,Balat,CWC,17,Meghalaya,658,South West Khasi Hills,Ranikor,-,-,umngi,Minor rivers draining into Myanmar and Bangladesh,-,-,-,umngi,25.22388889,91.35527778,23-04-2026 09:00,35.35
176,Balat,CWC,17,Meghalaya,658,South West Khasi Hills,Ranikor,-,-,umngi,Minor rivers draining into Myanmar and Bangladesh,-,-,-,umngi,25.22388889,91.35527778,24-04-2026 09:00,35.2
177,Balat,CWC,17,Meghalaya,658,South West Khasi Hills,Ranikor,-,-,umngi,Minor rivers draining into Myanmar and Bangladesh,-,-,-,umngi,25.22388889,91.35527778,25-04-2026 09:00,32.4
178,Balat,CWC,17,Meghalaya,658,South West Khasi Hills,Ranikor,-,-,umngi,Minor rivers draining into Myanmar and Bangladesh,-,-,-,umngi,25.22388889,91.35527778,26-04-2026 08:00,32.24
179,Balat,CWC,17,Meghalaya,658,South West Khasi Hills,Ranikor,-,-,umngi,Minor rivers draining into Myanmar and Bangladesh,-,-,-,umngi,25.22388889,91.35527778,27-04-2026 09:00,32.63
180,Balat,CWC,17,Meghalaya,658,South West Khasi Hills,Ranikor,-,-,umngi,Minor rivers draining into Myanmar and Bangladesh,-,-,-,umngi,25.22388889,91.35527778,28-04-2026 09:00,36.25
181,Balat,CWC,17,Meghalaya,658,South West Khasi Hills,Ranikor,-,-,umngi,Minor rivers draining into Myanmar and Bangladesh,-,-,-,umngi,25.22388889,91.35527778,29-04-2026 09:00,40.32
182,Balat,CWC,17,Meghalaya,658,South West Khasi Hills,Ranikor,-,-,umngi,Minor rivers draining into Myanmar and Bangladesh,-,-,-,umngi,25.22388889,91.35527778,30-04-2026 09:00,34.15
183,Balat,CWC,17,Meghalaya,658,South West Khasi Hills,Ranikor,-,-,umngi,Minor rivers draining into Myanmar and Bangladesh,-,-,-,umngi,25.22388889,91.35527778,01-05-2026 08:00,35.42
184,Balat,CWC,17,Meghalaya,658,South West Khasi Hills,Ranikor,-,-,umngi,Minor rivers draining into Myanmar and Bangladesh,-,-,-,umngi,25.22388889,91.35527778,02-05-2026 08:00,32.4
185,Balat,CWC,17,Meghalaya,658,South West Khasi Hills,Ranikor,-,-,umngi,Minor rivers draining into Myanmar and Bangladesh,-,-,-,umngi,25.22388889,91.35527778,03-05-2026 08:00,31.32
186,Balat,CWC,17,Meghalaya,658,South West Khasi Hills,Ranikor,-,-,umngi,Minor rivers draining into Myanmar and Bangladesh,-,-,-,umngi,25.22388889,91.35527778,04-05-2026 08:00,20.25
187,Balat,CWC,17,Meghalaya,658,South West Khasi Hills,Ranikor,-,-,umngi,Minor rivers draining into Myanmar and Bangladesh,-,-,-,umngi,25.22388889,91.35527778,05-05-2026 08:00,9.859
188,Balat,CWC,17,Meghalaya,658,South West Khasi Hills,Ranikor,-,-,umngi,Minor rivers draining into Myanmar and Bangladesh,-,-,-,umngi,25.22388889,91.35527778,06-05-2026 08:00,9.639
189,Balat,CWC,17,Meghalaya,658,South West Khasi Hills,Ranikor,-,-,umngi,Minor rivers draining into Myanmar and Bangladesh,-,-,-,umngi,25.22388889,91.35527778,07-05-2026 08:00,9.944
190,Balat,CWC,17,Meghalaya,658,South West Khasi Hills,Ranikor,-,-,umngi,Minor rivers draining into Myanmar and Bangladesh,-,-,-,umngi,25.22388889,91.35527778,08-05-2026 08:00,9.899
191,Balat,CWC,17,Meghalaya,658,South West Khasi Hills,Ranikor,-,-,umngi,Minor rivers draining into Myanmar and Bangladesh,-,-,-,umngi,25.22388889,91.35527778,09-05-2026 08:00,9.852
192,Balat,CWC,17,Meghalaya,658,South West Khasi Hills,Ranikor,-,-,umngi,Minor rivers draining into Myanmar and Bangladesh,-,-,-,umngi,25.22388889,91.35527778,10-05-2026 08:00,9.726
193,Balat,CWC,17,Meghalaya,658,South West Khasi Hills,Ranikor,-,-,umngi,Minor rivers draining into Myanmar and Bangladesh,-,-,-,umngi,25.22388889,91.35527778,11-05-2026 08:00,9.629
194,Balat,CWC,17,Meghalaya,658,South West Khasi Hills,Ranikor,-,-,umngi,Minor rivers draining into Myanmar and Bangladesh,-,-,-,umngi,25.22388889,91.35527778,12-05-2026 08:00,9.469
195,Balat,CWC,17,Meghalaya,658,South West Khasi Hills,Ranikor,-,-,umngi,Minor rivers draining into Myanmar and Bangladesh,-,-,-,umngi,25.22388889,91.35527778,13-05-2026 08:00,10.23
196,Balat,CWC,17,Meghalaya,658,South West Khasi Hills,Ranikor,-,-,umngi,Minor rivers draining into Myanmar and Bangladesh,-,-,-,umngi,25.22388889,91.35527778,14-05-2026 08:00,20.35
197,Balat,CWC,17,Meghalaya,658,South West Khasi Hills,Ranikor,-,-,umngi,Minor rivers draining into Myanmar and Bangladesh,-,-,-,umngi,25.22388889,91.35527778,15-05-2026 08:00,40.25
198,Balat,CWC,17,Meghalaya,658,South West Khasi Hills,Ranikor,-,-,umngi,Minor rivers draining into Myanmar and Bangladesh,-,-,-,umngi,25.22388889,91.35527778,16-05-2026 08:00,55.25
199,Balat,CWC,17,Meghalaya,658,South West Khasi Hills,Ranikor,-,-,umngi,Minor rivers draining into Myanmar and Bangladesh,-,-,-,umngi,25.22388889,91.35527778,17-05-2026 08:00,66.95
200,Balat,CWC,17,Meghalaya,658,South West Khasi Hills,Ranikor,-,-,umngi,Minor rivers draining into Myanmar and Bangladesh,-,-,-,umngi,25.22388889,91.35527778,18-05-2026 08:00,55.25
201,Balat,CWC,17,Meghalaya,658,South West Khasi Hills,Ranikor,-,-,umngi,Minor rivers draining into Myanmar and Bangladesh,-,-,-,umngi,25.22388889,91.35527778,19-05-2026 08:00,68.25
202,Balat,CWC,17,Meghalaya,658,South West Khasi Hills,Ranikor,-,-,umngi,Minor rivers draining into Myanmar and Bangladesh,-,-,-,umngi,25.22388889,91.35527778,20-05-2026 08:00,60.149
203,Balat,CWC,17,Meghalaya,658,South West Khasi Hills,Ranikor,-,-,umngi,Minor rivers draining into Myanmar and Bangladesh,-,-,-,umngi,25.22388889,91.35527778,21-05-2026 08:00,58.728
204,Balat,CWC,17,Meghalaya,658,South West Khasi Hills,Ranikor,-,-,umngi,Minor rivers draining into Myanmar and Bangladesh,-,-,-,umngi,25.22388889,91.35527778,22-05-2026 08:00,60.451
205,Balat,CWC,17,Meghalaya,658,South West Khasi Hills,Ranikor,-,-,umngi,Minor rivers draining into Myanmar and Bangladesh,-,-,-,umngi,25.22388889,91.35527778,23-05-2026 08:00,60.036
206,Balat,CWC,17,Meghalaya,658,South West Khasi Hills,Ranikor,-,-,umngi,Minor rivers draining into Myanmar and Bangladesh,-,-,-,umngi,25.22388889,91.35527778,24-05-2026 08:00,68.65
207,Balat,CWC,17,Meghalaya,658,South West Khasi Hills,Ranikor,-,-,umngi,Minor rivers draining into Myanmar and Bangladesh,-,-,-,umngi,25.22388889,91.35527778,25-05-2026 08:00,63.589
208,Balat,CWC,17,Meghalaya,658,South West Khasi Hills,Ranikor,-,-,umngi,Minor rivers draining into Myanmar and Bangladesh,-,-,-,umngi,25.22388889,91.35527778,26-05-2026 08:00,67.436
209,Balat,CWC,17,Meghalaya,658,South West Khasi Hills,Ranikor,-,-,umngi,Minor rivers draining into Myanmar and Bangladesh,-,-,-,umngi,25.22388889,91.35527778,27-05-2026 08:00,65.676
210,Balat,CWC,17,Meghalaya,658,South West Khasi Hills,Ranikor,-,-,umngi,Minor rivers draining into Myanmar and Bangladesh,-,-,-,umngi,25.22388889,91.35527778,28-05-2026 08:00,63.259
211,Balat,CWC,17,Meghalaya,658,South West Khasi Hills,Ranikor,-,-,umngi,Minor rivers draining into Myanmar and Bangladesh,-,-,-,umngi,25.22388889,91.35527778,29-05-2026 08:00,62.437
212,Balat,CWC,17,Meghalaya,658,South West Khasi Hills,Ranikor,-,-,umngi,Minor rivers draining into Myanmar and Bangladesh,-,-,-,umngi,25.22388889,91.35527778,30-05-2026 08:00,62.371
213,Balat,CWC,17,Meghalaya,658,South West Khasi Hills,Ranikor,-,-,umngi,Minor rivers draining into Myanmar and Bangladesh,-,-,-,umngi,25.22388889,91.35527778,31-05-2026 08:00,62.123
214,Balat,CWC,17,Meghalaya,658,South West Khasi Hills,Ranikor,-,-,umngi,Minor rivers draining into Myanmar and Bangladesh,-,-,-,umngi,25.22388889,91.35527778,27-06-2026 09:00,21.297747
