SlNo,Station,Agency,State LGD Code,State,District LGD Code,District,Tehsil,Block,Village,River,Basin,Tributary,Subtributary,SubSubtributary,Local River,Latitude,Longitude,Data Acquisition Time,River Water Level (m),Area (m2),Velocity (m/sec),Total_discharge (m3/sec)
1,Balat,CWC,17,Meghalaya,658,South West Khasi Hills,Ranikor,-,-,umngi,Minor rivers draining into Myanmar and Bangladesh,-,-,-,umngi,25.22388889,91.35527778,01-01-2026 08:00,18.63,95.226,0.467,20.131
2,Balat,CWC,17,Meghalaya,658,South West Khasi Hills,Ranikor,-,-,umngi,Minor rivers draining into Myanmar and Bangladesh,-,-,-,umngi,25.22388889,91.35527778,01-01-2026 08:30,18.63,95.226,,20.131
3,Balat,CWC,17,Meghalaya,658,South West Khasi Hills,Ranikor,-,-,umngi,Minor rivers draining into Myanmar and Bangladesh,-,-,-,umngi,25.22388889,91.35527778,02-01-2026 08:00,18.63,95.226,0.467,20.131
4,Balat,CWC,17,Meghalaya,658,South West Khasi Hills,Ranikor,-,-,umngi,Minor rivers draining into Myanmar and Bangladesh,-,-,-,umngi,25.22388889,91.35527778,02-01-2026 08:30,18.63,95.226,,20.131
5,Balat,CWC,17,Meghalaya,658,South West Khasi Hills,Ranikor,-,-,umngi,Minor rivers draining into Myanmar and Bangladesh,-,-,-,umngi,25.22388889,91.35527778,03-01-2026 08:00,18.63,,,20.131
6,Balat,CWC,17,Meghalaya,658,South West Khasi Hills,Ranikor,-,-,umngi,Minor rivers draining into Myanmar and Bangladesh,-,-,-,umngi,25.22388889,91.35527778,03-01-2026 08:30,18.63,95.22,,20.031
7,Balat,CWC,17,Meghalaya,658,South West Khasi Hills,Ranikor,-,-,umngi,Minor rivers draining into Myanmar and Bangladesh,-,-,-,umngi,25.22388889,91.35527778,04-01-2026 08:00,18.63,,,20.131
8,Balat,CWC,17,Meghalaya,658,South West Khasi Hills,Ranikor,-,-,umngi,Minor rivers draining into Myanmar and Bangladesh,-,-,-,umngi,25.22388889,91.35527778,04-01-2026 08:30,18.63,95.1,,20.19
9,Balat,CWC,17,Meghalaya,658,South West Khasi Hills,Ranikor,-,-,umngi,Minor rivers draining into Myanmar and Bangladesh,-,-,-,umngi,25.22388889,91.35527778,05-01-2026 08:00,18.63,94.726,0.45,20.3
10,Balat,CWC,17,Meghalaya,658,South West Khasi Hills,Ranikor,-,-,umngi,Minor rivers draining into Myanmar and Bangladesh,-,-,-,umngi,25.22388889,91.35527778,05-01-2026 08:30,18.63,94.726,,19.816
11,Balat,CWC,17,Meghalaya,658,South West Khasi Hills,Ranikor,-,-,umngi,Minor rivers draining into Myanmar and Bangladesh,-,-,-,umngi,25.22388889,91.35527778,06-01-2026 08:00,18.63,94.726,0.45,20.36
12,Balat,CWC,17,Meghalaya,658,South West Khasi Hills,Ranikor,-,-,umngi,Minor rivers draining into Myanmar and Bangladesh,-,-,-,umngi,25.22388889,91.35527778,06-01-2026 08:30,18.63,94.726,,19.816
13,Balat,CWC,17,Meghalaya,658,South West Khasi Hills,Ranikor,-,-,umngi,Minor rivers draining into Myanmar and Bangladesh,-,-,-,umngi,25.22388889,91.35527778,07-01-2026 08:00,18.63,94.726,0.45,20.24
14,Balat,CWC,17,Meghalaya,658,South West Khasi Hills,Ranikor,-,-,umngi,Minor rivers draining into Myanmar and Bangladesh,-,-,-,umngi,25.22388889,91.35527778,07-01-2026 08:30,18.63,94.726,,19.816
15,Balat,CWC,17,Meghalaya,658,South West Khasi Hills,Ranikor,-,-,umngi,Minor rivers draining into Myanmar and Bangladesh,-,-,-,umngi,25.22388889,91.35527778,08-01-2026 08:00,18.62,94.236,0.433,19.38
16,Balat,CWC,17,Meghalaya,658,South West Khasi Hills,Ranikor,-,-,umngi,Minor rivers draining into Myanmar and Bangladesh,-,-,-,umngi,25.22388889,91.35527778,08-01-2026 08:30,18.62,94.235,,19.38
17,Balat,CWC,17,Meghalaya,658,South West Khasi Hills,Ranikor,-,-,umngi,Minor rivers draining into Myanmar and Bangladesh,-,-,-,umngi,25.22388889,91.35527778,09-01-2026 08:00,18.62,94.236,0.433,19.38
18,Balat,CWC,17,Meghalaya,658,South West Khasi Hills,Ranikor,-,-,umngi,Minor rivers draining into Myanmar and Bangladesh,-,-,-,umngi,25.22388889,91.35527778,09-01-2026 08:30,18.62,94.235,,19.38
19,Balat,CWC,17,Meghalaya,658,South West Khasi Hills,Ranikor,-,-,umngi,Minor rivers draining into Myanmar and Bangladesh,-,-,-,umngi,25.22388889,91.35527778,10-01-2026 08:00,18.62,94.236,0.433,19.38
20,Balat,CWC,17,Meghalaya,658,South West Khasi Hills,Ranikor,-,-,umngi,Minor rivers draining into Myanmar and Bangladesh,-,-,-,umngi,25.22388889,91.35527778,10-01-2026 08:30,18.62,94.236,,19.38
21,Balat,CWC,17,Meghalaya,658,South West Khasi Hills,Ranikor,-,-,umngi,Minor rivers draining into Myanmar and Bangladesh,-,-,-,umngi,25.22388889,91.35527778,11-01-2026 08:00,18.62,,,19.38
22,Balat,CWC,17,Meghalaya,658,South West Khasi Hills,Ranikor,-,-,umngi,Minor rivers draining into Myanmar and Bangladesh,-,-,-,umngi,25.22388889,91.35527778,11-01-2026 08:30,18.62,,,19.38
23,Balat,CWC,17,Meghalaya,658,South West Khasi Hills,Ranikor,-,-,umngi,Minor rivers draining into Myanmar and Bangladesh,-,-,-,umngi,25.22388889,91.35527778,12-01-2026 08:00,18.62,94.236,0.433,19.38
24,Balat,CWC,17,Meghalaya,658,South West Khasi Hills,Ranikor,-,-,umngi,Minor rivers draining into Myanmar and Bangladesh,-,-,-,umngi,25.22388889,91.35527778,12-01-2026 08:30,18.62,94.236,,19.38
25,Balat,CWC,17,Meghalaya,658,South West Khasi Hills,Ranikor,-,-,umngi,Minor rivers draining into Myanmar and Bangladesh,-,-,-,umngi,25.22388889,91.35527778,13-01-2026 08:00,18.61,93.739,0.433,19.055
26,Balat,CWC,17,Meghalaya,658,South West Khasi Hills,Ranikor,-,-,umngi,Minor rivers draining into Myanmar and Bangladesh,-,-,-,umngi,25.22388889,91.35527778,13-01-2026 08:30,18.62,93.739,,19.055
27,Balat,CWC,17,Meghalaya,658,South West Khasi Hills,Ranikor,-,-,umngi,Minor rivers draining into Myanmar and Bangladesh,-,-,-,umngi,25.22388889,91.35527778,14-01-2026 08:00,18.61,,,19.055
28,Balat,CWC,17,Meghalaya,658,South West Khasi Hills,Ranikor,-,-,umngi,Minor rivers draining into Myanmar and Bangladesh,-,-,-,umngi,25.22388889,91.35527778,14-01-2026 08:30,18.61,93.739,,19.055
29,Balat,CWC,17,Meghalaya,658,South West Khasi Hills,Ranikor,-,-,umngi,Minor rivers draining into Myanmar and Bangladesh,-,-,-,umngi,25.22388889,91.35527778,15-01-2026 08:00,18.61,93.739,0.433,19.055
30,Balat,CWC,17,Meghalaya,658,South West Khasi Hills,Ranikor,-,-,umngi,Minor rivers draining into Myanmar and Bangladesh,-,-,-,umngi,25.22388889,91.35527778,15-01-2026 08:30,18.61,93.739,,19.055
31,Balat,CWC,17,Meghalaya,658,South West Khasi Hills,Ranikor,-,-,umngi,Minor rivers draining into Myanmar and Bangladesh,-,-,-,umngi,25.22388889,91.35527778,16-01-2026 08:00,18.61,93.739,0.433,19.055
32,Balat,CWC,17,Meghalaya,658,South West Khasi Hills,Ranikor,-,-,umngi,Minor rivers draining into Myanmar and Bangladesh,-,-,-,umngi,25.22388889,91.35527778,16-01-2026 08:30,18.61,93.739,,19.055
33,Balat,CWC,17,Meghalaya,658,South West Khasi Hills,Ranikor,-,-,umngi,Minor rivers draining into Myanmar and Bangladesh,-,-,-,umngi,25.22388889,91.35527778,17-01-2026 08:00,18.61,93.739,0.433,19.055
34,Balat,CWC,17,Meghalaya,658,South West Khasi Hills,Ranikor,-,-,umngi,Minor rivers draining into Myanmar and Bangladesh,-,-,-,umngi,25.22388889,91.35527778,17-01-2026 08:30,18.61,93.739,,19.055
35,Balat,CWC,17,Meghalaya,658,South West Khasi Hills,Ranikor,-,-,umngi,Minor rivers draining into Myanmar and Bangladesh,-,-,-,umngi,25.22388889,91.35527778,18-01-2026 08:00,18.61,,,19.055
36,Balat,CWC,17,Meghalaya,658,South West Khasi Hills,Ranikor,-,-,umngi,Minor rivers draining into Myanmar and Bangladesh,-,-,-,umngi,25.22388889,91.35527778,18-01-2026 08:30,18.61,,,19.055
37,Balat,CWC,17,Meghalaya,658,South West Khasi Hills,Ranikor,-,-,umngi,Minor rivers draining into Myanmar and Bangladesh,-,-,-,umngi,25.22388889,91.35527778,19-01-2026 08:00,18.61,93.739,0.433,19.055
38,Balat,CWC,17,Meghalaya,658,South West Khasi Hills,Ranikor,-,-,umngi,Minor rivers draining into Myanmar and Bangladesh,-,-,-,umngi,25.22388889,91.35527778,19-01-2026 08:30,18.61,93.739,,19.055
39,Balat,CWC,17,Meghalaya,658,South West Khasi Hills,Ranikor,-,-,umngi,Minor rivers draining into Myanmar and Bangladesh,-,-,-,umngi,25.22388889,91.35527778,20-01-2026 08:00,18.61,93.739,0.433,19.055
40,Balat,CWC,17,Meghalaya,658,South West Khasi Hills,Ranikor,-,-,umngi,Minor rivers draining into Myanmar and Bangladesh,-,-,-,umngi,25.22388889,91.35527778,20-01-2026 08:30,18.61,93.739,,19.055
41,Balat,CWC,17,Meghalaya,658,South West Khasi Hills,Ranikor,-,-,umngi,Minor rivers draining into Myanmar and Bangladesh,-,-,-,umngi,25.22388889,91.35527778,21-01-2026 08:00,18.6,93.239,0.433,18.756
42,Balat,CWC,17,Meghalaya,658,South West Khasi Hills,Ranikor,-,-,umngi,Minor rivers draining into Myanmar and Bangladesh,-,-,-,umngi,25.22388889,91.35527778,21-01-2026 08:30,18.6,93.239,,18.756
43,Balat,CWC,17,Meghalaya,658,South West Khasi Hills,Ranikor,-,-,umngi,Minor rivers draining into Myanmar and Bangladesh,-,-,-,umngi,25.22388889,91.35527778,22-01-2026 08:00,18.6,93.239,0.433,18.756
44,Balat,CWC,17,Meghalaya,658,South West Khasi Hills,Ranikor,-,-,umngi,Minor rivers draining into Myanmar and Bangladesh,-,-,-,umngi,25.22388889,91.35527778,22-01-2026 08:30,18.6,93.239,,18.756
45,Balat,CWC,17,Meghalaya,658,South West Khasi Hills,Ranikor,-,-,umngi,Minor rivers draining into Myanmar and Bangladesh,-,-,-,umngi,25.22388889,91.35527778,23-01-2026 08:00,18.6,,,18.756
46,Balat,CWC,17,Meghalaya,658,South West Khasi Hills,Ranikor,-,-,umngi,Minor rivers draining into Myanmar and Bangladesh,-,-,-,umngi,25.22388889,91.35527778,23-01-2026 08:30,18.6,93.239,,18.746
47,Balat,CWC,17,Meghalaya,658,South West Khasi Hills,Ranikor,-,-,umngi,Minor rivers draining into Myanmar and Bangladesh,-,-,-,umngi,25.22388889,91.35527778,24-01-2026 08:00,18.6,93.239,0.433,18.756
48,Balat,CWC,17,Meghalaya,658,South West Khasi Hills,Ranikor,-,-,umngi,Minor rivers draining into Myanmar and Bangladesh,-,-,-,umngi,25.22388889,91.35527778,24-01-2026 08:30,18.6,,,18.746
49,Balat,CWC,17,Meghalaya,658,South West Khasi Hills,Ranikor,-,-,umngi,Minor rivers draining into Myanmar and Bangladesh,-,-,-,umngi,25.22388889,91.35527778,25-01-2026 08:00,18.6,,,18.736
50,Balat,CWC,17,Meghalaya,658,South West Khasi Hills,Ranikor,-,-,umngi,Minor rivers draining into Myanmar and Bangladesh,-,-,-,umngi,25.22388889,91.35527778,25-01-2026 08:30,18.6,,,18.74
51,Balat,CWC,17,Meghalaya,658,South West Khasi Hills,Ranikor,-,-,umngi,Minor rivers draining into Myanmar and Bangladesh,-,-,-,umngi,25.22388889,91.35527778,26-01-2026 08:00,18.6,,,18.725
52,Balat,CWC,17,Meghalaya,658,South West Khasi Hills,Ranikor,-,-,umngi,Minor rivers draining into Myanmar and Bangladesh,-,-,-,umngi,25.22388889,91.35527778,26-01-2026 08:30,18.6,,,18.74
53,Balat,CWC,17,Meghalaya,658,South West Khasi Hills,Ranikor,-,-,umngi,Minor rivers draining into Myanmar and Bangladesh,-,-,-,umngi,25.22388889,91.35527778,27-01-2026 08:00,18.6,93.239,0.433,18.756
54,Balat,CWC,17,Meghalaya,658,South West Khasi Hills,Ranikor,-,-,umngi,Minor rivers draining into Myanmar and Bangladesh,-,-,-,umngi,25.22388889,91.35527778,27-01-2026 08:30,18.6,93.239,,18.756
55,Balat,CWC,17,Meghalaya,658,South West Khasi Hills,Ranikor,-,-,umngi,Minor rivers draining into Myanmar and Bangladesh,-,-,-,umngi,25.22388889,91.35527778,28-01-2026 08:00,18.59,92.589,0.433,18.351
56,Balat,CWC,17,Meghalaya,658,South West Khasi Hills,Ranikor,-,-,umngi,Minor rivers draining into Myanmar and Bangladesh,-,-,-,umngi,25.22388889,91.35527778,28-01-2026 08:30,18.59,92.589,,18.351
57,Balat,CWC,17,Meghalaya,658,South West Khasi Hills,Ranikor,-,-,umngi,Minor rivers draining into Myanmar and Bangladesh,-,-,-,umngi,25.22388889,91.35527778,29-01-2026 08:00,18.59,92.589,0.433,18.351
58,Balat,CWC,17,Meghalaya,658,South West Khasi Hills,Ranikor,-,-,umngi,Minor rivers draining into Myanmar and Bangladesh,-,-,-,umngi,25.22388889,91.35527778,29-01-2026 08:30,18.59,92.589,,18.351
59,Balat,CWC,17,Meghalaya,658,South West Khasi Hills,Ranikor,-,-,umngi,Minor rivers draining into Myanmar and Bangladesh,-,-,-,umngi,25.22388889,91.35527778,30-01-2026 08:00,18.59,92.589,0.433,18.351
60,Balat,CWC,17,Meghalaya,658,South West Khasi Hills,Ranikor,-,-,umngi,Minor rivers draining into Myanmar and Bangladesh,-,-,-,umngi,25.22388889,91.35527778,30-01-2026 08:30,18.59,92.589,,18.351
61,Balat,CWC,17,Meghalaya,658,South West Khasi Hills,Ranikor,-,-,umngi,Minor rivers draining into Myanmar and Bangladesh,-,-,-,umngi,25.22388889,91.35527778,31-01-2026 08:00,18.59,92.589,0.433,18.351
62,Balat,CWC,17,Meghalaya,658,South West Khasi Hills,Ranikor,-,-,umngi,Minor rivers draining into Myanmar and Bangladesh,-,-,-,umngi,25.22388889,91.35527778,31-01-2026 08:30,18.59,92.589,,18.351
63,Balat,CWC,17,Meghalaya,658,South West Khasi Hills,Ranikor,-,-,umngi,Minor rivers draining into Myanmar and Bangladesh,-,-,-,umngi,25.22388889,91.35527778,01-02-2026 08:00,18.58,0,,16.845
64,Balat,CWC,17,Meghalaya,658,South West Khasi Hills,Ranikor,-,-,umngi,Minor rivers draining into Myanmar and Bangladesh,-,-,-,umngi,25.22388889,91.35527778,02-02-2026 09:00,18.58,87.181,0.382,16.849
65,Balat,CWC,17,Meghalaya,658,South West Khasi Hills,Ranikor,-,-,umngi,Minor rivers draining into Myanmar and Bangladesh,-,-,-,umngi,25.22388889,91.35527778,03-02-2026 09:00,18.58,86.989,0.382,16.834
66,Balat,CWC,17,Meghalaya,658,South West Khasi Hills,Ranikor,-,-,umngi,Minor rivers draining into Myanmar and Bangladesh,-,-,-,umngi,25.22388889,91.35527778,04-02-2026 09:00,18.58,87.181,0.382,16.849
67,Balat,CWC,17,Meghalaya,658,South West Khasi Hills,Ranikor,-,-,umngi,Minor rivers draining into Myanmar and Bangladesh,-,-,-,umngi,25.22388889,91.35527778,05-02-2026 09:00,18.58,87.173,,16.849
68,Balat,CWC,17,Meghalaya,658,South West Khasi Hills,Ranikor,-,-,umngi,Minor rivers draining into Myanmar and Bangladesh,-,-,-,umngi,25.22388889,91.35527778,06-02-2026 09:00,18.57,87.181,0.382,17.92
69,Balat,CWC,17,Meghalaya,658,South West Khasi Hills,Ranikor,-,-,umngi,Minor rivers draining into Myanmar and Bangladesh,-,-,-,umngi,25.22388889,91.35527778,07-02-2026 09:00,18.57,87.181,0.382,16.849
70,Balat,CWC,17,Meghalaya,658,South West Khasi Hills,Ranikor,-,-,umngi,Minor rivers draining into Myanmar and Bangladesh,-,-,-,umngi,25.22388889,91.35527778,08-02-2026 08:00,18.57,,,16.849
71,Balat,CWC,17,Meghalaya,658,South West Khasi Hills,Ranikor,-,-,umngi,Minor rivers draining into Myanmar and Bangladesh,-,-,-,umngi,25.22388889,91.35527778,09-02-2026 09:00,18.57,87.181,0.382,16.849
72,Balat,CWC,17,Meghalaya,658,South West Khasi Hills,Ranikor,-,-,umngi,Minor rivers draining into Myanmar and Bangladesh,-,-,-,umngi,25.22388889,91.35527778,10-02-2026 09:00,18.57,87.181,0.382,16.849
73,Balat,CWC,17,Meghalaya,658,South West Khasi Hills,Ranikor,-,-,umngi,Minor rivers draining into Myanmar and Bangladesh,-,-,-,umngi,25.22388889,91.35527778,11-02-2026 09:00,18.56,82.22,0.382,14.528
74,Balat,CWC,17,Meghalaya,658,South West Khasi Hills,Ranikor,-,-,umngi,Minor rivers draining into Myanmar and Bangladesh,-,-,-,umngi,25.22388889,91.35527778,12-02-2026 09:00,18.56,82.22,0.382,14.528
75,Balat,CWC,17,Meghalaya,658,South West Khasi Hills,Ranikor,-,-,umngi,Minor rivers draining into Myanmar and Bangladesh,-,-,-,umngi,25.22388889,91.35527778,13-02-2026 09:00,18.56,82.22,0.382,14.528
76,Balat,CWC,17,Meghalaya,658,South West Khasi Hills,Ranikor,-,-,umngi,Minor rivers draining into Myanmar and Bangladesh,-,-,-,umngi,25.22388889,91.35527778,14-02-2026 09:00,18.56,82.22,0.382,14.528
77,Balat,CWC,17,Meghalaya,658,South West Khasi Hills,Ranikor,-,-,umngi,Minor rivers draining into Myanmar and Bangladesh,-,-,-,umngi,25.22388889,91.35527778,15-02-2026 08:00,18.56,,,14.625
78,Balat,CWC,17,Meghalaya,658,South West Khasi Hills,Ranikor,-,-,umngi,Minor rivers draining into Myanmar and Bangladesh,-,-,-,umngi,25.22388889,91.35527778,16-02-2026 09:00,18.56,83.52,0.382,14.761
79,Balat,CWC,17,Meghalaya,658,South West Khasi Hills,Ranikor,-,-,umngi,Minor rivers draining into Myanmar and Bangladesh,-,-,-,umngi,25.22388889,91.35527778,17-02-2026 09:00,18.55,83.52,0.382,14.761
80,Balat,CWC,17,Meghalaya,658,South West Khasi Hills,Ranikor,-,-,umngi,Minor rivers draining into Myanmar and Bangladesh,-,-,-,umngi,25.22388889,91.35527778,18-02-2026 09:00,18.55,83.52,0.382,14.761
81,Balat,CWC,17,Meghalaya,658,South West Khasi Hills,Ranikor,-,-,umngi,Minor rivers draining into Myanmar and Bangladesh,-,-,-,umngi,25.22388889,91.35527778,19-02-2026 09:00,18.55,82.22,0.382,14.528
82,Balat,CWC,17,Meghalaya,658,South West Khasi Hills,Ranikor,-,-,umngi,Minor rivers draining into Myanmar and Bangladesh,-,-,-,umngi,25.22388889,91.35527778,20-02-2026 09:00,18.55,82.22,0.382,14.528
83,Balat,CWC,17,Meghalaya,658,South West Khasi Hills,Ranikor,-,-,umngi,Minor rivers draining into Myanmar and Bangladesh,-,-,-,umngi,25.22388889,91.35527778,21-02-2026 09:00,18.55,82.22,0.382,14.528
84,Balat,CWC,17,Meghalaya,658,South West Khasi Hills,Ranikor,-,-,umngi,Minor rivers draining into Myanmar and Bangladesh,-,-,-,umngi,25.22388889,91.35527778,22-02-2026 08:00,18.55,,,13.526
85,Balat,CWC,17,Meghalaya,658,South West Khasi Hills,Ranikor,-,-,umngi,Minor rivers draining into Myanmar and Bangladesh,-,-,-,umngi,25.22388889,91.35527778,23-02-2026 09:00,18.55,69.053,0.348,12.26
86,Balat,CWC,17,Meghalaya,658,South West Khasi Hills,Ranikor,-,-,umngi,Minor rivers draining into Myanmar and Bangladesh,-,-,-,umngi,25.22388889,91.35527778,24-02-2026 09:00,18.55,69.053,0.348,12.26
87,Balat,CWC,17,Meghalaya,658,South West Khasi Hills,Ranikor,-,-,umngi,Minor rivers draining into Myanmar and Bangladesh,-,-,-,umngi,25.22388889,91.35527778,25-02-2026 09:00,18.55,69.053,0.213,12.26
88,Balat,CWC,17,Meghalaya,658,South West Khasi Hills,Ranikor,-,-,umngi,Minor rivers draining into Myanmar and Bangladesh,-,-,-,umngi,25.22388889,91.35527778,26-02-2026 09:00,18.54,69.053,0.348,12.26
89,Balat,CWC,17,Meghalaya,658,South West Khasi Hills,Ranikor,-,-,umngi,Minor rivers draining into Myanmar and Bangladesh,-,-,-,umngi,25.22388889,91.35527778,27-02-2026 09:00,18.54,69.053,,12.26
90,Balat,CWC,17,Meghalaya,658,South West Khasi Hills,Ranikor,-,-,umngi,Minor rivers draining into Myanmar and Bangladesh,-,-,-,umngi,25.22388889,91.35527778,28-02-2026 09:00,18.54,69.053,,12.26
91,Balat,CWC,17,Meghalaya,658,South West Khasi Hills,Ranikor,-,-,umngi,Minor rivers draining into Myanmar and Bangladesh,-,-,-,umngi,25.22388889,91.35527778,01-03-2026 08:00,18.54,,,11.905
92,Balat,CWC,17,Meghalaya,658,South West Khasi Hills,Ranikor,-,-,umngi,Minor rivers draining into Myanmar and Bangladesh,-,-,-,umngi,25.22388889,91.35527778,01-03-2026 08:30,18.54,,,10.593
93,Balat,CWC,17,Meghalaya,658,South West Khasi Hills,Ranikor,-,-,umngi,Minor rivers draining into Myanmar and Bangladesh,-,-,-,umngi,25.22388889,91.35527778,02-03-2026 08:30,18.54,68.302,0.348,10.593
94,Balat,CWC,17,Meghalaya,658,South West Khasi Hills,Ranikor,-,-,umngi,Minor rivers draining into Myanmar and Bangladesh,-,-,-,umngi,25.22388889,91.35527778,02-03-2026 09:00,18.54,68.303,0.348,11.906
95,Balat,CWC,17,Meghalaya,658,South West Khasi Hills,Ranikor,-,-,umngi,Minor rivers draining into Myanmar and Bangladesh,-,-,-,umngi,25.22388889,91.35527778,03-03-2026 08:00,18.54,,,11.906
96,Balat,CWC,17,Meghalaya,658,South West Khasi Hills,Ranikor,-,-,umngi,Minor rivers draining into Myanmar and Bangladesh,-,-,-,umngi,25.22388889,91.35527778,03-03-2026 08:30,18.53,,,10.495
97,Balat,CWC,17,Meghalaya,658,South West Khasi Hills,Ranikor,-,-,umngi,Minor rivers draining into Myanmar and Bangladesh,-,-,-,umngi,25.22388889,91.35527778,04-03-2026 08:00,18.54,,,11.905
98,Balat,CWC,17,Meghalaya,658,South West Khasi Hills,Ranikor,-,-,umngi,Minor rivers draining into Myanmar and Bangladesh,-,-,-,umngi,25.22388889,91.35527778,04-03-2026 08:30,18.53,,,10.4
99,Balat,CWC,17,Meghalaya,658,South West Khasi Hills,Ranikor,-,-,umngi,Minor rivers draining into Myanmar and Bangladesh,-,-,-,umngi,25.22388889,91.35527778,05-03-2026 08:30,18.53,67.552,0.348,10.363
100,Balat,CWC,17,Meghalaya,658,South West Khasi Hills,Ranikor,-,-,umngi,Minor rivers draining into Myanmar and Bangladesh,-,-,-,umngi,25.22388889,91.35527778,05-03-2026 09:00,18.53,67.552,0.348,11.649
101,Balat,CWC,17,Meghalaya,658,South West Khasi Hills,Ranikor,-,-,umngi,Minor rivers draining into Myanmar and Bangladesh,-,-,-,umngi,25.22388889,91.35527778,06-03-2026 08:30,18.53,67.552,0.348,10.363
102,Balat,CWC,17,Meghalaya,658,South West Khasi Hills,Ranikor,-,-,umngi,Minor rivers draining into Myanmar and Bangladesh,-,-,-,umngi,25.22388889,91.35527778,06-03-2026 09:00,18.53,67.552,0.348,11.649
103,Balat,CWC,17,Meghalaya,658,South West Khasi Hills,Ranikor,-,-,umngi,Minor rivers draining into Myanmar and Bangladesh,-,-,-,umngi,25.22388889,91.35527778,07-03-2026 08:30,18.53,67.552,0.348,10.363
104,Balat,CWC,17,Meghalaya,658,South West Khasi Hills,Ranikor,-,-,umngi,Minor rivers draining into Myanmar and Bangladesh,-,-,-,umngi,25.22388889,91.35527778,07-03-2026 09:00,18.53,67.552,,11.649
105,Balat,CWC,17,Meghalaya,658,South West Khasi Hills,Ranikor,-,-,umngi,Minor rivers draining into Myanmar and Bangladesh,-,-,-,umngi,25.22388889,91.35527778,08-03-2026 08:30,18.53,,,10.363
106,Balat,CWC,17,Meghalaya,658,South West Khasi Hills,Ranikor,-,-,umngi,Minor rivers draining into Myanmar and Bangladesh,-,-,-,umngi,25.22388889,91.35527778,08-03-2026 09:00,18.53,,,11.649
107,Balat,CWC,17,Meghalaya,658,South West Khasi Hills,Ranikor,-,-,umngi,Minor rivers draining into Myanmar and Bangladesh,-,-,-,umngi,25.22388889,91.35527778,09-03-2026 08:30,18.53,67.552,0.348,10.363
108,Balat,CWC,17,Meghalaya,658,South West Khasi Hills,Ranikor,-,-,umngi,Minor rivers draining into Myanmar and Bangladesh,-,-,-,umngi,25.22388889,91.35527778,09-03-2026 09:00,18.53,67.552,0.348,11.649
109,Balat,CWC,17,Meghalaya,658,South West Khasi Hills,Ranikor,-,-,umngi,Minor rivers draining into Myanmar and Bangladesh,-,-,-,umngi,25.22388889,91.35527778,10-03-2026 08:30,18.53,67.552,0.348,10.363
110,Balat,CWC,17,Meghalaya,658,South West Khasi Hills,Ranikor,-,-,umngi,Minor rivers draining into Myanmar and Bangladesh,-,-,-,umngi,25.22388889,91.35527778,10-03-2026 09:00,18.53,67.552,0.348,11.649
111,Balat,CWC,17,Meghalaya,658,South West Khasi Hills,Ranikor,-,-,umngi,Minor rivers draining into Myanmar and Bangladesh,-,-,-,umngi,25.22388889,91.35527778,11-03-2026 08:30,18.53,67.029,0.348,10.141
112,Balat,CWC,17,Meghalaya,658,South West Khasi Hills,Ranikor,-,-,umngi,Minor rivers draining into Myanmar and Bangladesh,-,-,-,umngi,25.22388889,91.35527778,11-03-2026 09:00,18.53,67.029,0.145,11.397
113,Balat,CWC,17,Meghalaya,658,South West Khasi Hills,Ranikor,-,-,umngi,Minor rivers draining into Myanmar and Bangladesh,-,-,-,umngi,25.22388889,91.35527778,12-03-2026 08:30,18.53,67.029,0.348,10.141
114,Balat,CWC,17,Meghalaya,658,South West Khasi Hills,Ranikor,-,-,umngi,Minor rivers draining into Myanmar and Bangladesh,-,-,-,umngi,25.22388889,91.35527778,12-03-2026 09:00,18.53,67.029,0.145,11.397
115,Balat,CWC,17,Meghalaya,658,South West Khasi Hills,Ranikor,-,-,umngi,Minor rivers draining into Myanmar and Bangladesh,-,-,-,umngi,25.22388889,91.35527778,13-03-2026 08:30,18.53,67.029,0.348,10.141
116,Balat,CWC,17,Meghalaya,658,South West Khasi Hills,Ranikor,-,-,umngi,Minor rivers draining into Myanmar and Bangladesh,-,-,-,umngi,25.22388889,91.35527778,13-03-2026 09:00,18.53,67.029,,11.397
117,Balat,CWC,17,Meghalaya,658,South West Khasi Hills,Ranikor,-,-,umngi,Minor rivers draining into Myanmar and Bangladesh,-,-,-,umngi,25.22388889,91.35527778,14-03-2026 08:30,18.53,67.029,0.348,10.141
118,Balat,CWC,17,Meghalaya,658,South West Khasi Hills,Ranikor,-,-,umngi,Minor rivers draining into Myanmar and Bangladesh,-,-,-,umngi,25.22388889,91.35527778,14-03-2026 09:00,18.53,67.029,,11.397
119,Balat,CWC,17,Meghalaya,658,South West Khasi Hills,Ranikor,-,-,umngi,Minor rivers draining into Myanmar and Bangladesh,-,-,-,umngi,25.22388889,91.35527778,15-03-2026 08:00,18.55,,,11.509
120,Balat,CWC,17,Meghalaya,658,South West Khasi Hills,Ranikor,-,-,umngi,Minor rivers draining into Myanmar and Bangladesh,-,-,-,umngi,25.22388889,91.35527778,15-03-2026 08:30,18.53,,,10.141
121,Balat,CWC,17,Meghalaya,658,South West Khasi Hills,Ranikor,-,-,umngi,Minor rivers draining into Myanmar and Bangladesh,-,-,-,umngi,25.22388889,91.35527778,16-03-2026 08:30,18.59,67.976,0.365,10.504
122,Balat,CWC,17,Meghalaya,658,South West Khasi Hills,Ranikor,-,-,umngi,Minor rivers draining into Myanmar and Bangladesh,-,-,-,umngi,25.22388889,91.35527778,16-03-2026 09:00,18.58,67.976,0.365,11.807
123,Balat,CWC,17,Meghalaya,658,South West Khasi Hills,Ranikor,-,-,umngi,Minor rivers draining into Myanmar and Bangladesh,-,-,-,umngi,25.22388889,91.35527778,17-03-2026 08:30,18.55,68.076,0.365,10.644
124,Balat,CWC,17,Meghalaya,658,South West Khasi Hills,Ranikor,-,-,umngi,Minor rivers draining into Myanmar and Bangladesh,-,-,-,umngi,25.22388889,91.35527778,17-03-2026 09:00,18.57,68.054,0.365,11.959
125,Balat,CWC,17,Meghalaya,658,South West Khasi Hills,Ranikor,-,-,umngi,Minor rivers draining into Myanmar and Bangladesh,-,-,-,umngi,25.22388889,91.35527778,18-03-2026 08:30,18.54,68.302,0.348,10.593
126,Balat,CWC,17,Meghalaya,658,South West Khasi Hills,Ranikor,-,-,umngi,Minor rivers draining into Myanmar and Bangladesh,-,-,-,umngi,25.22388889,91.35527778,18-03-2026 09:00,18.54,68.303,0.348,11.906
127,Balat,CWC,17,Meghalaya,658,South West Khasi Hills,Ranikor,-,-,umngi,Minor rivers draining into Myanmar and Bangladesh,-,-,-,umngi,25.22388889,91.35527778,19-03-2026 08:00,18.54,,,11.906
128,Balat,CWC,17,Meghalaya,658,South West Khasi Hills,Ranikor,-,-,umngi,Minor rivers draining into Myanmar and Bangladesh,-,-,-,umngi,25.22388889,91.35527778,19-03-2026 08:30,18.54,,,10.593
129,Balat,CWC,17,Meghalaya,658,South West Khasi Hills,Ranikor,-,-,umngi,Minor rivers draining into Myanmar and Bangladesh,-,-,-,umngi,25.22388889,91.35527778,20-03-2026 08:00,18.54,,,11.906
130,Balat,CWC,17,Meghalaya,658,South West Khasi Hills,Ranikor,-,-,umngi,Minor rivers draining into Myanmar and Bangladesh,-,-,-,umngi,25.22388889,91.35527778,20-03-2026 08:30,18.54,,,10.593
131,Balat,CWC,17,Meghalaya,658,South West Khasi Hills,Ranikor,-,-,umngi,Minor rivers draining into Myanmar and Bangladesh,-,-,-,umngi,25.22388889,91.35527778,21-03-2026 08:00,18.54,,,11.906
132,Balat,CWC,17,Meghalaya,658,South West Khasi Hills,Ranikor,-,-,umngi,Minor rivers draining into Myanmar and Bangladesh,-,-,-,umngi,25.22388889,91.35527778,21-03-2026 08:30,18.54,,,10.591
133,Balat,CWC,17,Meghalaya,658,South West Khasi Hills,Ranikor,-,-,umngi,Minor rivers draining into Myanmar and Bangladesh,-,-,-,umngi,25.22388889,91.35527778,22-03-2026 08:00,18.54,,,11.906
134,Balat,CWC,17,Meghalaya,658,South West Khasi Hills,Ranikor,-,-,umngi,Minor rivers draining into Myanmar and Bangladesh,-,-,-,umngi,25.22388889,91.35527778,22-03-2026 08:30,18.54,,,10.589
135,Balat,CWC,17,Meghalaya,658,South West Khasi Hills,Ranikor,-,-,umngi,Minor rivers draining into Myanmar and Bangladesh,-,-,-,umngi,25.22388889,91.35527778,23-03-2026 08:30,18.54,68.302,0.348,10.593
136,Balat,CWC,17,Meghalaya,658,South West Khasi Hills,Ranikor,-,-,umngi,Minor rivers draining into Myanmar and Bangladesh,-,-,-,umngi,25.22388889,91.35527778,23-03-2026 09:00,18.54,68.303,0.348,11.906
137,Balat,CWC,17,Meghalaya,658,South West Khasi Hills,Ranikor,-,-,umngi,Minor rivers draining into Myanmar and Bangladesh,-,-,-,umngi,25.22388889,91.35527778,24-03-2026 08:30,18.54,68.302,0.348,10.593
138,Balat,CWC,17,Meghalaya,658,South West Khasi Hills,Ranikor,-,-,umngi,Minor rivers draining into Myanmar and Bangladesh,-,-,-,umngi,25.22388889,91.35527778,24-03-2026 09:00,18.54,68.303,0.348,11.906
139,Balat,CWC,17,Meghalaya,658,South West Khasi Hills,Ranikor,-,-,umngi,Minor rivers draining into Myanmar and Bangladesh,-,-,-,umngi,25.22388889,91.35527778,25-03-2026 08:30,18.53,67.552,0.48,10.363
140,Balat,CWC,17,Meghalaya,658,South West Khasi Hills,Ranikor,-,-,umngi,Minor rivers draining into Myanmar and Bangladesh,-,-,-,umngi,25.22388889,91.35527778,25-03-2026 09:00,18.53,67.552,0.196,11.649
141,Balat,CWC,17,Meghalaya,658,South West Khasi Hills,Ranikor,-,-,umngi,Minor rivers draining into Myanmar and Bangladesh,-,-,-,umngi,25.22388889,91.35527778,26-03-2026 08:00,18.53,,,11.649
142,Balat,CWC,17,Meghalaya,658,South West Khasi Hills,Ranikor,-,-,umngi,Minor rivers draining into Myanmar and Bangladesh,-,-,-,umngi,25.22388889,91.35527778,26-03-2026 08:30,18.53,,,10.363
143,Balat,CWC,17,Meghalaya,658,South West Khasi Hills,Ranikor,-,-,umngi,Minor rivers draining into Myanmar and Bangladesh,-,-,-,umngi,25.22388889,91.35527778,27-03-2026 08:30,18.53,67.552,0.48,10.363
144,Balat,CWC,17,Meghalaya,658,South West Khasi Hills,Ranikor,-,-,umngi,Minor rivers draining into Myanmar and Bangladesh,-,-,-,umngi,25.22388889,91.35527778,27-03-2026 09:00,18.53,67.552,0.348,11.649
145,Balat,CWC,17,Meghalaya,658,South West Khasi Hills,Ranikor,-,-,umngi,Minor rivers draining into Myanmar and Bangladesh,-,-,-,umngi,25.22388889,91.35527778,28-03-2026 08:30,18.53,67.552,0.48,10.363
146,Balat,CWC,17,Meghalaya,658,South West Khasi Hills,Ranikor,-,-,umngi,Minor rivers draining into Myanmar and Bangladesh,-,-,-,umngi,25.22388889,91.35527778,28-03-2026 09:00,18.555,67.552,0.348,11.649
147,Balat,CWC,17,Meghalaya,658,South West Khasi Hills,Ranikor,-,-,umngi,Minor rivers draining into Myanmar and Bangladesh,-,-,-,umngi,25.22388889,91.35527778,29-03-2026 08:00,18.55,,,11.649
148,Balat,CWC,17,Meghalaya,658,South West Khasi Hills,Ranikor,-,-,umngi,Minor rivers draining into Myanmar and Bangladesh,-,-,-,umngi,25.22388889,91.35527778,29-03-2026 08:30,18.54,,,10.526
149,Balat,CWC,17,Meghalaya,658,South West Khasi Hills,Ranikor,-,-,umngi,Minor rivers draining into Myanmar and Bangladesh,-,-,-,umngi,25.22388889,91.35527778,30-03-2026 08:30,18.55,68.702,0.48,10.718
150,Balat,CWC,17,Meghalaya,658,South West Khasi Hills,Ranikor,-,-,umngi,Minor rivers draining into Myanmar and Bangladesh,-,-,-,umngi,25.22388889,91.35527778,30-03-2026 09:00,18.55,68.703,0.348,12.041
151,Balat,CWC,17,Meghalaya,658,South West Khasi Hills,Ranikor,-,-,umngi,Minor rivers draining into Myanmar and Bangladesh,-,-,-,umngi,25.22388889,91.35527778,31-03-2026 08:00,18.55,,,12.041
152,Balat,CWC,17,Meghalaya,658,South West Khasi Hills,Ranikor,-,-,umngi,Minor rivers draining into Myanmar and Bangladesh,-,-,-,umngi,25.22388889,91.35527778,31-03-2026 08:30,18.55,,,10.702
153,Balat,CWC,17,Meghalaya,658,South West Khasi Hills,Ranikor,-,-,umngi,Minor rivers draining into Myanmar and Bangladesh,-,-,-,umngi,25.22388889,91.35527778,01-04-2026 09:00,18.57,,,11.59
154,Balat,CWC,17,Meghalaya,658,South West Khasi Hills,Ranikor,-,-,umngi,Minor rivers draining into Myanmar and Bangladesh,-,-,-,umngi,25.22388889,91.35527778,02-04-2026 09:00,18.57,68.803,0.331,11.594
155,Balat,CWC,17,Meghalaya,658,South West Khasi Hills,Ranikor,-,-,umngi,Minor rivers draining into Myanmar and Bangladesh,-,-,-,umngi,25.22388889,91.35527778,03-04-2026 09:00,18.55,0,,11.58
156,Balat,CWC,17,Meghalaya,658,South West Khasi Hills,Ranikor,-,-,umngi,Minor rivers draining into Myanmar and Bangladesh,-,-,-,umngi,25.22388889,91.35527778,04-04-2026 09:00,18.55,67.552,0.331,11
157,Balat,CWC,17,Meghalaya,658,South West Khasi Hills,Ranikor,-,-,umngi,Minor rivers draining into Myanmar and Bangladesh,-,-,-,umngi,25.22388889,91.35527778,05-04-2026 08:00,18.55,,,11.25
158,Balat,CWC,17,Meghalaya,658,South West Khasi Hills,Ranikor,-,-,umngi,Minor rivers draining into Myanmar and Bangladesh,-,-,-,umngi,25.22388889,91.35527778,06-04-2026 09:00,18.55,67.552,0.331,11
159,Balat,CWC,17,Meghalaya,658,South West Khasi Hills,Ranikor,-,-,umngi,Minor rivers draining into Myanmar and Bangladesh,-,-,-,umngi,25.22388889,91.35527778,07-04-2026 09:00,18.58,83.871,0.397,15.958
160,Balat,CWC,17,Meghalaya,658,South West Khasi Hills,Ranikor,-,-,umngi,Minor rivers draining into Myanmar and Bangladesh,-,-,-,umngi,25.22388889,91.35527778,08-04-2026 09:00,18.6,96.57,0.413,19.656
161,Balat,CWC,17,Meghalaya,658,South West Khasi Hills,Ranikor,-,-,umngi,Minor rivers draining into Myanmar and Bangladesh,-,-,-,umngi,25.22388889,91.35527778,09-04-2026 09:00,18.57,78.394,0.397,15.473
162,Balat,CWC,17,Meghalaya,658,South West Khasi Hills,Ranikor,-,-,umngi,Minor rivers draining into Myanmar and Bangladesh,-,-,-,umngi,25.22388889,91.35527778,10-04-2026 09:00,18.56,67.543,0.331,11
163,Balat,CWC,17,Meghalaya,658,South West Khasi Hills,Ranikor,-,-,umngi,Minor rivers draining into Myanmar and Bangladesh,-,-,-,umngi,25.22388889,91.35527778,11-04-2026 09:00,18.56,67.543,0.331,11
164,Balat,CWC,17,Meghalaya,658,South West Khasi Hills,Ranikor,-,-,umngi,Minor rivers draining into Myanmar and Bangladesh,-,-,-,umngi,25.22388889,91.35527778,12-04-2026 09:00,18.56,65.0425,0.33105,10.205
165,Balat,CWC,17,Meghalaya,658,South West Khasi Hills,Ranikor,-,-,umngi,Minor rivers draining into Myanmar and Bangladesh,-,-,-,umngi,25.22388889,91.35527778,13-04-2026 09:00,18.56,65.993,0.331,10.205
166,Balat,CWC,17,Meghalaya,658,South West Khasi Hills,Ranikor,-,-,umngi,Minor rivers draining into Myanmar and Bangladesh,-,-,-,umngi,25.22388889,91.35527778,14-04-2026 09:00,18.64,96.57,0.413,18.075
167,Balat,CWC,17,Meghalaya,658,South West Khasi Hills,Ranikor,-,-,umngi,Minor rivers draining into Myanmar and Bangladesh,-,-,-,umngi,25.22388889,91.35527778,15-04-2026 09:00,18.62,83.871,0.413,13.664
168,Balat,CWC,17,Meghalaya,658,South West Khasi Hills,Ranikor,-,-,umngi,Minor rivers draining into Myanmar and Bangladesh,-,-,-,umngi,25.22388889,91.35527778,16-04-2026 09:00,18.6,78.394,0.364,13.177
169,Balat,CWC,17,Meghalaya,658,South West Khasi Hills,Ranikor,-,-,umngi,Minor rivers draining into Myanmar and Bangladesh,-,-,-,umngi,25.22388889,91.35527778,17-04-2026 09:00,18.59,83.616,0.357,14.671
170,Balat,CWC,17,Meghalaya,658,South West Khasi Hills,Ranikor,-,-,umngi,Minor rivers draining into Myanmar and Bangladesh,-,-,-,umngi,25.22388889,91.35527778,18-04-2026 09:00,18.58,67.562,0.324,12.26
171,Balat,CWC,17,Meghalaya,658,South West Khasi Hills,Ranikor,-,-,umngi,Minor rivers draining into Myanmar and Bangladesh,-,-,-,umngi,25.22388889,91.35527778,19-04-2026 09:00,18.58,,,12.35
172,Balat,CWC,17,Meghalaya,658,South West Khasi Hills,Ranikor,-,-,umngi,Minor rivers draining into Myanmar and Bangladesh,-,-,-,umngi,25.22388889,91.35527778,20-04-2026 09:00,18.58,67.562,0.324,12.5
173,Balat,CWC,17,Meghalaya,658,South West Khasi Hills,Ranikor,-,-,umngi,Minor rivers draining into Myanmar and Bangladesh,-,-,-,umngi,25.22388889,91.35527778,21-04-2026 09:00,19.21,103.582,0.366,40.35
174,Balat,CWC,17,Meghalaya,658,South West Khasi Hills,Ranikor,-,-,umngi,Minor rivers draining into Myanmar and Bangladesh,-,-,-,umngi,25.22388889,91.35527778,22-04-2026 09:00,19.16,78.159,0.324,35.5
175,Balat,CWC,17,Meghalaya,658,South West Khasi Hills,Ranikor,-,-,umngi,Minor rivers draining into Myanmar and Bangladesh,-,-,-,umngi,25.22388889,91.35527778,23-04-2026 09:00,19.07,72.215,0.357,35.35
176,Balat,CWC,17,Meghalaya,658,South West Khasi Hills,Ranikor,-,-,umngi,Minor rivers draining into Myanmar and Bangladesh,-,-,-,umngi,25.22388889,91.35527778,24-04-2026 09:00,19.03,83.657,0.275,35.2
177,Balat,CWC,17,Meghalaya,658,South West Khasi Hills,Ranikor,-,-,umngi,Minor rivers draining into Myanmar and Bangladesh,-,-,-,umngi,25.22388889,91.35527778,25-04-2026 09:00,18.86,71.161,0.275,32.4
178,Balat,CWC,17,Meghalaya,658,South West Khasi Hills,Ranikor,-,-,umngi,Minor rivers draining into Myanmar and Bangladesh,-,-,-,umngi,25.22388889,91.35527778,26-04-2026 08:00,18.9,,,32.24
179,Balat,CWC,17,Meghalaya,658,South West Khasi Hills,Ranikor,-,-,umngi,Minor rivers draining into Myanmar and Bangladesh,-,-,-,umngi,25.22388889,91.35527778,27-04-2026 09:00,18.95,73.03,0.275,32.63
180,Balat,CWC,17,Meghalaya,658,South West Khasi Hills,Ranikor,-,-,umngi,Minor rivers draining into Myanmar and Bangladesh,-,-,-,umngi,25.22388889,91.35527778,28-04-2026 09:00,18.97,101.785,0.439,36.25
181,Balat,CWC,17,Meghalaya,658,South West Khasi Hills,Ranikor,-,-,umngi,Minor rivers draining into Myanmar and Bangladesh,-,-,-,umngi,25.22388889,91.35527778,29-04-2026 09:00,19.21,98.78,0.357,40.32
182,Balat,CWC,17,Meghalaya,658,South West Khasi Hills,Ranikor,-,-,umngi,Minor rivers draining into Myanmar and Bangladesh,-,-,-,umngi,25.22388889,91.35527778,30-04-2026 09:00,18.97,75.037,0.275,34.15
183,Balat,CWC,17,Meghalaya,658,South West Khasi Hills,Ranikor,-,-,umngi,Minor rivers draining into Myanmar and Bangladesh,-,-,-,umngi,25.22388889,91.35527778,01-05-2026 08:00,18.99,76.381,0.275,35.42
184,Balat,CWC,17,Meghalaya,658,South West Khasi Hills,Ranikor,-,-,umngi,Minor rivers draining into Myanmar and Bangladesh,-,-,-,umngi,25.22388889,91.35527778,02-05-2026 08:00,18.865,75.916,0.275,32.4
185,Balat,CWC,17,Meghalaya,658,South West Khasi Hills,Ranikor,-,-,umngi,Minor rivers draining into Myanmar and Bangladesh,-,-,-,umngi,25.22388889,91.35527778,03-05-2026 08:00,18.759,,,31.32
186,Balat,CWC,17,Meghalaya,658,South West Khasi Hills,Ranikor,-,-,umngi,Minor rivers draining into Myanmar and Bangladesh,-,-,-,umngi,25.22388889,91.35527778,04-05-2026 08:00,18.63,75.16,0.275,20.25
187,Balat,CWC,17,Meghalaya,658,South West Khasi Hills,Ranikor,-,-,umngi,Minor rivers draining into Myanmar and Bangladesh,-,-,-,umngi,25.22388889,91.35527778,05-05-2026 08:00,18.47,74.381,0.258,9.859
188,Balat,CWC,17,Meghalaya,658,South West Khasi Hills,Ranikor,-,-,umngi,Minor rivers draining into Myanmar and Bangladesh,-,-,-,umngi,25.22388889,91.35527778,06-05-2026 08:00,18.44,74.031,0.258,9.639
189,Balat,CWC,17,Meghalaya,658,South West Khasi Hills,Ranikor,-,-,umngi,Minor rivers draining into Myanmar and Bangladesh,-,-,-,umngi,25.22388889,91.35527778,07-05-2026 08:00,18.585,74.83,0.275,9.944
190,Balat,CWC,17,Meghalaya,658,South West Khasi Hills,Ranikor,-,-,umngi,Minor rivers draining into Myanmar and Bangladesh,-,-,-,umngi,25.22388889,91.35527778,08-05-2026 08:00,18.54,74.63,0.275,9.899
191,Balat,CWC,17,Meghalaya,658,South West Khasi Hills,Ranikor,-,-,umngi,Minor rivers draining into Myanmar and Bangladesh,-,-,-,umngi,25.22388889,91.35527778,09-05-2026 08:00,18.5,,,9.852
192,Balat,CWC,17,Meghalaya,658,South West Khasi Hills,Ranikor,-,-,umngi,Minor rivers draining into Myanmar and Bangladesh,-,-,-,umngi,25.22388889,91.35527778,10-05-2026 08:00,18.48,,,9.726
193,Balat,CWC,17,Meghalaya,658,South West Khasi Hills,Ranikor,-,-,umngi,Minor rivers draining into Myanmar and Bangladesh,-,-,-,umngi,25.22388889,91.35527778,11-05-2026 08:00,18.46,74.23,0.258,9.629
194,Balat,CWC,17,Meghalaya,658,South West Khasi Hills,Ranikor,-,-,umngi,Minor rivers draining into Myanmar and Bangladesh,-,-,-,umngi,25.22388889,91.35527778,12-05-2026 08:00,18.41,73.98,0.258,9.469
195,Balat,CWC,17,Meghalaya,658,South West Khasi Hills,Ranikor,-,-,umngi,Minor rivers draining into Myanmar and Bangladesh,-,-,-,umngi,25.22388889,91.35527778,13-05-2026 08:00,18.66,75.16,0.275,10.23
196,Balat,CWC,17,Meghalaya,658,South West Khasi Hills,Ranikor,-,-,umngi,Minor rivers draining into Myanmar and Bangladesh,-,-,-,umngi,25.22388889,91.35527778,14-05-2026 08:00,18.63,75.16,0.275,20.35
197,Balat,CWC,17,Meghalaya,658,South West Khasi Hills,Ranikor,-,-,umngi,Minor rivers draining into Myanmar and Bangladesh,-,-,-,umngi,25.22388889,91.35527778,15-05-2026 08:00,19.195,76.81,0.275,40.25
198,Balat,CWC,17,Meghalaya,658,South West Khasi Hills,Ranikor,-,-,umngi,Minor rivers draining into Myanmar and Bangladesh,-,-,-,umngi,25.22388889,91.35527778,16-05-2026 08:00,19.302,,,55.25
199,Balat,CWC,17,Meghalaya,658,South West Khasi Hills,Ranikor,-,-,umngi,Minor rivers draining into Myanmar and Bangladesh,-,-,-,umngi,25.22388889,91.35527778,17-05-2026 08:00,19.45,,,66.95
200,Balat,CWC,17,Meghalaya,658,South West Khasi Hills,Ranikor,-,-,umngi,Minor rivers draining into Myanmar and Bangladesh,-,-,-,umngi,25.22388889,91.35527778,18-05-2026 08:00,19.52,198.7,0.422,55.25
201,Balat,CWC,17,Meghalaya,658,South West Khasi Hills,Ranikor,-,-,umngi,Minor rivers draining into Myanmar and Bangladesh,-,-,-,umngi,25.22388889,91.35527778,19-05-2026 08:00,19.435,197.027,0.542,68.25
202,Balat,CWC,17,Meghalaya,658,South West Khasi Hills,Ranikor,-,-,umngi,Minor rivers draining into Myanmar and Bangladesh,-,-,-,umngi,25.22388889,91.35527778,20-05-2026 08:00,19.39,195.909,0.542,60.149
203,Balat,CWC,17,Meghalaya,658,South West Khasi Hills,Ranikor,-,-,umngi,Minor rivers draining into Myanmar and Bangladesh,-,-,-,umngi,25.22388889,91.35527778,21-05-2026 08:00,19.34,194.852,0.542,58.728
204,Balat,CWC,17,Meghalaya,658,South West Khasi Hills,Ranikor,-,-,umngi,Minor rivers draining into Myanmar and Bangladesh,-,-,-,umngi,25.22388889,91.35527778,22-05-2026 08:00,19.42,196.627,0.542,60.451
205,Balat,CWC,17,Meghalaya,658,South West Khasi Hills,Ranikor,-,-,umngi,Minor rivers draining into Myanmar and Bangladesh,-,-,-,umngi,25.22388889,91.35527778,23-05-2026 08:00,19.425,196.327,0.542,60.036
206,Balat,CWC,17,Meghalaya,658,South West Khasi Hills,Ranikor,-,-,umngi,Minor rivers draining into Myanmar and Bangladesh,-,-,-,umngi,25.22388889,91.35527778,24-05-2026 08:00,19.45,,,68.65
207,Balat,CWC,17,Meghalaya,658,South West Khasi Hills,Ranikor,-,-,umngi,Minor rivers draining into Myanmar and Bangladesh,-,-,-,umngi,25.22388889,91.35527778,25-05-2026 08:00,19.49,197.758,0.542,63.589
208,Balat,CWC,17,Meghalaya,658,South West Khasi Hills,Ranikor,-,-,umngi,Minor rivers draining into Myanmar and Bangladesh,-,-,-,umngi,25.22388889,91.35527778,26-05-2026 08:00,19.665,199.38,0.607,67.436
209,Balat,CWC,17,Meghalaya,658,South West Khasi Hills,Ranikor,-,-,umngi,Minor rivers draining into Myanmar and Bangladesh,-,-,-,umngi,25.22388889,91.35527778,27-05-2026 08:00,19.625,198.585,0.586,65.676
210,Balat,CWC,17,Meghalaya,658,South West Khasi Hills,Ranikor,-,-,umngi,Minor rivers draining into Myanmar and Bangladesh,-,-,-,umngi,25.22388889,91.35527778,28-05-2026 08:00,19.6,,,63.259
211,Balat,CWC,17,Meghalaya,658,South West Khasi Hills,Ranikor,-,-,umngi,Minor rivers draining into Myanmar and Bangladesh,-,-,-,umngi,25.22388889,91.35527778,29-05-2026 08:00,19.57,187.687,0.564,62.437
212,Balat,CWC,17,Meghalaya,658,South West Khasi Hills,Ranikor,-,-,umngi,Minor rivers draining into Myanmar and Bangladesh,-,-,-,umngi,25.22388889,91.35527778,30-05-2026 08:00,19.52,197.029,0.542,62.371
213,Balat,CWC,17,Meghalaya,658,South West Khasi Hills,Ranikor,-,-,umngi,Minor rivers draining into Myanmar and Bangladesh,-,-,-,umngi,25.22388889,91.35527778,31-05-2026 08:00,19.52,,,62.123
214,Balat,CWC,17,Meghalaya,658,South West Khasi Hills,Ranikor,-,-,umngi,Minor rivers draining into Myanmar and Bangladesh,-,-,-,umngi,25.22388889,91.35527778,27-06-2026 09:00,18.64,96.57,0.41291252,21.297747
